cell_specimen_id,cre_line,omitted,exposure_level,mean_trace,mouse_id
1086489847,Vip-IRES-Cre,False,familiar,"[-6.02026275e-05 -3.11121364e-04 -2.59943440e-03 -2.20682935e-03
 -6.87014090e-04  7.10043514e-04  7.83535475e-04  7.78230358e-04
  2.78988320e-03  9.90421077e-04  1.97586214e-03 -4.06297451e-04
 -1.97197456e-03 -4.16029266e-04  2.56117303e-04 -5.73042325e-04
 -1.33988162e-03 -5.47084656e-04 -1.07272123e-03 -3.07579246e-03
 -5.96653827e-04  1.77579593e-03  9.12053924e-04  9.65204767e-04
  1.13889799e-04  5.29741061e-04 -6.42261894e-05 -7.64649929e-04
  1.30899294e-03  2.80318386e-03  3.99726583e-03  2.59943486e-03
 -2.79174848e-04  1.06388766e-03  3.13850160e-03  2.62586558e-03
  3.77944188e-03  7.08886788e-04  2.31459697e-03  6.61101246e-03
  5.64261876e-03  6.54873362e-03  6.09981016e-03  3.41965982e-03
  5.28012805e-04  2.07421762e-03  4.93008642e-04  3.78541133e-03
  1.45197716e-03  1.76449378e-03  3.59085247e-03  6.67391447e-04
  2.22492173e-03  2.86704966e-03  3.36754422e-03  3.54981792e-03
  2.38672067e-03  1.59788087e-03  1.61905152e-03 -3.25720259e-03
 -3.81607962e-03  2.58371437e-04 -1.79910344e-03 -2.88776383e-03
  3.69372369e-04 -2.31132491e-03 -3.66228479e-04  2.71588499e-03
 -1.18119288e-03  6.78413385e-04 -2.07668544e-03 -2.61547683e-04
  1.27167897e-04  2.04374392e-03 -2.20602381e-03 -2.20602381e-03
 -2.20602381e-03 -2.20602381e-03 -2.20602381e-03 -2.20602381e-03
 -2.20602381e-03 -2.20602381e-03 -2.20602381e-03 -2.20602381e-03
 -2.20602381e-03 -2.20602381e-03 -2.20602381e-03 -2.20602381e-03
 -2.20602381e-03 -2.20602381e-03]",486737
1086489847,Vip-IRES-Cre,False,novel,"[ 2.08848464e-03  2.51276220e-03  6.04063603e-03  3.56148180e-03
  2.91257869e-03  2.97284162e-03 -2.09746108e-05 -2.25470159e-04
 -3.74182773e-04 -2.95347879e-03 -6.13456474e-03 -3.92343539e-03
  1.05311641e-03  1.71616477e-03  3.04420283e-03  2.32202488e-03
  6.23525561e-04  1.05920810e-04 -1.47963700e-05  1.37879818e-04
 -1.18340892e-04 -3.50891621e-03  1.52079878e-03 -1.52014409e-03
 -5.30962036e-03  2.37717825e-03 -1.99932368e-04 -3.44641341e-03
 -3.85107913e-03 -1.38824781e-03 -2.85040578e-03 -5.89369710e-03
 -6.88394668e-03 -6.29978540e-03 -1.53812960e-03  5.46851690e-03
  1.00006386e-02  1.56079164e-02  1.93844057e-02  1.68245091e-02
  1.86573241e-02  2.16737053e-02  2.07917499e-02  2.69066844e-02
  2.39746728e-02  2.18869080e-02  2.75102494e-02  2.75888849e-02
  2.06671182e-02  2.30359175e-02  1.79221264e-02  1.75239631e-02
  1.42502660e-02  8.00628557e-03  5.70777075e-03  4.18640386e-03
  4.40703295e-03  5.44465738e-03  9.62695489e-03  1.10660137e-02
  1.23865742e-02  1.04171239e-02  1.54638003e-02  1.35035522e-02
  1.45314300e-02  1.32850830e-02  1.78026035e-02  1.21919442e-02
  1.36771252e-02  1.05272664e-02  1.33298077e-02  6.59821338e-03
  8.08084788e-03  7.49623848e-03 -2.68615117e-04 -2.68615117e-04
 -2.68615117e-04 -2.68615117e-04 -2.68615117e-04 -2.68615117e-04
 -2.68615117e-04 -2.68615117e-04 -2.68615117e-04 -2.68615117e-04
 -2.68615117e-04 -2.68615117e-04 -2.68615117e-04 -2.68615117e-04
 -2.68615117e-04 -2.68615117e-04]",486737
1086489847,Vip-IRES-Cre,True,familiar,"[-9.40227360e-04 -7.07825895e-04  1.33677318e-03  7.02560787e-04
  4.09184958e-04  5.25365575e-04  1.17501188e-03  1.16924010e-03
 -3.54459956e-04  2.33130554e-03  2.33602813e-03  1.90477805e-04
  1.46125701e-03  2.09016514e-03  1.38256697e-03  1.90057012e-03
  8.40342443e-04  2.30299941e-03  1.74514367e-03 -6.64394541e-04
 -3.84701274e-04 -1.13545874e-03 -3.22113299e-03 -5.54606181e-03
 -3.00361217e-03 -2.67458406e-03 -2.91684613e-03 -5.54528013e-04
  1.54790037e-04  5.00501857e-05 -1.72108227e-04 -6.27292398e-04
 -1.35940377e-03 -2.58601131e-03 -3.97704384e-03 -2.07292505e-03
 -8.19370956e-05 -1.88215319e-03  1.11010278e-04  1.76295444e-03
  4.77791198e-04 -1.43818017e-03  7.85797746e-04  6.12003668e-03
  7.85555647e-03  5.04951402e-03  4.94461640e-03  5.49422883e-03
  6.08920606e-03  7.99643724e-03  8.49792380e-03  1.03549295e-02
  9.02625176e-03  1.11307578e-02  1.17937928e-02  1.12152608e-02
  1.11776372e-02  6.78473862e-03  6.26130470e-03  8.17542118e-03
  9.23227956e-03  4.94962229e-03  6.07887344e-03  6.34494742e-03
  9.05875657e-03  6.96276961e-03  9.95329273e-03  3.18674439e-03
  3.06627936e-03  1.00141216e-02  6.54096794e-03  4.57957491e-03
  3.74851959e-03  5.62124016e-03  2.97175596e-03  2.97175596e-03
  2.97175596e-03  2.97175596e-03  2.97175596e-03  2.97175596e-03
  2.97175596e-03  2.97175596e-03  2.97175596e-03  2.97175596e-03
  2.97175596e-03  2.97175596e-03  2.97175596e-03  2.97175596e-03
  2.97175596e-03  2.97175596e-03]",486737
1086489847,Vip-IRES-Cre,True,novel,"[-3.29225404e-03 -3.13317094e-03 -1.11213652e-03  2.37634156e-03
  2.33627156e-03  1.53408899e-03  1.24640923e-03 -1.65557042e-03
 -9.99930658e-04 -5.35743481e-03 -5.83117631e-03 -4.00857002e-03
 -2.88579761e-03 -1.97763980e-03 -8.69645419e-04  6.78710384e-05
  4.23788726e-03  6.13429307e-04 -7.42015585e-04  3.23997125e-03
  4.42666886e-03  5.90479863e-03  9.45807294e-03  4.83205278e-03
  1.01500610e-03  1.77758178e-03 -1.06968475e-03 -2.25184480e-03
 -4.05158508e-03 -3.82799451e-03 -1.95334387e-03 -4.76197086e-03
 -1.79880381e-03 -3.92607854e-03 -4.89740149e-03 -3.62038274e-03
 -3.80785414e-03 -3.16166146e-03 -6.28109187e-03 -5.00450185e-03
 -3.85764350e-03 -3.72426351e-03 -5.12181924e-03 -2.28811062e-03
 -3.63608675e-03 -2.98087165e-03 -5.59118954e-03 -2.31557418e-03
 -5.64651788e-03 -1.02024661e-03 -3.46925597e-03 -2.66774557e-03
 -2.03296993e-03  1.76058061e-03 -6.08016945e-04 -5.98546246e-04
  2.27910964e-03  4.51093106e-03  8.79610344e-03  9.07688304e-03
  1.12200575e-02  1.55622085e-02  1.16203942e-02  1.14800315e-02
  1.49502506e-02  1.08670078e-02  7.86714954e-03  1.05654279e-02
  7.95341218e-03  8.38256721e-03  2.82727393e-03  5.92337607e-03
  3.54203730e-03  5.86344374e-03  2.89132873e-04  2.89132873e-04
  2.89132873e-04  2.89132873e-04  2.89132873e-04  2.89132873e-04
  2.89132873e-04  2.89132873e-04  2.89132873e-04  2.89132873e-04
  2.89132873e-04  2.89132873e-04  2.89132873e-04  2.89132873e-04
  2.89132873e-04  2.89132873e-04]",486737
1086489860,Vip-IRES-Cre,False,familiar,"[-4.32026910e-03 -4.35861904e-03 -4.07548950e-03  3.68384213e-04
  2.02120890e-03 -1.09097671e-03 -8.54824676e-04  2.89164937e-03
  8.66344023e-03  7.78361884e-03  4.88996844e-03  4.13086135e-03
  1.51547029e-03  2.41979374e-04 -1.27367820e-03 -5.16690945e-03
 -2.29427245e-03 -7.34017780e-04 -1.73308686e-03 -3.06393238e-03
 -4.82246564e-03  2.58341447e-03  1.60723481e-03 -4.05978698e-03
 -1.01139351e-03 -1.62176518e-03 -2.21513442e-03  6.96698531e-03
  4.01158713e-04 -1.36875244e-03  5.43013566e-03  7.94450396e-03
  1.88667528e-03  3.98011437e-04  1.74255074e-03  4.07573934e-03
  4.69421889e-03  4.27647014e-03  2.68125625e-03  6.29971709e-04
 -2.17527446e-03  1.45784930e-03  6.60259735e-04  5.07804554e-03
  1.38109858e-03 -2.42362998e-04  5.44070974e-03  1.09281987e-03
  6.02149995e-03  3.76250418e-03  5.90883240e-03  2.34514993e-03
  5.91348713e-03  4.00543338e-03  3.59752096e-03  1.89746789e-03
  1.40937747e-03  1.39777200e-03  3.35935725e-04  2.17709652e-03
  2.07584128e-03 -3.06070360e-03 -3.94539656e-03 -2.63550779e-03
 -7.77098202e-05 -6.32262781e-03 -7.63716149e-03 -1.18900186e-02
 -9.61862698e-03 -2.91290659e-03 -5.14437511e-03 -3.97638591e-03
 -3.07154400e-03 -3.18529222e-03 -1.13541586e-03 -1.13541586e-03
 -1.13541586e-03 -1.13541586e-03 -1.13541586e-03 -1.13541586e-03
 -1.13541586e-03 -1.13541586e-03 -1.13541586e-03 -1.13541586e-03
 -1.13541586e-03 -1.13541586e-03 -1.13541586e-03 -1.13541586e-03
 -1.13541586e-03 -1.13541586e-03]",486737
1086489860,Vip-IRES-Cre,False,novel,"[ 0.00145107  0.00104632 -0.00170955  0.00300182 -0.00176582 -0.00207115
 -0.00471588 -0.00076946  0.00099483 -0.00272941 -0.00592028  0.00164463
  0.0060309   0.00524755  0.00708217  0.00443211  0.00361932  0.0012711
  0.0047321   0.00483678  0.00252878 -0.0007047  -0.0004406  -0.00442423
 -0.00303503 -0.00371697 -0.00347556 -0.00367396 -0.00427172 -0.00449518
 -0.00426998 -0.00297138 -0.00602632  0.00739563  0.01710757  0.02304935
  0.02610577  0.02610008  0.02643797  0.03024134  0.03254264  0.0270578
  0.02413007  0.01982164  0.01567075  0.01057353  0.01546924  0.01153444
  0.01057437  0.01119812  0.00125967  0.00198146  0.00222918  0.0014918
 -0.00028358  0.0024203   0.00696746  0.00959314  0.01410724  0.01842127
  0.0159566   0.0136172   0.01596544  0.01374953  0.01191204  0.00890721
  0.0081466   0.00454926  0.00048544 -0.00050809  0.00013019 -0.00065498
 -0.00410842 -0.00103539 -0.00658574 -0.00658574 -0.00658574 -0.00658574
 -0.00658574 -0.00658574 -0.00658574 -0.00658574 -0.00658574 -0.00658574
 -0.00658574 -0.00658574 -0.00658574 -0.00658574 -0.00658574 -0.00658574]",486737
1086489860,Vip-IRES-Cre,True,familiar,"[ 2.77778459e-03  2.17475396e-03 -2.90068338e-03  1.01580109e-03
  4.72510987e-03  1.77297998e-03  2.25885224e-03  7.15302591e-04
  1.34361165e-03  4.65567648e-03  3.62409344e-03  7.25738066e-05
  5.65541245e-04  1.43844399e-03 -1.74761479e-03  2.50553477e-03
 -6.90739140e-04 -2.12147860e-03 -4.15556608e-03 -6.94843977e-04
  2.58902707e-03 -3.04645770e-03 -3.49629199e-03 -8.69130997e-03
 -7.07929216e-04  4.92894414e-03  1.05125507e-03 -1.10963224e-03
 -6.23374275e-03 -2.61899614e-03 -7.42935787e-04  2.84378098e-03
 -7.29302457e-04 -2.82853833e-03  1.75580366e-03  3.81687117e-03
  7.40921009e-03  4.03269985e-03  2.46294961e-03  1.19707929e-03
  3.83021894e-03  8.12932827e-03  7.41787279e-03  6.97691649e-03
  4.73198448e-03  1.18593824e-02  1.67028055e-02  9.44198393e-03
  1.30264958e-02  1.91299318e-02  1.57802115e-02  1.12292826e-02
  1.43508012e-02  1.89388285e-02  1.57558042e-02  8.23081980e-03
  7.44135642e-03  9.88835258e-03  3.76398253e-03  3.31446219e-03
  9.20832326e-03  1.19838606e-02  9.52563158e-03  7.82449128e-03
  7.60102380e-03  1.16525892e-04  3.06423276e-03  7.11910384e-03
  1.33679274e-02  4.87437766e-03  5.47677776e-03 -1.19322858e-03
  5.04222114e-03  9.48602489e-03  3.46202231e-03  3.46202231e-03
  3.46202231e-03  3.46202231e-03  3.46202231e-03  3.46202231e-03
  3.46202231e-03  3.46202231e-03  3.46202231e-03  3.46202231e-03
  3.46202231e-03  3.46202231e-03  3.46202231e-03  3.46202231e-03
  3.46202231e-03  3.46202231e-03]",486737
1086489860,Vip-IRES-Cre,True,novel,"[ 0.00352889  0.00299265 -0.00190048 -0.00257375 -0.00696466 -0.00711381
 -0.00513986 -0.00710088 -0.00486524 -0.00696902 -0.00672486 -0.00377892
  0.00180335  0.00360588  0.00686477  0.00961571  0.00836104  0.00865385
  0.00735913  0.01009361  0.00246889  0.00249715  0.00466619  0.00184764
 -0.00486143 -0.00275517 -0.00215771 -0.00414003 -0.00108118 -0.00623173
 -0.00628517 -0.00461585 -0.00572843 -0.00864921 -0.00789577 -0.00688589
 -0.00857803 -0.01167841 -0.0159103  -0.0107517  -0.01074462 -0.00736984
 -0.01142828 -0.01333826 -0.0150665  -0.01693058 -0.01370326 -0.01572421
 -0.01654189 -0.00986566 -0.00908138 -0.01102742 -0.00977653 -0.01055319
 -0.0091003  -0.00599321 -0.00094094  0.00322075  0.00949985  0.00880848
  0.00684752  0.00465191 -0.00042121  0.0028553   0.00491487 -0.0025433
 -0.0008491  -0.00308225 -0.00382884 -0.00284896 -0.00188616 -0.0094449
 -0.00763377 -0.00770326 -0.00586498 -0.00586498 -0.00586498 -0.00586498
 -0.00586498 -0.00586498 -0.00586498 -0.00586498 -0.00586498 -0.00586498
 -0.00586498 -0.00586498 -0.00586498 -0.00586498 -0.00586498 -0.00586498]",486737
1086489882,Vip-IRES-Cre,False,novel,"[ 0.00741694  0.00723178  0.0039524  -0.0056699  -0.00664336 -0.01090799
 -0.013907   -0.01472299 -0.01768129 -0.0157211  -0.00792208  0.0006471
  0.00144931 -0.00030618  0.00454255  0.00948882  0.0122458   0.01229686
  0.01568155  0.01554336  0.01027071  0.0143521   0.00565081  0.00425216
  0.00223653  0.00087493 -0.00658196 -0.00712424 -0.01029631 -0.01064929
 -0.01374894 -0.01606212 -0.00673095  0.00740884  0.01842467  0.0247215
  0.02596233  0.0318735   0.03731539  0.03786108  0.03278532  0.03422211
  0.0331302   0.02798602  0.01865837  0.01382292  0.01504994  0.00889181
  0.00901217  0.00330214 -0.00291111 -0.01030326 -0.01540154 -0.01789186
 -0.01012501 -0.00254685  0.00482529  0.00688819  0.01135349  0.01774189
  0.02317933  0.02334185  0.02056341  0.01819411  0.01399262  0.01267983
  0.00913809  0.00202715  0.00218349  0.00425119 -0.00886154 -0.00865198
 -0.01599491 -0.02297381 -0.01675458 -0.01675458 -0.01675458 -0.01675458
 -0.01675458 -0.01675458 -0.01675458 -0.01675458 -0.01675458 -0.01675458
 -0.01675458 -0.01675458 -0.01675458 -0.01675458 -0.01675458 -0.01675458]",486737
1086489882,Vip-IRES-Cre,True,novel,"[ 0.00473818  0.00409309 -0.00248487 -0.00683618 -0.00893946 -0.01246655
 -0.017429   -0.01328467 -0.01536909 -0.02056841 -0.01898595 -0.01195969
 -0.00125421  0.00210197  0.00580447  0.0135152   0.0151991   0.01661166
  0.02057881  0.02257703  0.01550284  0.00736299  0.01108515  0.00577087
  0.00934008 -0.00118041 -0.00278024 -0.00281203 -0.00756608 -0.01036457
 -0.01700511 -0.01677335 -0.01373171 -0.01410357 -0.02044379 -0.02386196
 -0.02612377 -0.02382702 -0.02233044 -0.02634851 -0.0311261  -0.02897262
 -0.03155266 -0.02953378 -0.02722096 -0.03647381 -0.03229207 -0.03179845
 -0.03517288 -0.029418   -0.03187221 -0.02966446 -0.03372252 -0.02931071
 -0.02550852 -0.01585078 -0.00173495  0.0090888   0.01857839  0.02166412
  0.02745526  0.03400754  0.02913392  0.03086339  0.03021077  0.02271288
  0.0151045   0.01685815  0.01500129  0.00592131  0.00389359 -0.00507557
 -0.01196339 -0.01094306 -0.00905906 -0.00905906 -0.00905906 -0.00905906
 -0.00905906 -0.00905906 -0.00905906 -0.00905906 -0.00905906 -0.00905906
 -0.00905906 -0.00905906 -0.00905906 -0.00905906 -0.00905906 -0.00905906]",486737
1086489891,Vip-IRES-Cre,False,familiar,"[-1.03182499e-03 -1.45390678e-03 -5.07331740e-03 -2.85660078e-03
 -1.06151217e-03 -1.72809375e-03  4.55418123e-03  3.46572512e-03
  3.35138613e-03  2.55697590e-03  3.72286605e-03  5.44056630e-03
  3.40058651e-03  3.03220502e-03  1.39805870e-03 -1.89263706e-04
  1.66406380e-03  2.11386342e-03  2.21885773e-03 -2.11718446e-03
 -8.06416888e-03 -1.98212843e-03 -2.06543551e-03  1.74268068e-03
  2.07330070e-03  3.55266188e-03 -5.50730710e-03 -3.30976581e-03
 -3.13650860e-03 -4.71096081e-03 -6.96633244e-04 -1.54963282e-03
  1.67387533e-03  4.12580164e-03  2.92817932e-03  2.15866583e-03
  3.76140225e-03  4.34825197e-04 -4.53607982e-03  5.89913430e-05
  1.90166926e-03  1.62342660e-03  7.85386290e-03  3.67789799e-03
 -1.07607307e-03  1.79323430e-03 -9.99267526e-05  2.50166470e-04
 -5.53503151e-03 -5.44343637e-04 -6.34043028e-03 -2.49519277e-03
 -5.27587101e-03  2.08435982e-04  2.98532381e-06  1.27932787e-04
 -3.38538084e-05 -1.02038715e-02 -1.36266909e-02 -1.16063203e-02
 -3.79306587e-03 -6.10974287e-03 -7.39564229e-03 -5.40146039e-03
 -1.33149191e-02 -1.39290342e-02 -1.26285154e-02 -1.47584513e-02
 -1.18904441e-02 -1.03446612e-02 -1.19420350e-02 -8.54811556e-03
 -1.09239834e-02 -4.95710988e-03 -4.15616203e-03 -4.15616203e-03
 -4.15616203e-03 -4.15616203e-03 -4.15616203e-03 -4.15616203e-03
 -4.15616203e-03 -4.15616203e-03 -4.15616203e-03 -4.15616203e-03
 -4.15616203e-03 -4.15616203e-03 -4.15616203e-03 -4.15616203e-03
 -4.15616203e-03 -4.15616203e-03]",486737
1086489891,Vip-IRES-Cre,False,novel,"[ 1.71424509e-03  1.43781196e-03 -9.04217770e-04 -1.33154762e-03
 -8.04114316e-03 -5.75483027e-03 -3.36403941e-03 -1.18003827e-03
 -1.99576273e-03 -3.95050873e-03 -3.07786477e-03  1.18693663e-04
  1.46223623e-03  3.93861875e-03  5.13316061e-03  4.03067107e-03
  5.25113705e-03  1.30427459e-02  8.72444763e-03  6.62889938e-03
 -1.40677686e-03  9.83711756e-04  1.14635034e-04  3.49344300e-03
 -4.99917713e-03 -1.24993975e-03 -5.95944648e-03 -6.13024185e-03
 -1.27578457e-03 -5.45313774e-03 -5.64342603e-03 -1.83610964e-03
 -2.33304749e-03  4.38295544e-03  1.25240151e-02  1.85458659e-02
  2.40467252e-02  2.80597093e-02  3.26376361e-02  4.13838771e-02
  3.90977995e-02  3.65812778e-02  4.28802444e-02  3.25074702e-02
  2.73791474e-02  2.75406910e-02  1.81033239e-02  2.14549349e-02
  1.17767972e-02  1.32039410e-02  9.29141509e-03  3.21908338e-03
  2.68613383e-03  6.16941625e-03  8.78554283e-03  1.37430236e-02
  1.20957285e-02  9.92287371e-03  1.07515374e-02  1.45863942e-02
  1.87621058e-02  1.67265896e-02  1.90655471e-02  2.32019438e-02
  2.13350415e-02  1.52052985e-02  8.54109712e-03  5.28550806e-03
  1.91850218e-03  4.99003823e-03 -1.81858867e-06 -4.35937391e-03
 -7.18906543e-03 -5.53094210e-03 -4.77664190e-03 -4.77664190e-03
 -4.77664190e-03 -4.77664190e-03 -4.77664190e-03 -4.77664190e-03
 -4.77664190e-03 -4.77664190e-03 -4.77664190e-03 -4.77664190e-03
 -4.77664190e-03 -4.77664190e-03 -4.77664190e-03 -4.77664190e-03
 -4.77664190e-03 -4.77664190e-03]",486737
1086489891,Vip-IRES-Cre,True,familiar,"[ 4.73137930e-03  4.50093120e-03  3.15663786e-03  6.73606847e-03
  2.55349846e-03  5.23325192e-03  4.65486997e-03  3.30203780e-03
  3.08072575e-04 -4.38474819e-05  4.91795848e-03  3.88689690e-03
 -6.07084312e-04 -3.04560740e-03  1.66129730e-03  3.13185883e-04
 -7.13359953e-03 -2.39750587e-03 -1.60544098e-03  3.41522643e-03
 -9.85666958e-04 -7.64996227e-03 -2.69513418e-03 -1.39429468e-03
 -4.24857516e-03 -1.69329560e-04 -3.41519814e-03 -6.32246287e-03
 -3.28197831e-03 -4.37562485e-03 -8.24257066e-03 -4.49723414e-03
 -1.69541820e-03 -5.24968666e-03 -4.07008026e-03  3.22365070e-03
  7.40406712e-03  7.25070790e-03  9.06627434e-03  4.81681185e-03
  7.17981828e-03  1.10969369e-02  1.73675989e-02  1.70401564e-02
  2.31186135e-02  2.73100917e-02  2.22269948e-02  3.06584164e-02
  3.04790198e-02  3.53042935e-02  3.54387177e-02  3.93181452e-02
  4.26894589e-02  4.69110749e-02  5.13646820e-02  4.67320068e-02
  4.34835722e-02  4.48378683e-02  4.25355738e-02  3.58370277e-02
  3.10628336e-02  2.93156940e-02  3.18687745e-02  2.95391831e-02
  2.78281149e-02  2.12047977e-02  2.48178859e-02  1.36311718e-02
  2.06045224e-02  1.75895910e-02  2.02757517e-02  1.12165874e-02
  1.40088136e-02  1.36969222e-02  9.62857212e-03  9.62857212e-03
  9.62857212e-03  9.62857212e-03  9.62857212e-03  9.62857212e-03
  9.62857212e-03  9.62857212e-03  9.62857212e-03  9.62857212e-03
  9.62857212e-03  9.62857212e-03  9.62857212e-03  9.62857212e-03
  9.62857212e-03  9.62857212e-03]",486737
1086489891,Vip-IRES-Cre,True,novel,"[ 2.70573818e-03  1.93802098e-03 -4.77753969e-03 -4.04614481e-03
 -9.90136382e-03 -9.80629101e-03 -8.52739275e-03 -7.84009326e-03
 -1.28867435e-02 -8.55616937e-03 -3.52215703e-03 -4.14634721e-03
 -2.14740925e-03 -1.19643980e-03  2.22058459e-03  9.39950262e-03
  8.76797462e-03  5.64769411e-03  6.39077618e-03  1.44234599e-02
  1.73593174e-02  1.24492348e-02  7.38182969e-03  3.68754961e-03
 -4.36406166e-05 -2.35036091e-03 -1.91525342e-03 -3.86264248e-03
 -2.06833439e-03 -4.77735931e-03 -7.46128534e-03 -8.71790375e-03
 -5.87520734e-03 -8.12073166e-03 -1.42844072e-02 -1.00740724e-02
 -8.04946606e-03 -1.14031530e-02 -1.43919036e-02 -1.37239098e-02
 -1.36282969e-02 -1.19442248e-02 -1.45922827e-02 -1.52623772e-02
 -1.59129599e-02 -1.97241129e-02 -1.31646080e-02 -1.73952764e-02
 -1.16438236e-02 -9.19850667e-03 -1.35228755e-02 -1.00097020e-02
 -5.16656355e-03 -7.84572689e-03 -1.17730795e-02 -6.77729068e-03
 -2.24103063e-03  5.59795959e-03  8.71947368e-03  1.14940139e-02
  1.41245951e-02  1.73737964e-02  1.95938423e-02  2.60372756e-02
  2.40195907e-02  1.30942927e-02  1.26177783e-02  6.89807077e-03
  1.06964560e-02  6.76654374e-03 -3.66143202e-03  1.71716321e-04
 -6.02146808e-03 -4.61230139e-03 -5.65005365e-03 -5.65005365e-03
 -5.65005365e-03 -5.65005365e-03 -5.65005365e-03 -5.65005365e-03
 -5.65005365e-03 -5.65005365e-03 -5.65005365e-03 -5.65005365e-03
 -5.65005365e-03 -5.65005365e-03 -5.65005365e-03 -5.65005365e-03
 -5.65005365e-03 -5.65005365e-03]",486737
1086489901,Vip-IRES-Cre,False,familiar,"[ 5.27918308e-04  1.04034757e-04 -3.73701817e-03 -3.46303010e-03
 -4.28128439e-03 -5.03744705e-03 -1.38675481e-03  6.35464239e-04
  1.76397040e-03  4.13403447e-03 -1.30312786e-04 -1.56289511e-03
 -1.76039673e-03 -3.57963474e-04  2.46503000e-04  4.51301415e-03
 -3.00568346e-03  2.88301401e-03  3.11672706e-03 -1.32356993e-03
  3.63080055e-03  2.19880100e-03 -1.05943487e-03  6.50582887e-04
 -3.04123920e-03  1.46293421e-03  6.16145114e-05  2.06636578e-04
  5.39621184e-03 -1.38523187e-03  1.63041489e-03  3.38304210e-03
  5.12323168e-03  7.97647690e-03  5.01029074e-03  1.99487022e-05
 -1.53745366e-03 -1.38269582e-03  1.68056129e-03 -2.79494622e-04
  2.02688118e-04  5.88366690e-03  3.78070343e-03  2.12043058e-03
 -1.84556206e-03 -3.90974144e-03  3.73809815e-03  1.10329623e-05
 -5.82254182e-04  2.47811744e-03  7.13778766e-04  5.42642041e-03
  4.08436284e-03 -9.90048109e-04  5.08815542e-03  6.15209754e-03
  6.04077756e-03  8.09623586e-04  1.18624861e-03 -2.15858469e-03
 -1.97533478e-03 -2.48302190e-03 -4.87763009e-03 -1.01645766e-03
 -6.99729856e-03 -3.60404875e-03 -2.13050099e-03  1.92908762e-03
  1.22839586e-03 -8.66717133e-04 -2.70552277e-03 -8.36788012e-03
 -4.38572935e-03  3.80113859e-04 -1.67195549e-04 -1.67195549e-04
 -1.67195549e-04 -1.67195549e-04 -1.67195549e-04 -1.67195549e-04
 -1.67195549e-04 -1.67195549e-04 -1.67195549e-04 -1.67195549e-04
 -1.67195549e-04 -1.67195549e-04 -1.67195549e-04 -1.67195549e-04
 -1.67195549e-04 -1.67195549e-04]",486737
1086489901,Vip-IRES-Cre,True,familiar,"[-0.0012955  -0.00105952 -0.00015838 -0.00688672 -0.00294442 -0.00222742
  0.00502637  0.00629032  0.00215444 -0.00120087 -0.00129714 -0.00054995
  0.00172429  0.00374126  0.00258304 -0.00248382  0.00189818  0.00066937
 -0.00044507  0.0006728  -0.00115966 -0.00339066 -0.00399772 -0.00256495
  0.00311344 -0.00219976 -0.00139325  0.00454498  0.00121262  0.0016237
  0.00059932  0.00590654  0.00806711  0.00672903  0.00533481  0.00537098
  0.00523183  0.00335892  0.00181427  0.00741254  0.00688497  0.00411206
  0.00452316  0.00824621  0.01014267  0.00279893  0.01094217  0.0096914
  0.00978932  0.00587112  0.00495874  0.00938571  0.01532488  0.01456097
  0.01606428  0.01179038  0.01118251  0.01139493  0.01100544  0.01110468
  0.00746444  0.00511878  0.00776604  0.00453011  0.0067286   0.00624611
  0.00519304  0.00346223  0.00234759  0.00431177  0.00142168  0.00445492
  0.00550911  0.00327996 -0.00191381 -0.00191381 -0.00191381 -0.00191381
 -0.00191381 -0.00191381 -0.00191381 -0.00191381 -0.00191381 -0.00191381
 -0.00191381 -0.00191381 -0.00191381 -0.00191381 -0.00191381 -0.00191381]",486737
1086490391,Sst-IRES-Cre,False,familiar,"[ 0.00688994  0.00602397 -0.00218698 -0.00571695 -0.00601055 -0.00389158
 -0.00206828 -0.00238122 -0.00634672 -0.00409426  0.00623643  0.01075113
  0.01388517  0.01127476  0.00745115  0.01067123  0.0086897   0.00663501
  0.00471193 -0.00069241 -0.00910598 -0.0056764  -0.0051206  -0.00402037
 -0.00105525 -0.00962272 -0.00384404 -0.00617701 -0.00878634 -0.00642277
 -0.01225106 -0.01228761 -0.00386886  0.00364041  0.01402607  0.0288476
  0.03651988  0.04058764  0.04300066  0.04447719  0.04115745  0.03370176
  0.02375872  0.01128008  0.01280464  0.01049659  0.00585193  0.00131777
  0.00360392 -0.00790691 -0.00804077  0.00070305 -0.00539032 -0.00561223
  0.00267572  0.02585706  0.03890076  0.04185765  0.04967071  0.04992249
  0.04516582  0.04316519  0.04245009  0.03501162  0.02700599  0.02290215
  0.01258994  0.00995209  0.01018706  0.00819448 -0.00445383  0.00648678
  0.0017229  -0.0024291  -0.00769809 -0.00769809 -0.00769809 -0.00769809
 -0.00769809 -0.00769809 -0.00769809 -0.00769809 -0.00769809 -0.00769809
 -0.00769809 -0.00769809 -0.00769809 -0.00769809 -0.00769809 -0.00769809]",485688
1086490391,Sst-IRES-Cre,False,novel,"[-0.00164957 -0.00106659  0.00253741 -0.00564442  0.00098278 -0.00814662
 -0.0031365  -0.00209004 -0.0102307  -0.00588165 -0.00254012  0.00397179
  0.00703447  0.00261182  0.00585457  0.01337278  0.01858913  0.01706154
  0.01331591  0.00755528  0.00299663  0.00060545 -0.00160181  0.0014196
 -0.00583659 -0.01246197 -0.00892065 -0.00888893 -0.00913024 -0.01068277
 -0.00959177 -0.01191637 -0.00547053  0.00044463  0.00285882  0.00386795
  0.01533765  0.02784242  0.03283202  0.0392429   0.02625907  0.02695779
  0.01925029  0.01164179  0.01054011  0.00440462  0.00400308 -0.00477605
 -0.00504278 -0.00260624 -0.00056653 -0.00845859 -0.01492064 -0.00901582
 -0.00089651  0.01325314  0.01916152  0.02955774  0.0375157   0.04143978
  0.04400881  0.04363484  0.03964226  0.03597938  0.02209062  0.02551361
  0.01913527  0.01482942  0.01326346  0.01215257  0.00368538  0.00843251
 -0.00410369  0.00055603 -0.00188957 -0.00188957 -0.00188957 -0.00188957
 -0.00188957 -0.00188957 -0.00188957 -0.00188957 -0.00188957 -0.00188957
 -0.00188957 -0.00188957 -0.00188957 -0.00188957 -0.00188957 -0.00188957]",485688
1086490391,Sst-IRES-Cre,True,familiar,"[-0.00398763 -0.00376158 -0.00255148 -0.00688106 -0.00501085 -0.00414387
 -0.00808425 -0.01185098 -0.01124258 -0.00561718 -0.00122044  0.00465726
  0.00961303  0.01212703  0.01862726  0.01824622  0.01655949  0.01182541
  0.00937472  0.0104576  -0.00255699  0.00651475 -0.00200249 -0.00242133
 -0.0042625  -0.00718958 -0.00886712 -0.00907992 -0.00634    -0.01093092
 -0.01130292 -0.01423694 -0.01526628 -0.01536188 -0.01992947 -0.01668907
 -0.01326137 -0.01133647 -0.01243916 -0.01857783 -0.01778921 -0.0173393
 -0.01549702 -0.01931087 -0.01467895 -0.01151089 -0.01699539 -0.01163718
 -0.01882899 -0.01715833 -0.01170091 -0.01175794 -0.01163296 -0.01445363
 -0.01488408 -0.00780465 -0.00122938  0.00235933  0.00332014  0.00113775
  0.00838118  0.00826717  0.00383004  0.00531856  0.00604583 -0.00255368
 -0.00558136 -0.00590134 -0.01126446 -0.00977019 -0.00147073 -0.01827002
 -0.00653139 -0.01190366 -0.01119329 -0.01119329 -0.01119329 -0.01119329
 -0.01119329 -0.01119329 -0.01119329 -0.01119329 -0.01119329 -0.01119329
 -0.01119329 -0.01119329 -0.01119329 -0.01119329 -0.01119329 -0.01119329]",485688
1086490391,Sst-IRES-Cre,True,novel,"[ 0.00300231  0.00192778 -0.00738409 -0.00409958 -0.00440083 -0.01169048
 -0.01572208 -0.01595107 -0.01511025 -0.01851915 -0.01736553 -0.0060017
  0.00173917  0.00591173  0.01307466  0.02146079  0.02659309  0.02382562
  0.02538179  0.01674777  0.01801719  0.00123201  0.0016362  -0.00678157
 -0.00545748 -0.00485733 -0.0015496  -0.00566832 -0.01322697 -0.00676409
 -0.01128793 -0.01486453 -0.01506418 -0.01559533 -0.01780931 -0.02083276
 -0.0194805  -0.02034262 -0.02552132 -0.02441124 -0.02205586 -0.02203259
 -0.02044499 -0.02251237 -0.02270929 -0.01472092 -0.02789719 -0.02889267
 -0.02611761 -0.02666228 -0.02070487 -0.0249818  -0.02423962 -0.02846896
 -0.02853445 -0.02372515 -0.01315681 -0.00415348 -0.00129743  0.0026858
  0.00926822  0.01159868  0.01001391  0.00356666 -0.00182673  0.00285697
 -0.00916685 -0.00374383 -0.0093355  -0.00733659 -0.01527673 -0.01129246
 -0.01304777 -0.01321345 -0.01739588 -0.01739588 -0.01739588 -0.01739588
 -0.01739588 -0.01739588 -0.01739588 -0.01739588 -0.01739588 -0.01739588
 -0.01739588 -0.01739588 -0.01739588 -0.01739588 -0.01739588 -0.01739588]",485688
1086490482,Sst-IRES-Cre,False,familiar,"[ 0.00323692  0.00219543 -0.00644746 -0.00357947 -0.00536249 -0.00912883
 -0.0159534  -0.01226217 -0.0148898  -0.01521066 -0.00422336  0.0103939
  0.02094757  0.02572543  0.02589362  0.0268838   0.02727696  0.02164179
  0.01211345  0.00932611  0.00278621 -0.00475742 -0.00917205 -0.00021494
 -0.01319898 -0.00613688 -0.01168307 -0.01512166 -0.02061347 -0.02046509
 -0.01950509 -0.01862927 -0.01736059 -0.01072231  0.00564927  0.0251453
  0.04155793  0.05254216  0.05061695  0.0477183   0.04150171  0.03541303
  0.03196806  0.02465014  0.03008692  0.02019989  0.00376626  0.00688769
  0.00483639  0.00285335 -0.00613979 -0.0070855  -0.00603188 -0.00585474
  0.005315    0.02914721  0.05218119  0.06941389  0.08214685  0.09275345
  0.08853134  0.08352759  0.07094497  0.059326    0.05175657  0.03418382
  0.02434118  0.03017496  0.02013763  0.01845022  0.01237123  0.01813114
  0.01375022  0.00585751 -0.00183183 -0.00183183 -0.00183183 -0.00183183
 -0.00183183 -0.00183183 -0.00183183 -0.00183183 -0.00183183 -0.00183183
 -0.00183183 -0.00183183 -0.00183183 -0.00183183 -0.00183183 -0.00183183]",485688
1086490482,Sst-IRES-Cre,False,novel,"[ 0.00521384  0.00443347 -0.00166402  0.00179307 -0.00871512 -0.00302081
 -0.0015212  -0.00378476 -0.00389931 -0.00623249 -0.00487169 -0.00113288
  0.00118347  0.00700166  0.01168799  0.01647103  0.01591595  0.01334305
  0.00943345  0.00988629 -0.00142339  0.00026263 -0.00365505  0.00198578
 -0.01022753 -0.00746911 -0.00954361 -0.00764084 -0.01014959 -0.01366028
 -0.01564676 -0.01502407 -0.01688468 -0.01078192 -0.00653839  0.00322451
  0.01268888  0.03088477  0.04138218  0.04735321  0.03898728  0.03548111
  0.02678773  0.02543035  0.02181186  0.01205224  0.01445406  0.020973
  0.01356944  0.01039443  0.00926663  0.00958686  0.00685885  0.00696646
  0.0097179   0.01743813  0.0252241   0.03287863  0.04718828  0.05902227
  0.06324132  0.06629438  0.06485708  0.05409636  0.04461832  0.04327568
  0.04013351  0.03706562  0.02858874  0.02652838  0.01833795  0.01732387
  0.013541    0.01084885  0.01044395  0.01044395  0.01044395  0.01044395
  0.01044395  0.01044395  0.01044395  0.01044395  0.01044395  0.01044395
  0.01044395  0.01044395  0.01044395  0.01044395  0.01044395  0.01044395]",485688
1086490482,Sst-IRES-Cre,True,familiar,"[-0.00336688 -0.00503037 -0.01930149 -0.01595204 -0.01350941 -0.01846384
 -0.01789281 -0.0174514  -0.01934949 -0.02102729 -0.01530598 -0.00244244
  0.0168343   0.02668666  0.03686057  0.04711519  0.04401809  0.03392165
  0.02619703  0.02025311  0.00232393  0.0066797   0.0054509  -0.00572007
 -0.01243684 -0.01263522 -0.01342198 -0.01666211 -0.01659875 -0.01977272
 -0.01928125 -0.01994954 -0.02115033 -0.02617839 -0.02127065 -0.02502902
 -0.02987348 -0.02819674 -0.02699933 -0.03466632 -0.03394366 -0.02932272
 -0.03496849 -0.03237325 -0.02452513 -0.03320807 -0.0373683  -0.02867703
 -0.02355514 -0.03638199 -0.03268084 -0.03311518 -0.03717723 -0.04321818
 -0.03704058 -0.02097208 -0.00858283  0.00052086  0.00920011  0.01243083
  0.01179123  0.01661768  0.00922102 -0.00464411 -0.00571711 -0.00475018
 -0.00950934 -0.01406237 -0.01308493 -0.01999466 -0.01967307 -0.0302898
 -0.02489054 -0.02434466 -0.01908855 -0.01908855 -0.01908855 -0.01908855
 -0.01908855 -0.01908855 -0.01908855 -0.01908855 -0.01908855 -0.01908855
 -0.01908855 -0.01908855 -0.01908855 -0.01908855 -0.01908855 -0.01908855]",485688
1086490482,Sst-IRES-Cre,True,novel,"[ 3.42042157e-03  2.53837181e-03 -6.25083578e-03 -1.11187877e-02
 -1.36901990e-02 -1.41834578e-02 -8.44657745e-03 -1.33912859e-02
 -1.52718021e-02 -1.74952256e-02 -1.77979217e-02 -1.00713563e-02
  3.11474973e-03  7.26816273e-03  1.68060420e-02  2.14345096e-02
  2.15673621e-02  2.39358433e-02  1.64411078e-02  1.22357258e-02
  1.51335990e-02  3.28302594e-03  8.72146156e-03  7.06882401e-03
  3.01168209e-03 -5.10516495e-03 -3.31153890e-03 -7.23152286e-03
 -8.95440998e-03 -1.36608030e-02 -1.15723123e-02 -1.40289614e-02
 -1.68426010e-02 -1.61460839e-02 -2.06959744e-02 -2.29765494e-02
 -2.05758482e-02 -2.15027869e-02 -2.33697378e-02 -2.30402023e-02
 -1.85348395e-02 -2.31757748e-02 -2.46480819e-02 -1.96172317e-02
 -2.11331080e-02 -1.99576876e-02 -2.10087342e-02 -2.61100559e-02
 -2.20147200e-02 -2.18790293e-02 -2.00292322e-02 -2.20453973e-02
 -2.49229778e-02 -2.47914274e-02 -2.58802018e-02 -2.22990866e-02
 -2.14255234e-02 -1.47984098e-02 -8.76369037e-03 -1.68973401e-05
  1.17134314e-02  1.33319978e-02  1.36691509e-02  8.14200126e-03
  2.02860751e-03  5.97555326e-03  2.44565542e-03  3.15136193e-03
 -1.09993786e-03 -9.55912988e-03 -1.54111764e-02 -9.59552498e-03
 -1.05801946e-02 -1.16756791e-02 -1.61771230e-02 -1.61771230e-02
 -1.61771230e-02 -1.61771230e-02 -1.61771230e-02 -1.61771230e-02
 -1.61771230e-02 -1.61771230e-02 -1.61771230e-02 -1.61771230e-02
 -1.61771230e-02 -1.61771230e-02 -1.61771230e-02 -1.61771230e-02
 -1.61771230e-02 -1.61771230e-02]",485688
1086490519,Sst-IRES-Cre,False,familiar,"[-0.00797385 -0.00723563 -0.00076984 -0.00517912 -0.0092598  -0.01194396
 -0.0153209  -0.02272747 -0.0177512  -0.01489638 -0.01643542 -0.00555842
  0.01427298  0.01868251  0.02278821  0.02628403  0.03424766  0.0268311
  0.02394147  0.01395108  0.01451335  0.00109154 -0.00228864  0.0058114
 -0.01126577 -0.01203243 -0.00434924 -0.00882434 -0.01023382 -0.0183691
 -0.01452846 -0.01486581 -0.01045176 -0.00507126  0.00498039  0.01144343
  0.02046828  0.0316338   0.02725588  0.02276879  0.01914796  0.0127595
  0.01214237  0.00511891 -0.00544281 -0.00609686 -0.01288161 -0.01384302
 -0.0087135  -0.01449861 -0.01935923 -0.01790421 -0.02565552 -0.02506888
 -0.01859018 -0.00499039  0.01052409  0.02132193  0.03051461  0.04408712
  0.04727609  0.05162607  0.0411355   0.03218953  0.01740373  0.00879339
  0.00479027  0.00201341 -0.00127779 -0.00410889 -0.01060095 -0.01002734
 -0.01466093 -0.01186115 -0.01349871 -0.01349871 -0.01349871 -0.01349871
 -0.01349871 -0.01349871 -0.01349871 -0.01349871 -0.01349871 -0.01349871
 -0.01349871 -0.01349871 -0.01349871 -0.01349871 -0.01349871 -0.01349871]",470784
1086490519,Sst-IRES-Cre,True,familiar,"[-0.01399835 -0.01398881 -0.01496611 -0.020848   -0.01876037 -0.02370808
 -0.0228621  -0.02441048 -0.02319095 -0.01995086 -0.02876691 -0.02008954
  0.00555028  0.02353518  0.03510045  0.0460837   0.04655223  0.0411642
  0.04332085  0.04226625  0.02824494  0.01652108  0.00627686 -0.00264554
 -0.0012627  -0.00905562 -0.01320862 -0.00969279 -0.02613746 -0.02707275
 -0.01950809 -0.01513884 -0.02707512 -0.03214056 -0.01803521 -0.02327853
 -0.03773015 -0.03145482 -0.03106937 -0.02766138 -0.02438033 -0.04091392
 -0.03261819 -0.04247563 -0.04411414 -0.02478343 -0.03655952 -0.03220322
 -0.04101853 -0.03612212 -0.02782091 -0.03465157 -0.03593655 -0.03421603
 -0.03472922 -0.03826391 -0.01947409 -0.00301249  0.00936513  0.01062552
  0.01138646  0.01945389  0.01344272  0.01000825  0.00330888 -0.00962008
 -0.00650022 -0.01363046 -0.01456334 -0.01600763 -0.02522827 -0.02188574
 -0.01946839 -0.0234684  -0.02596777 -0.02596777 -0.02596777 -0.02596777
 -0.02596777 -0.02596777 -0.02596777 -0.02596777 -0.02596777 -0.02596777
 -0.02596777 -0.02596777 -0.02596777 -0.02596777 -0.02596777 -0.02596777]",470784
1086490526,Sst-IRES-Cre,False,familiar,"[-0.01190309 -0.01168926 -0.00908731 -0.00935673 -0.02644553 -0.02049337
 -0.02559024 -0.02580685 -0.02923079 -0.02896639 -0.00856821  0.02466411
  0.04754276  0.05686188  0.06230095  0.06432384  0.05806157  0.04772894
  0.03471167  0.01507303 -0.0021008   0.00245124 -0.01716436 -0.02122163
 -0.02464359 -0.01192892 -0.02527349 -0.035386   -0.03529074 -0.03357268
 -0.04055863 -0.05005294 -0.05122187 -0.03173278 -0.00854971  0.00339244
  0.01042921  0.02613049  0.03214386  0.02524872  0.01374037 -0.00139752
 -0.01916612 -0.02961336 -0.03090542 -0.04953555 -0.04884266 -0.04378997
 -0.04561638 -0.05152014 -0.05537871 -0.05135907 -0.05132204 -0.05080299
 -0.03580607  0.02147719  0.08340947  0.1280413   0.15190532  0.16579566
  0.16569053  0.15816385  0.1318032   0.11517696  0.08756662  0.06130334
  0.04677234  0.03610223  0.0327267   0.02975531  0.01746703  0.01334249
  0.02394914 -0.00137969 -0.01309472 -0.01309472 -0.01309472 -0.01309472
 -0.01309472 -0.01309472 -0.01309472 -0.01309472 -0.01309472 -0.01309472
 -0.01309472 -0.01309472 -0.01309472 -0.01309472 -0.01309472 -0.01309472]",485688
1086490526,Sst-IRES-Cre,False,novel,"[ 0.01474962  0.01399337  0.00742278  0.00782231 -0.00219315 -0.01340285
 -0.01467693 -0.01478965 -0.01889328 -0.017927   -0.01798181 -0.01365979
  0.0034087   0.01215022  0.01599862  0.02591234  0.03372897  0.03130943
  0.02812255  0.02294226  0.01106696  0.00685482 -0.00323168  0.00017813
 -0.01207034 -0.01850507 -0.00580963 -0.02323871 -0.03216921 -0.02711197
 -0.0280734  -0.03526724 -0.03770924 -0.04206845 -0.02599947 -0.01737689
 -0.01628616 -0.01536624 -0.00204146  0.00259614 -0.00311923 -0.01872863
 -0.01023145 -0.01109108 -0.01506768 -0.01447165 -0.01700091 -0.01866122
 -0.01364657 -0.01344232 -0.0182602  -0.01771292 -0.02085404 -0.02837029
 -0.03709908 -0.02162084  0.00752588  0.02867265  0.06346786  0.09303033
  0.11344266  0.1215171   0.11154447  0.09670335  0.08566579  0.07982962
  0.07026577  0.06126879  0.05145907  0.05595741  0.05135872  0.04979206
  0.03459439  0.04517496  0.04261842  0.04261842  0.04261842  0.04261842
  0.04261842  0.04261842  0.04261842  0.04261842  0.04261842  0.04261842
  0.04261842  0.04261842  0.04261842  0.04261842  0.04261842  0.04261842]",485688
1086490526,Sst-IRES-Cre,True,familiar,"[-0.03058811 -0.03051704 -0.02991353 -0.03104022 -0.03923102 -0.05196348
 -0.05092067 -0.05035083 -0.05100519 -0.05137995 -0.03909454 -0.00246936
  0.04247879  0.06803288  0.07530036  0.09050906  0.08600363  0.07472795
  0.06119589  0.04993139  0.03080133  0.02216652  0.00089979 -0.00385274
 -0.01186903 -0.02082077 -0.01923028 -0.01632133 -0.03051368 -0.04096582
 -0.04239118 -0.04501064 -0.05183385 -0.0585438  -0.05859894 -0.06455725
 -0.06651008 -0.07034363 -0.07743427 -0.06314657 -0.07281145 -0.08412914
 -0.08028295 -0.08522604 -0.09830885 -0.08514803 -0.08413183 -0.08250221
 -0.09322125 -0.09337447 -0.09664864 -0.09829051 -0.09439109 -0.09756444
 -0.09849267 -0.08520458 -0.05334178 -0.02147736 -0.0060031   0.00027515
 -0.00093697 -0.01593425 -0.0156447  -0.01809997 -0.02539556 -0.0325601
 -0.0558882  -0.0380887  -0.04357753 -0.05695489 -0.05514043 -0.05916017
 -0.05206767 -0.05252381 -0.05519397 -0.05519397 -0.05519397 -0.05519397
 -0.05519397 -0.05519397 -0.05519397 -0.05519397 -0.05519397 -0.05519397
 -0.05519397 -0.05519397 -0.05519397 -0.05519397 -0.05519397 -0.05519397]",485688
1086490526,Sst-IRES-Cre,True,novel,"[-0.01632207 -0.01573093 -0.00882423 -0.00178242 -0.01366274 -0.02136449
 -0.01932329 -0.02266199 -0.02457472 -0.02017476 -0.02778059 -0.02338645
 -0.01059796  0.00335878  0.01276362  0.03256497  0.05024448  0.05503385
  0.05198121  0.04018796  0.04268914  0.02101027  0.00504862  0.00022403
 -0.00338571 -0.00052447 -0.0112215  -0.01465566 -0.0257998  -0.03333317
 -0.03690037 -0.03792201 -0.04135147 -0.04331029 -0.04544684 -0.04232355
 -0.04787516 -0.05031529 -0.05717394 -0.05326894 -0.0574508  -0.05888462
 -0.05633899 -0.05208269 -0.05794682 -0.06038891 -0.0632692  -0.06316348
 -0.06382721 -0.0685585  -0.07010282 -0.06499093 -0.07097238 -0.0665151
 -0.06265746 -0.0640388  -0.05718195 -0.05123623 -0.03994555 -0.02761186
 -0.00884372  0.00894411  0.00901982 -0.00367746 -0.00534167 -0.01921928
 -0.01458262 -0.02064422 -0.02160748 -0.02409397 -0.0274724  -0.02421244
 -0.02326872 -0.02556199 -0.02851095 -0.02851095 -0.02851095 -0.02851095
 -0.02851095 -0.02851095 -0.02851095 -0.02851095 -0.02851095 -0.02851095
 -0.02851095 -0.02851095 -0.02851095 -0.02851095 -0.02851095 -0.02851095]",485688
1086490561,Sst-IRES-Cre,False,familiar,"[ 0.00985268  0.00929499  0.00371007  0.00133372 -0.00199182 -0.00276135
 -0.00637375 -0.00493428 -0.00116806  0.00514494  0.00062558  0.00031767
  0.00073872 -0.00358298 -0.00756222 -0.00033082  0.00140866  0.00303968
  0.01012117  0.0061746   0.0052659  -0.00515119 -0.0061563  -0.00467999
  0.00265741  0.00131265  0.00128551 -0.00557708 -0.0057556  -0.00625852
 -0.00815457  0.00153491  0.0081296   0.00813341  0.0049972   0.00210205
  0.00757     0.00855284  0.00534768  0.01438955  0.01171113  0.00819439
  0.00487768  0.00164568 -0.00509184  0.00510092  0.00139359  0.00284293
 -0.0026308   0.00377761 -0.00041407 -0.00109658  0.0012097   0.00197256
 -0.00160455 -0.00118712  0.00543251  0.0109188   0.00798275  0.00624989
  0.00424367  0.00701293  0.00857709  0.00104635  0.00165682 -0.01057595
 -0.00501435 -0.00405329 -0.00667291  0.00735736 -0.00311183 -0.0074935
 -0.00886407 -0.01385515 -0.0095782  -0.0095782  -0.0095782  -0.0095782
 -0.0095782  -0.0095782  -0.0095782  -0.0095782  -0.0095782  -0.0095782
 -0.0095782  -0.0095782  -0.0095782  -0.0095782  -0.0095782  -0.0095782 ]",470784
1086490561,Sst-IRES-Cre,True,familiar,"[-4.64424105e-03 -4.52813153e-03 -2.56863666e-03  2.17504684e-03
  1.93789983e-03  4.02957783e-03 -1.22958037e-02 -8.22071443e-03
 -3.37160179e-03 -9.00379308e-03 -1.54525777e-03  5.05534668e-03
  4.14991650e-03  2.55283873e-03  1.05574136e-02  1.43681872e-02
  4.67663444e-03  8.37214247e-03  5.26776304e-03  1.09433058e-02
 -2.30637887e-03  3.60870418e-03 -1.22695158e-02  2.30326223e-03
 -4.76261229e-03 -4.04515045e-03 -3.34430790e-03 -2.59074909e-03
 -5.44367627e-03  9.42531354e-04 -2.53384504e-04 -5.15272317e-03
 -8.08457254e-03 -3.58676912e-03 -3.32202055e-04 -3.06255058e-03
 -3.22464994e-03 -1.27004966e-03 -1.33088149e-03  3.42527179e-03
 -5.22088074e-03  3.09949684e-05 -2.26236000e-03 -9.57333325e-03
 -5.38756337e-03 -4.54348862e-03 -1.22104643e-02 -1.07120727e-02
  1.09075818e-02 -4.20355845e-03 -8.27031853e-03  1.83284494e-03
 -5.56976846e-03 -3.20976835e-03 -3.07903482e-03 -9.54579948e-03
 -2.75624279e-03  8.27823226e-03  6.68593490e-03  1.02624806e-03
 -3.89918718e-03 -5.90443592e-03  5.38706794e-03  6.53808056e-04
  2.60105680e-03 -4.97394976e-04 -1.11036988e-02 -1.69323387e-03
 -9.22638806e-04  4.87502928e-03  3.11776940e-03 -1.26467917e-02
 -6.07978171e-03  7.59778457e-04 -3.94560122e-03 -3.94560122e-03
 -3.94560122e-03 -3.94560122e-03 -3.94560122e-03 -3.94560122e-03
 -3.94560122e-03 -3.94560122e-03 -3.94560122e-03 -3.94560122e-03
 -3.94560122e-03 -3.94560122e-03 -3.94560122e-03 -3.94560122e-03
 -3.94560122e-03 -3.94560122e-03]",470784
1086490572,Sst-IRES-Cre,False,familiar,"[ 4.10795242e-03  2.31995284e-03 -1.22393602e-02 -6.20940955e-03
 -1.13071845e-02 -1.13158127e-02 -1.06842762e-02 -1.07374891e-02
 -1.08347572e-02 -2.74019318e-03  1.56102730e-02  3.39599987e-02
  3.24963707e-02  2.85654754e-02  1.76947707e-02  2.05342787e-02
  1.61089034e-02  7.91144567e-03 -2.14637148e-03 -5.06187056e-03
  1.90837896e-05 -5.91289491e-03 -1.19724119e-02 -1.04506417e-02
 -2.22061736e-02 -1.21762989e-02 -1.33287563e-02 -1.10784180e-02
 -5.10912929e-03 -3.81705587e-03 -9.38406222e-03 -1.73988216e-02
 -8.49333593e-03  2.95282057e-04  9.63581162e-04  7.25190875e-03
  1.94091114e-02  3.53454025e-02  4.63726093e-02  5.63665059e-02
  5.03849089e-02  3.29516599e-02  2.39442760e-02  2.75493570e-02
  1.29884628e-02  3.84982768e-03  6.87856736e-03  4.93468346e-03
 -2.14372730e-03 -6.79544349e-03 -3.70338874e-03 -5.85315665e-04
 -4.14694200e-03 -1.05252595e-02  3.91548469e-03  3.46657523e-02
  4.58748900e-02  5.07796856e-02  5.35261868e-02  6.01069547e-02
  6.38323561e-02  4.63294765e-02  4.03606025e-02  2.92112775e-02
  2.47104607e-02  1.68524549e-02  1.46772286e-02  5.05853049e-03
  1.01782600e-02  4.29463834e-03  8.36257018e-03  1.45508886e-02
 -1.50043947e-03 -6.10556611e-03 -1.01410617e-02 -1.01410617e-02
 -1.01410617e-02 -1.01410617e-02 -1.01410617e-02 -1.01410617e-02
 -1.01410617e-02 -1.01410617e-02 -1.01410617e-02 -1.01410617e-02
 -1.01410617e-02 -1.01410617e-02 -1.01410617e-02 -1.01410617e-02
 -1.01410617e-02 -1.01410617e-02]",485688
1086490572,Sst-IRES-Cre,False,novel,"[ 2.07319421e-05  3.00736695e-04  2.92906328e-03  3.11701752e-03
  2.02206153e-03 -6.01666577e-04 -3.94276172e-03  2.85475616e-03
 -1.80405994e-03 -4.03122327e-03 -1.83426569e-03  2.38789794e-03
  5.12802816e-03  6.52207319e-03  5.51480208e-03  1.09026380e-02
  1.15735052e-02  6.07525628e-03  3.91642816e-04  7.83653144e-03
  1.80744200e-03 -4.12981974e-03  7.54489602e-04 -3.01282203e-04
 -1.14894116e-02 -6.22944606e-03 -7.00963769e-03 -1.12654288e-02
 -1.01473860e-02 -7.35228457e-03 -1.40817187e-02 -1.23935766e-02
 -1.42659360e-02 -1.21538764e-02 -1.40871116e-02 -1.79676641e-02
 -8.79395631e-03  3.42821740e-03  1.44435188e-02  2.47088925e-02
  2.94085115e-02  3.74356445e-02  2.22128709e-02  2.57005391e-02
  1.38895433e-02  1.71498202e-02  9.80088529e-03  1.57144905e-02
  1.17115526e-02  1.17158303e-02  1.22271894e-02  1.30938845e-02
  1.12742509e-02  1.21840172e-02  1.07681788e-02  1.05137579e-02
  1.07446294e-02  1.43121928e-02  1.89758076e-02  2.23979240e-02
  1.95144861e-02  2.95242811e-02  2.82938595e-02  2.33257189e-02
  2.71186055e-02  2.36713513e-02  1.17959155e-02  2.13946078e-02
  2.29838642e-02  2.57285946e-02  2.85913307e-02  2.41728008e-02
  2.29399944e-02  2.33746102e-02  1.96141998e-02  1.96141998e-02
  1.96141998e-02  1.96141998e-02  1.96141998e-02  1.96141998e-02
  1.96141998e-02  1.96141998e-02  1.96141998e-02  1.96141998e-02
  1.96141998e-02  1.96141998e-02  1.96141998e-02  1.96141998e-02
  1.96141998e-02  1.96141998e-02]",485688
1086490572,Sst-IRES-Cre,True,familiar,"[-0.01423055 -0.01347126 -0.00913989 -0.02193292 -0.01645701 -0.01582784
 -0.01144741 -0.0070968  -0.01945859 -0.02095356 -0.00171659  0.02885215
  0.03243182  0.03138984  0.03566123  0.03638022  0.03552892  0.03326716
  0.02240024  0.00901702  0.00048489 -0.00965922 -0.00056732 -0.0074991
 -0.01833103 -0.02134844 -0.01951851 -0.01549462 -0.00873199 -0.01253083
 -0.01131107 -0.01433589 -0.02113944 -0.02776115 -0.02585912 -0.01858787
 -0.02173012 -0.01616488 -0.01445206 -0.01543794 -0.0188976  -0.02137811
 -0.02354201 -0.03134249 -0.02582206 -0.02934772 -0.03508448 -0.02550587
 -0.0204807  -0.01579894 -0.01892998 -0.01987095 -0.01891487 -0.01750413
 -0.02379323 -0.01819828  0.0119427   0.01754912  0.01208723  0.01348047
  0.01476459  0.02094942  0.01697782  0.00993497  0.00333939  0.00154021
 -0.00429369 -0.00567505 -0.01092292 -0.01810778 -0.01456334 -0.01246196
 -0.01543496 -0.01881772 -0.0243276  -0.0243276  -0.0243276  -0.0243276
 -0.0243276  -0.0243276  -0.0243276  -0.0243276  -0.0243276  -0.0243276
 -0.0243276  -0.0243276  -0.0243276  -0.0243276  -0.0243276  -0.0243276 ]",485688
1086490572,Sst-IRES-Cre,True,novel,"[ 0.00450906  0.00480985  0.00539022 -0.00458738  0.00736368  0.00258261
  0.00199848 -0.00276084  0.00031249 -0.00192045 -0.00541041 -0.00410238
  0.00082964  0.00372855  0.00482293  0.00467448  0.01562902  0.00850325
  0.00074176 -0.00127442 -0.000465   -0.00285238 -0.00374211 -0.00044831
 -0.00139633 -0.00207085 -0.0062868  -0.00974892 -0.0088841  -0.00994533
 -0.00570403 -0.00969728 -0.01158547 -0.01056365 -0.01165518 -0.00918414
 -0.00708529 -0.01207237 -0.01354883 -0.01394792 -0.00110135 -0.01202515
 -0.0100205  -0.00827044 -0.01681608 -0.00312075 -0.01060016 -0.00538691
 -0.00736263 -0.00240099 -0.00218872 -0.0022812  -0.00870974 -0.01004793
 -0.00560374 -0.01203318 -0.0109661  -0.0078417  -0.00594515 -0.00656103
  0.0025631   0.01048023  0.00609188  0.00872236  0.0049115   0.00481547
 -0.00251152  0.00347752 -0.00425504  0.00532847 -0.00691259 -0.00906227
 -0.00832829 -0.00802428  0.00315856  0.00315856  0.00315856  0.00315856
  0.00315856  0.00315856  0.00315856  0.00315856  0.00315856  0.00315856
  0.00315856  0.00315856  0.00315856  0.00315856  0.00315856  0.00315856]",485688
1086490598,Sst-IRES-Cre,False,familiar,"[-0.00066695 -0.00091898 -0.00290861 -0.00026053 -0.00109581 -0.00421309
 -0.00318304 -0.00316991 -0.00261746  0.00099649 -0.00063521  0.00276484
  0.00388981  0.00620455  0.00478308  0.00700163  0.00426967  0.00023989
  0.00393877  0.00862997 -0.00118712  0.00094151 -0.00631563 -0.00514424
 -0.00665831 -0.00190883 -0.00478338  0.00067421  0.00297027 -0.00163761
 -0.00274323  0.0012591  -0.00273916  0.00146407  0.00529359  0.00681765
  0.00839956  0.01425506  0.01081938  0.00934222  0.01175685  0.01240937
  0.00923969  0.00304383  0.00179933 -0.00149106  0.00295397 -0.00440931
  0.00722796 -0.00190063 -0.00959206 -0.00589277 -0.00246223 -0.0062912
 -0.00240767  0.004706    0.00428623  0.00322679  0.01149412  0.01041968
  0.00914814  0.0103788   0.00999536  0.00289929  0.00590901  0.00588576
  0.01074235 -0.00077334  0.00294339  0.00189879 -0.00685862 -0.0018402
 -0.00538505 -0.00555091 -0.00376918 -0.00376918 -0.00376918 -0.00376918
 -0.00376918 -0.00376918 -0.00376918 -0.00376918 -0.00376918 -0.00376918
 -0.00376918 -0.00376918 -0.00376918 -0.00376918 -0.00376918 -0.00376918]",470784
1086490598,Sst-IRES-Cre,True,familiar,"[-0.00820534 -0.00816804 -0.00672681  0.00075767  0.00205184 -0.00184954
  0.0036367  -0.00179562 -0.00381105  0.00084086 -0.00130892 -0.00879488
  0.00277967  0.010537    0.01139581  0.01742282  0.00585731  0.00464626
  0.00593853  0.00658494 -0.00571331 -0.00202971  0.00470328 -0.00137891
 -0.00526987 -0.00905615 -0.00320651  0.00156    -0.00231328 -0.00908475
 -0.00623464  0.00013122  0.00279592 -0.00144918 -0.00622576 -0.01238893
 -0.01568974 -0.00569152 -0.00578305 -0.01000767 -0.01090303 -0.00267379
 -0.00388206 -0.0080269   0.0007247  -0.00106215 -0.00974541 -0.0072948
 -0.00374874 -0.00240088 -0.01001399 -0.00463783  0.00067908 -0.00391983
 -0.01051922 -0.00345929  0.00382503  0.0025576   0.00844317  0.00738926
 -0.00330393  0.00292541  0.00630307 -0.00228076  0.00298845  0.00263588
  0.00420159 -0.00429893 -0.00854563 -0.00635954  0.0012445  -0.00656326
 -0.003374   -0.00599595 -0.00621334 -0.00621334 -0.00621334 -0.00621334
 -0.00621334 -0.00621334 -0.00621334 -0.00621334 -0.00621334 -0.00621334
 -0.00621334 -0.00621334 -0.00621334 -0.00621334 -0.00621334 -0.00621334]",470784
1086490603,Sst-IRES-Cre,False,familiar,"[ 0.00313358  0.002617   -0.00251144 -0.00442639 -0.00550571 -0.00992617
 -0.01257163 -0.01225694 -0.01329533 -0.01200958 -0.00681917  0.00241845
  0.00772624  0.01383182  0.01850439  0.02402276  0.02251929  0.01943193
  0.02045596  0.01291594  0.00537838  0.00087935  0.00189425 -0.00480066
 -0.00578392 -0.00835241 -0.01301051 -0.01439879 -0.01621171 -0.01384897
 -0.01543237 -0.01667235 -0.01510627 -0.00925872 -0.00025143  0.00832618
  0.01601862  0.0218354   0.02712532  0.03161455  0.03526576  0.03391018
  0.02678554  0.01737902  0.01514202  0.01185055  0.00534626 -0.00089224
 -0.00352047 -0.00663744 -0.01001147 -0.01036888 -0.0146596  -0.01389124
 -0.01062848  0.00167157  0.01683008  0.03313602  0.04973452  0.06502206
  0.07175417  0.07119349  0.06551959  0.06023671  0.05394586  0.04096979
  0.03280556  0.02000754  0.0126414   0.00640218  0.00245325  0.00072083
 -0.00867806 -0.00970362 -0.01003332 -0.01003332 -0.01003332 -0.01003332
 -0.01003332 -0.01003332 -0.01003332 -0.01003332 -0.01003332 -0.01003332
 -0.01003332 -0.01003332 -0.01003332 -0.01003332 -0.01003332 -0.01003332]",480753
1086490603,Sst-IRES-Cre,False,novel,"[-0.00360023 -0.00328246 -0.00072992 -0.00282782 -0.00322289 -0.00338471
 -0.00688606 -0.00740743 -0.00669527 -0.0044558  -0.00273216 -0.00099961
 -0.00146339  0.00132375  0.00475813  0.00625988  0.00758409  0.00988637
  0.00649463  0.00769857  0.0088664   0.00142305  0.00340944  0.00230221
 -0.00136381 -0.0035888  -0.00020564 -0.00146739 -0.00235127 -0.00334185
 -0.00512042 -0.00584423 -0.00399576 -0.00173522 -0.00083379 -0.00204037
 -0.00158919 -0.00302551 -0.00054122  0.00270893  0.00119053  0.00252857
  0.00222467  0.00402641  0.00267704 -0.00161367 -0.00932229 -0.00378049
 -0.00236933 -0.00514658 -0.00337423 -0.00381909 -0.00826643 -0.00582411
 -0.00254536 -0.00234921 -0.00078266 -0.00146059  0.0001415   0.00319865
  0.00448534  0.00278306  0.00168076  0.00095817  0.00158415  0.00050881
 -0.00051857  0.00092614  0.00078526 -0.005263   -0.00535455 -0.00223392
 -0.00663276 -0.0082003  -0.00547153 -0.00547153 -0.00547153 -0.00547153
 -0.00547153 -0.00547153 -0.00547153 -0.00547153 -0.00547153 -0.00547153
 -0.00547153 -0.00547153 -0.00547153 -0.00547153 -0.00547153 -0.00547153]",480753
1086490603,Sst-IRES-Cre,True,familiar,"[ 0.00495069  0.00452561 -0.0002371  -0.00638826 -0.01249002 -0.01599621
 -0.02239049 -0.0254317  -0.02731732 -0.02996301 -0.02629922 -0.01525444
  0.00221013  0.02001104  0.0307312   0.04115493  0.04485996  0.04123292
  0.03660732  0.03389048  0.01953494  0.01249983  0.00490257 -0.00185022
 -0.00842559 -0.01313744 -0.01853161 -0.02170643 -0.02563398 -0.02605859
 -0.0283772  -0.03093368 -0.03312219 -0.03284235 -0.03574244 -0.03866188
 -0.04186755 -0.04324435 -0.04499593 -0.04328576 -0.04463537 -0.04372645
 -0.04498517 -0.04432305 -0.04865652 -0.04860774 -0.0458373  -0.04578968
 -0.04791995 -0.04851079 -0.04717033 -0.05003893 -0.04838968 -0.05005911
 -0.04766565 -0.0397176  -0.02909298 -0.01744415 -0.01105073 -0.0011065
  0.00709481  0.00790608  0.00726406  0.00484428 -0.00370442 -0.00494573
 -0.01304525 -0.01515123 -0.02080531 -0.02474106 -0.0294172  -0.03206998
 -0.03308628 -0.03297622 -0.0369038  -0.0369038  -0.0369038  -0.0369038
 -0.0369038  -0.0369038  -0.0369038  -0.0369038  -0.0369038  -0.0369038
 -0.0369038  -0.0369038  -0.0369038  -0.0369038  -0.0369038  -0.0369038 ]",480753
1086490603,Sst-IRES-Cre,True,novel,"[-0.00031149 -0.00065455 -0.00440277 -0.0081596  -0.00838114 -0.00989227
 -0.00859828 -0.01252686 -0.01244343 -0.01192722 -0.01184991 -0.00488733
  0.00137542  0.00509347  0.01127103  0.01387058  0.01182806  0.01458082
  0.01519173  0.01309497  0.01192737  0.0104574   0.00763855  0.00256937
  0.0037508  -0.00527541 -0.00352802 -0.00450527 -0.00770918 -0.00759685
 -0.01227006 -0.0141407  -0.01451666 -0.0123407  -0.01236409 -0.01499622
 -0.01820601 -0.01506493 -0.01685863 -0.01654503 -0.01736385 -0.01574006
 -0.01518862 -0.01769835 -0.01499356 -0.01773567 -0.01516719 -0.01781978
 -0.01624258 -0.01904952 -0.01795976 -0.017204   -0.0157302  -0.01969051
 -0.01984507 -0.0153967  -0.01137298 -0.00784507 -0.00289997  0.0026617
  0.00675719  0.00846474  0.00915424  0.01015155  0.00696659  0.00451046
  0.00325808  0.00127433  0.00025713 -0.00216232 -0.00565217 -0.00571439
 -0.00840028 -0.01042227 -0.01322222 -0.01322222 -0.01322222 -0.01322222
 -0.01322222 -0.01322222 -0.01322222 -0.01322222 -0.01322222 -0.01322222
 -0.01322222 -0.01322222 -0.01322222 -0.01322222 -0.01322222 -0.01322222]",480753
1086490613,Sst-IRES-Cre,False,familiar,"[-0.00564722 -0.00638642 -0.01384267 -0.01987004 -0.02312896 -0.02531761
 -0.02412611 -0.02947572 -0.02941431 -0.02848215 -0.01901716  0.00492875
  0.0271262   0.03275497  0.04082983  0.05806146  0.05074265  0.04709193
  0.04341373  0.03194678  0.02194605  0.01274697  0.00075128 -0.00363681
 -0.01542343 -0.01901426 -0.0242543  -0.02502951 -0.02915883 -0.03111507
 -0.02921303 -0.03530691 -0.02993921 -0.01013255  0.00295546  0.01672415
  0.03016886  0.04678615  0.05499212  0.05770263  0.05864156  0.03711658
  0.01868044  0.01341067 -0.01076576 -0.01278059 -0.02708751 -0.03677448
 -0.03127748 -0.0373789  -0.04373434 -0.04500521 -0.04760093 -0.04593058
 -0.03777792 -0.00933889  0.03703694  0.08187392  0.10266841  0.11640691
  0.12906562  0.11505007  0.09431433  0.0727186   0.04544995  0.02218671
  0.01755418 -0.01038838  0.00325566 -0.02698491 -0.03123054 -0.02828542
 -0.03622957 -0.04440651 -0.04701881 -0.04701881 -0.04701881 -0.04701881
 -0.04701881 -0.04701881 -0.04701881 -0.04701881 -0.04701881 -0.04701881
 -0.04701881 -0.04701881 -0.04701881 -0.04701881 -0.04701881 -0.04701881]",485688
1086490613,Sst-IRES-Cre,True,familiar,"[-0.01698368 -0.01756627 -0.0226489  -0.02230518 -0.02501112 -0.03283898
 -0.03204288 -0.03620149 -0.03826496 -0.0414021  -0.03471105 -0.00612961
  0.02642616  0.04292757  0.06026978  0.06161221  0.07024136  0.06769734
  0.05132397  0.04503372  0.02736765  0.00449828  0.00799446 -0.01015378
 -0.01262384 -0.01254896 -0.02188305 -0.01844573 -0.03193655 -0.03169436
 -0.02337024 -0.02976869 -0.036604   -0.04257362 -0.04426283 -0.04134462
 -0.0387963  -0.04607144 -0.05086767 -0.0475127  -0.05323562 -0.05726845
 -0.05198745 -0.04504875 -0.05014815 -0.04197733 -0.04901918 -0.05747402
 -0.05508268 -0.05734466 -0.04754778 -0.05344845 -0.05908958 -0.05946387
 -0.04531586 -0.03154682 -0.01417183  0.00222806  0.02129129  0.0309839
  0.03689422  0.043548    0.05256968  0.02551183  0.00845912  0.00789837
 -0.01021624  0.00262217 -0.01740521 -0.01633766 -0.02653293 -0.03540737
 -0.03419317 -0.03793419 -0.0383966  -0.0383966  -0.0383966  -0.0383966
 -0.0383966  -0.0383966  -0.0383966  -0.0383966  -0.0383966  -0.0383966
 -0.0383966  -0.0383966  -0.0383966  -0.0383966  -0.0383966  -0.0383966 ]",485688
1086490648,Sst-IRES-Cre,False,familiar,"[ 0.00289124  0.00142007 -0.00943678  0.00154423 -0.004837   -0.00182383
  0.00092372 -0.0027588  -0.00481922  0.001013    0.01835479  0.02735435
  0.02166513  0.02599635  0.02709275  0.01613161  0.010296    0.00665172
  0.00319642 -0.00815831 -0.02000538 -0.01149545 -0.00789159 -0.0061181
 -0.01740792 -0.00991757 -0.02182221 -0.01038706 -0.01704047 -0.01061168
 -0.00841481 -0.01254662 -0.0065289   0.00886901  0.0118143   0.01900582
  0.0324761   0.04914053  0.06133706  0.06301868  0.05283615  0.03955193
  0.03266021  0.02318129  0.0173669   0.01966183  0.02302227  0.00927222
  0.0108336  -0.00184245 -0.00249853  0.00308659 -0.00290942  0.00302049
  0.03218627  0.06364378  0.08131353  0.09450214  0.09769462  0.09164066
  0.09857138  0.09140618  0.07064694  0.0626834   0.05030395  0.03198323
  0.0187213   0.02279028  0.02325048  0.02356455  0.01396157  0.00222601
  0.00167815 -0.00970148 -0.00292166 -0.00292166 -0.00292166 -0.00292166
 -0.00292166 -0.00292166 -0.00292166 -0.00292166 -0.00292166 -0.00292166
 -0.00292166 -0.00292166 -0.00292166 -0.00292166 -0.00292166 -0.00292166]",485688
1086490648,Sst-IRES-Cre,False,novel,"[ 0.00394467  0.00449001  0.0080324  -0.00024328  0.00163976 -0.0029803
 -0.01439504 -0.0100546  -0.01420113 -0.00769293  0.00396332  0.01082028
  0.00886995  0.01990761  0.02633298  0.02667518  0.02664509  0.02585732
  0.01689469  0.00172027 -0.00269318 -0.00076757 -0.00950229 -0.00613241
 -0.02239536 -0.0201846  -0.01413848 -0.01632439 -0.01865259 -0.02543538
 -0.02121671 -0.02035249 -0.02475921 -0.02015748 -0.01306496 -0.01063068
  0.00307529  0.02313154  0.04486187  0.05445259  0.05008465  0.05810895
  0.04680854  0.03365609  0.03003948  0.02424793  0.02462531  0.02955718
  0.01747734  0.02038598  0.01489988  0.01743837  0.01065418  0.00471755
  0.01278239  0.02601796  0.03802532  0.04912945  0.05115695  0.05751277
  0.06894003  0.06187168  0.05356358  0.05518979  0.04716437  0.03950794
  0.03316864  0.03990595  0.04288735  0.03105235  0.0154196   0.02689613
  0.02690018  0.02575475  0.01737772  0.01737772  0.01737772  0.01737772
  0.01737772  0.01737772  0.01737772  0.01737772  0.01737772  0.01737772
  0.01737772  0.01737772  0.01737772  0.01737772  0.01737772  0.01737772]",485688
1086490648,Sst-IRES-Cre,True,familiar,"[-0.01636931 -0.01704738 -0.02166987 -0.01375272 -0.01403357 -0.01085138
 -0.00465167 -0.00366905 -0.01010607 -0.01482509  0.00041306  0.02321504
  0.03435508  0.03500817  0.0312116   0.03042186  0.02771137  0.02710039
  0.01211759 -0.0024655  -0.00222207 -0.01085049 -0.00946195 -0.01956501
 -0.01290008 -0.0063215  -0.00817729 -0.01087425 -0.00614428 -0.00559564
 -0.00552943 -0.0105458  -0.01186164 -0.01165145 -0.01486932 -0.01253371
 -0.00864034 -0.0108328  -0.00653393 -0.01454086 -0.00819876 -0.00571542
 -0.01172997 -0.0033237  -0.00353863  0.00544486 -0.00846327 -0.00870164
 -0.00981622 -0.00341533 -0.00459309 -0.00351416 -0.00673402 -0.00392212
 -0.0085082   0.00269456  0.00975348  0.00443844  0.00725249  0.00653839
  0.00772803  0.00905266  0.009346    0.00834621 -0.00251643 -0.00837795
 -0.01014539 -0.00765791 -0.02040021 -0.0215655  -0.02228558 -0.02107911
 -0.02363456 -0.02831459 -0.01204298 -0.01204298 -0.01204298 -0.01204298
 -0.01204298 -0.01204298 -0.01204298 -0.01204298 -0.01204298 -0.01204298
 -0.01204298 -0.01204298 -0.01204298 -0.01204298 -0.01204298 -0.01204298]",485688
1086490648,Sst-IRES-Cre,True,novel,"[-0.00025847 -0.00029896 -0.00156509 -0.00716129 -0.00962755 -0.01377451
 -0.01086052 -0.01442036 -0.01814279 -0.02149982 -0.01900224 -0.00962597
  0.00022906  0.01193249  0.0226185   0.02842311  0.02993893  0.02691296
  0.02459629  0.02490963  0.01209807 -0.00156658  0.00252076 -0.00494348
 -0.00672507 -0.00589545 -0.00704791 -0.01100727 -0.00998407 -0.0107724
 -0.01018502 -0.01547325 -0.01258966 -0.02143749 -0.02538715 -0.02897482
 -0.02504616 -0.02738031 -0.03080337 -0.02219202 -0.02543644 -0.03229339
 -0.03084434 -0.03310167 -0.02992258 -0.03862871 -0.0293059  -0.03927766
 -0.0331288  -0.03237219 -0.03355654 -0.0355915  -0.03737576 -0.03225552
 -0.03634017 -0.02895895 -0.01777657 -0.00858016 -0.00607968 -0.00488351
  0.01113951  0.02228422  0.02180701  0.01827597  0.01472981  0.01243384
  0.00116952 -0.00282077 -0.01095489  0.00471844 -0.00724191 -0.01291954
 -0.01677025 -0.00682672 -0.00507864 -0.00507864 -0.00507864 -0.00507864
 -0.00507864 -0.00507864 -0.00507864 -0.00507864 -0.00507864 -0.00507864
 -0.00507864 -0.00507864 -0.00507864 -0.00507864 -0.00507864 -0.00507864]",485688
1086490689,Sst-IRES-Cre,False,familiar,"[ 3.40073581e-03  3.45537442e-03  1.72017870e-03 -1.09206934e-02
 -5.64265425e-03  4.89469798e-03  1.66162110e-03 -2.98721119e-03
  2.30876031e-04  8.48520685e-03  9.73206930e-03  1.00870840e-02
  1.44761395e-02  1.13685803e-02  5.76525957e-03 -3.09454570e-03
 -2.76383450e-03 -2.11289262e-03  3.40660120e-03 -2.79730600e-03
 -5.41722966e-03 -9.09720922e-03 -7.49344285e-03 -1.23893294e-02
 -1.77983131e-03 -1.23383347e-02  1.89775765e-03  3.15662233e-03
 -3.03535734e-03 -1.86893268e-03  7.10051262e-03  3.72303233e-04
  1.52698426e-03  7.05477500e-03  1.40916231e-02  1.09172302e-02
  1.19073162e-02  1.70648028e-02  9.45556774e-03  7.25373263e-03
 -7.28054317e-04 -3.56767510e-03 -4.36924176e-03  3.51433810e-03
 -1.45669598e-03 -1.15505144e-02  7.10256774e-04 -2.28075025e-03
  3.75556111e-04  5.28955775e-05  1.55546825e-03 -1.89892715e-03
  4.87454866e-03  5.78172156e-03  1.19593727e-02  3.17197994e-02
  3.01393689e-02  2.77346059e-02  2.77404246e-02  2.72777023e-02
  3.02645569e-02  3.06028104e-02  2.34925936e-02  1.40475038e-02
  5.52980417e-03  8.58535326e-03  7.75544499e-03  1.19584739e-02
  1.20798815e-02  9.84916840e-04  9.59707604e-03  1.10928867e-02
  1.33791467e-02  1.93465438e-02 -4.24159796e-03 -4.24159796e-03
 -4.24159796e-03 -4.24159796e-03 -4.24159796e-03 -4.24159796e-03
 -4.24159796e-03 -4.24159796e-03 -4.24159796e-03 -4.24159796e-03
 -4.24159796e-03 -4.24159796e-03 -4.24159796e-03 -4.24159796e-03
 -4.24159796e-03 -4.24159796e-03]",485688
1086490689,Sst-IRES-Cre,False,novel,"[-0.00463474 -0.00491817 -0.00705249 -0.00718084 -0.02024989 -0.02145097
 -0.02142108 -0.02279021 -0.02220228 -0.02418504 -0.01495964  0.00094548
  0.02133452  0.0364316   0.04650526  0.05841422  0.05641966  0.05045394
  0.03037624  0.02849211  0.01464619  0.00406872 -0.00570104 -0.01803186
 -0.02281355 -0.01882266 -0.01846936 -0.02866003 -0.0300413  -0.03450279
 -0.04563708 -0.04327806 -0.03604144 -0.01446893  0.01110786  0.04152125
  0.06215819  0.08020389  0.09369275  0.0879249   0.06843185  0.05016985
  0.04059294  0.03162728  0.03225099  0.01343109  0.00017206 -0.00870861
 -0.01326416 -0.01390971 -0.02383416 -0.03075584 -0.03478417 -0.03784485
 -0.02977759 -0.00068578  0.03457742  0.06324901  0.08431173  0.09560583
  0.10890476  0.11244173  0.09699127  0.07711227  0.0687765   0.06896538
  0.05911021  0.04716618  0.03028567  0.01630627  0.00028468 -0.01011917
 -0.00708662 -0.01237593 -0.02414027 -0.02414027 -0.02414027 -0.02414027
 -0.02414027 -0.02414027 -0.02414027 -0.02414027 -0.02414027 -0.02414027
 -0.02414027 -0.02414027 -0.02414027 -0.02414027 -0.02414027 -0.02414027]",485688
1086490689,Sst-IRES-Cre,True,familiar,"[-1.23868943e-02 -1.20278649e-02 -7.86387384e-03 -1.75275309e-03
 -4.95919417e-04 -6.87986239e-04 -2.24780421e-03  4.31684757e-05
  1.07517821e-03  3.48967235e-04  7.30515110e-03  2.04860834e-02
  1.99033281e-02  5.92522804e-03  3.62452738e-03  9.93461301e-03
  1.01457919e-02  9.16935989e-03  5.98078986e-04 -4.58503310e-05
 -1.28031955e-03 -1.25908698e-02 -7.76500658e-03 -6.44718748e-03
 -7.23147611e-03 -8.14132029e-03 -2.40181961e-03  2.44250665e-03
 -2.04035095e-03 -5.59468563e-03 -2.19842206e-03  6.39713838e-03
  6.92416612e-03  7.53330446e-03  9.05679977e-03  8.45587783e-03
  6.73162063e-03  5.11377345e-03  9.13329610e-03  1.27817503e-02
  1.31857961e-02  1.24389646e-02  1.22790768e-02  1.67062647e-02
  1.69330233e-02  9.86508354e-03  7.92696806e-03  1.05541203e-02
  1.32768880e-02  1.37912532e-02  1.33405146e-02  8.20822950e-03
  7.93889298e-03  7.88169685e-03  1.70622695e-02  1.93633693e-02
  2.44231205e-02  2.16921694e-02  1.13435708e-02  1.34508565e-02
  1.32804940e-02  6.00419970e-03 -5.54452261e-03 -6.12587807e-03
 -2.89437441e-03 -1.11290483e-02 -3.70544068e-03 -3.01697985e-03
 -1.69116255e-02 -8.29593023e-03 -1.20682898e-02 -2.02338058e-03
  2.55774504e-03 -1.57926275e-03 -1.02593569e-03 -1.02593569e-03
 -1.02593569e-03 -1.02593569e-03 -1.02593569e-03 -1.02593569e-03
 -1.02593569e-03 -1.02593569e-03 -1.02593569e-03 -1.02593569e-03
 -1.02593569e-03 -1.02593569e-03 -1.02593569e-03 -1.02593569e-03
 -1.02593569e-03 -1.02593569e-03]",485688
1086490689,Sst-IRES-Cre,True,novel,"[-8.67122705e-03 -8.45601411e-03 -7.45985998e-03 -1.58701750e-02
 -2.98825227e-02 -3.46204635e-02 -2.69826500e-02 -3.89940325e-02
 -4.57638238e-02 -4.77606871e-02 -3.96059580e-02 -2.00931219e-02
  1.95153433e-03  2.73953291e-02  4.70563431e-02  6.11562535e-02
  6.99546364e-02  5.99437016e-02  5.86438768e-02  4.35379651e-02
  3.54773562e-02  1.70206578e-02  2.08235312e-02  1.22880515e-02
 -4.62137558e-03 -1.42104572e-02 -2.27417885e-02 -2.64318769e-02
 -2.90106222e-02 -3.40725805e-02 -3.48640177e-02 -3.94542100e-02
 -4.39686237e-02 -4.41494530e-02 -5.03892320e-02 -5.17661372e-02
 -5.73194037e-02 -6.32538650e-02 -6.18373105e-02 -6.48042196e-02
 -5.98456623e-02 -6.16009581e-02 -6.82462389e-02 -6.61361440e-02
 -6.24714285e-02 -7.89638799e-02 -7.47272606e-02 -6.92968298e-02
 -6.92515951e-02 -6.10548705e-02 -6.64872387e-02 -6.31717751e-02
 -7.09229603e-02 -6.11168404e-02 -6.48458445e-02 -5.85672541e-02
 -3.84938143e-02 -2.83326037e-02 -7.02436544e-03  1.82563988e-02
  2.85430658e-02  2.55537890e-02  2.03967146e-02  8.45280667e-03
 -1.53163590e-05 -1.23411342e-02 -1.04600399e-02 -2.65163994e-02
 -2.15412881e-02 -3.49503380e-02 -4.73400692e-02 -3.97901100e-02
 -4.73549066e-02 -4.96162315e-02 -5.02064343e-02 -5.02064343e-02
 -5.02064343e-02 -5.02064343e-02 -5.02064343e-02 -5.02064343e-02
 -5.02064343e-02 -5.02064343e-02 -5.02064343e-02 -5.02064343e-02
 -5.02064343e-02 -5.02064343e-02 -5.02064343e-02 -5.02064343e-02
 -5.02064343e-02 -5.02064343e-02]",485688
1086490696,Sst-IRES-Cre,False,familiar,"[ 0.00067594  0.00052835 -0.00141842 -0.00441875 -0.00307883 -0.00621309
 -0.00597042 -0.00464521 -0.00330974 -0.00268488 -0.00250618 -0.00155197
 -0.00060033  0.00228462  0.00634452  0.00696481  0.00763557  0.00514426
  0.00604838  0.00593011  0.00168215 -0.0007238  -0.00010542  0.00381747
 -0.00213314 -0.00059469 -0.00101818  0.00114811 -0.0030359  -0.00419533
 -0.00247934 -0.00128452 -0.00381352 -0.00219984 -0.00055825  0.00119058
  0.00462106  0.00596861  0.01004174  0.01145404  0.01464205  0.00896023
  0.01115403  0.0017223   0.00179737  0.00044009 -0.00035201 -0.00068369
  0.00051968 -0.00097915 -0.00229584 -0.00458559 -0.00354293 -0.00263546
 -0.00533003 -0.00097159  0.00297664  0.00552477  0.0129589   0.01580125
  0.01489285  0.01485401  0.0152381   0.01391754  0.01342882  0.0060918
  0.00493089 -0.00049391  0.00112146  0.00044712 -0.00072234 -0.00513383
 -0.00143675 -0.00234804 -0.00406032 -0.00406032 -0.00406032 -0.00406032
 -0.00406032 -0.00406032 -0.00406032 -0.00406032 -0.00406032 -0.00406032
 -0.00406032 -0.00406032 -0.00406032 -0.00406032 -0.00406032 -0.00406032]",480753
1086490696,Sst-IRES-Cre,True,familiar,"[ 7.90316961e-04  5.25290662e-04 -1.79308218e-03 -1.50760640e-03
 -5.55499523e-03 -8.49797525e-03 -6.02581986e-03 -7.00622147e-03
 -8.39204953e-03 -5.66462514e-03 -6.20393707e-03 -4.01485082e-03
 -3.67625725e-05  3.92995926e-03  5.26857434e-03  8.95862075e-03
  1.07436813e-02  1.18568907e-02  1.10691127e-02  5.62358411e-03
  6.75255431e-03  4.63248382e-03  1.32126421e-03 -3.43996284e-05
 -5.59725149e-04 -1.75194367e-03 -2.01370734e-03 -1.36044987e-03
 -6.57048162e-03 -4.48370031e-03 -5.96820334e-03 -8.20483250e-03
 -7.49476499e-03 -9.63374748e-03 -8.53477864e-03 -5.86300321e-03
 -7.03048915e-03 -7.98058885e-03 -1.13912527e-02 -1.03440062e-02
 -1.21158515e-02 -8.84358035e-03 -1.39421124e-02 -1.03627845e-02
 -1.13593506e-02 -1.12627771e-02 -1.27315955e-02 -1.24217711e-02
 -1.16098063e-02 -1.42850478e-02 -1.38892021e-02 -1.05468623e-02
 -1.06754766e-02 -7.41010929e-03 -1.09285771e-02 -1.17922869e-02
 -6.35263899e-03 -3.63724801e-03  7.63695246e-04  1.24549809e-03
  2.89134071e-03  2.76971399e-03  4.19614231e-03  5.30368698e-03
  1.00326769e-03 -2.43615726e-03 -1.21610107e-03 -5.36716992e-03
 -5.34031850e-03 -5.67346297e-03 -5.03527537e-03 -5.31372429e-03
 -6.45311094e-03 -8.00590495e-03 -8.58534042e-03 -8.58534042e-03
 -8.58534042e-03 -8.58534042e-03 -8.58534042e-03 -8.58534042e-03
 -8.58534042e-03 -8.58534042e-03 -8.58534042e-03 -8.58534042e-03
 -8.58534042e-03 -8.58534042e-03 -8.58534042e-03 -8.58534042e-03
 -8.58534042e-03 -8.58534042e-03]",480753
1086490697,Sst-IRES-Cre,False,familiar,"[ 0.00471794  0.00369469 -0.00665589 -0.01136868 -0.01767979 -0.02132287
 -0.02430835 -0.0327471  -0.03613195 -0.03509012 -0.02144515  0.00444077
  0.02204865  0.03291536  0.05545185  0.05804371  0.06310586  0.05870417
  0.05347224  0.03981786  0.02051129  0.01634516  0.00164894 -0.01776078
 -0.01883233 -0.03143086 -0.03241577 -0.04021523 -0.03819521 -0.04931841
 -0.04914753 -0.04814838 -0.03422472 -0.00469373  0.03074189  0.05931331
  0.08826293  0.11943866  0.13719407  0.1341751   0.11940117  0.0955894
  0.07670042  0.05955544  0.03655056  0.02906776  0.02230798  0.01439387
  0.01284432 -0.00448604 -0.01557895 -0.02374863 -0.02927981 -0.03449396
 -0.01677259  0.01288188  0.0455325   0.07340009  0.0946447   0.11812812
  0.13223052  0.14565744  0.13594773  0.11689411  0.09092469  0.06638467
  0.05021851  0.04172793  0.02562405  0.00960239  0.00596814 -0.00857495
 -0.00760913 -0.02592964 -0.03233088 -0.03233088 -0.03233088 -0.03233088
 -0.03233088 -0.03233088 -0.03233088 -0.03233088 -0.03233088 -0.03233088
 -0.03233088 -0.03233088 -0.03233088 -0.03233088 -0.03233088 -0.03233088]",470784
1086490697,Sst-IRES-Cre,True,familiar,"[-0.01455081 -0.01375384 -0.00822412 -0.02514871 -0.04454685 -0.05304927
 -0.05963732 -0.06146537 -0.06163706 -0.0631726  -0.05660334 -0.02856485
  0.01471826  0.03711044  0.06193209  0.07672057  0.08670793  0.10052241
  0.0906118   0.07924235  0.04889019  0.02933759  0.02546475  0.0079221
 -0.01679894 -0.01494802 -0.02807148 -0.02944042 -0.03365703 -0.04591044
 -0.0475075  -0.04984502 -0.06144015 -0.06701444 -0.06875002 -0.08206108
 -0.08821409 -0.08813303 -0.10151903 -0.10239827 -0.1057014  -0.11096184
 -0.11500358 -0.10012565 -0.10027129 -0.12283409 -0.11147444 -0.11139114
 -0.11617472 -0.11010643 -0.11937329 -0.12020287 -0.12241885 -0.11973682
 -0.10376548 -0.08788472 -0.06836282 -0.04390289 -0.02584413 -0.00398902
  0.0075033   0.01762623  0.02157916  0.00856893 -0.01065568 -0.01320163
 -0.02924214 -0.03801106 -0.03788722 -0.0530068  -0.05689166 -0.07195592
 -0.07003039 -0.08067466 -0.07769343 -0.07769343 -0.07769343 -0.07769343
 -0.07769343 -0.07769343 -0.07769343 -0.07769343 -0.07769343 -0.07769343
 -0.07769343 -0.07769343 -0.07769343 -0.07769343 -0.07769343 -0.07769343]",470784
1086490748,Sst-IRES-Cre,False,familiar,"[-0.00020872 -0.00080162 -0.00637033 -0.00632438 -0.00812683 -0.00898683
 -0.01828121 -0.01286863 -0.00989053 -0.01159473 -0.00609721  0.00445051
  0.01482449  0.01613021  0.02075039  0.02867918  0.02320917  0.01966911
  0.02031042  0.01252031  0.0084306  -0.00384914  0.0009966  -0.00457741
 -0.00581952 -0.00447527 -0.01207719 -0.01476586 -0.01621292 -0.01864267
 -0.0199147  -0.01870011 -0.01230672  0.01111041  0.03228977  0.03473285
  0.0471952   0.05511515  0.05604311  0.05777696  0.05458585  0.03743745
  0.02640482  0.02205045  0.01070294  0.01008191  0.01196657  0.00095668
  0.00980876  0.00614756 -0.00100246 -0.00087325 -0.00932602 -0.00913228
 -0.00372369  0.01037076  0.02416179  0.03292542  0.03515571  0.03939356
  0.04256719  0.03920998  0.04166151  0.03630389  0.02519085  0.01096823
  0.01328361  0.00360241  0.0048347   0.00040849 -0.0040295  -0.00455493
 -0.01202698 -0.00809861 -0.01034918 -0.01034918 -0.01034918 -0.01034918
 -0.01034918 -0.01034918 -0.01034918 -0.01034918 -0.01034918 -0.01034918
 -0.01034918 -0.01034918 -0.01034918 -0.01034918 -0.01034918 -0.01034918]",470784
1086490748,Sst-IRES-Cre,True,familiar,"[-0.00374081 -0.00522334 -0.01644547 -0.00090764 -0.01387371 -0.01399495
 -0.01617284 -0.01786015 -0.02301137 -0.01985065 -0.01161008 -0.002278
  0.00420837  0.00990756  0.02794751  0.02575222  0.026111    0.02988
  0.0287281   0.01562657  0.01524433  0.00627768  0.00165485  0.00478611
 -0.0037613  -0.01076501 -0.01130199 -0.00754686 -0.01384396 -0.00393615
 -0.01010097 -0.01873634 -0.02364764 -0.01680024 -0.02131652 -0.02707639
 -0.02673034 -0.02341122 -0.02329486 -0.02647173 -0.03265058 -0.03486417
 -0.03154851 -0.03249266 -0.0294879  -0.03200311 -0.03109829 -0.03038586
 -0.03273655 -0.03658433 -0.03151961 -0.02650659 -0.0332653  -0.03012715
 -0.03192724 -0.03514238 -0.02105055 -0.00894433 -0.00293075 -0.00018311
  0.0039554   0.0061255   0.00345058  0.00313963 -0.0123968  -0.01478979
 -0.01826066 -0.00628701 -0.01064903 -0.01913058 -0.01535556 -0.02146265
 -0.0238867  -0.02568369 -0.03759972 -0.03759972 -0.03759972 -0.03759972
 -0.03759972 -0.03759972 -0.03759972 -0.03759972 -0.03759972 -0.03759972
 -0.03759972 -0.03759972 -0.03759972 -0.03759972 -0.03759972 -0.03759972]",470784
1086490751,Sst-IRES-Cre,False,familiar,"[-1.17629752e-03 -1.40018069e-03 -3.48192755e-03 -4.12801450e-03
 -6.69520084e-03 -5.35792838e-03 -8.15027761e-03 -1.17725828e-02
 -1.23812116e-02 -9.69234533e-03 -5.02458707e-03 -2.70226317e-04
  6.76805787e-03  1.22264784e-02  1.61055515e-02  1.75735913e-02
  1.77906573e-02  1.58622127e-02  1.28258642e-02  9.56939871e-03
  6.28704125e-03  6.39095313e-04  8.99593549e-05 -3.57913870e-03
 -4.56409637e-03 -4.61475439e-03 -6.66072049e-03 -8.34297157e-03
 -8.98688774e-03 -9.45855851e-03 -1.20507694e-02 -1.12528232e-02
 -8.51588699e-03 -1.69210364e-03  4.44720498e-03  1.28370797e-02
  1.87144231e-02  2.40971680e-02  2.77457383e-02  2.87165190e-02
  2.44210382e-02  1.76728561e-02  1.63799138e-02  7.80059469e-03
  5.72643395e-03  3.97951752e-03 -7.69766306e-04 -8.09972914e-04
 -5.03420907e-03 -3.37635641e-03 -5.16900994e-03 -7.92223780e-03
 -1.07591599e-02 -1.21722597e-02 -6.46691560e-03  3.58564951e-03
  1.35087658e-02  2.20756990e-02  2.98964714e-02  3.53904825e-02
  3.71873655e-02  3.54073903e-02  2.93321853e-02  2.50741281e-02
  1.79158904e-02  1.07631159e-02  9.69746937e-03  5.31244923e-03
  2.14008838e-03 -1.22471658e-04 -5.70118371e-03 -9.58269297e-03
 -1.06675623e-02 -9.16218562e-03 -1.29873379e-02 -1.29873379e-02
 -1.29873379e-02 -1.29873379e-02 -1.29873379e-02 -1.29873379e-02
 -1.29873379e-02 -1.29873379e-02 -1.29873379e-02 -1.29873379e-02
 -1.29873379e-02 -1.29873379e-02 -1.29873379e-02 -1.29873379e-02
 -1.29873379e-02 -1.29873379e-02]",480753
1086490751,Sst-IRES-Cre,False,novel,"[-0.00224267 -0.0022809  -0.00296212 -0.00472692 -0.00403366 -0.00591041
 -0.00753241 -0.00731077 -0.00575163 -0.00627817 -0.00358624  0.00061867
  0.00312052  0.00420468  0.00663676  0.00702738  0.00951917  0.0074794
  0.00503632  0.00449109  0.005521    0.0073083   0.00350257  0.00030531
  0.00244748 -0.0015654  -0.00504341 -0.0029625  -0.00181345 -0.00321798
 -0.00368516 -0.00098384 -0.00143616 -0.00105839  0.00011294  0.00125761
  0.00424269  0.00737406  0.00517813  0.00196609  0.00425034  0.00194659
  0.00168767  0.00219853 -0.00074355 -0.00316482 -0.00408974 -0.00106161
  0.00283256 -0.00422348 -0.00267521 -0.00763767 -0.00591271 -0.00893244
 -0.00653502 -0.00318642 -0.0024118  -0.00053938  0.00529037  0.00422965
  0.00069863  0.00098282 -0.00015539  0.00068956 -0.00218294  0.00070159
 -0.00291838 -0.00492547 -0.00197989 -0.00411203 -0.00864822 -0.00734925
 -0.0069951  -0.00827785 -0.00672167 -0.00672167 -0.00672167 -0.00672167
 -0.00672167 -0.00672167 -0.00672167 -0.00672167 -0.00672167 -0.00672167
 -0.00672167 -0.00672167 -0.00672167 -0.00672167 -0.00672167 -0.00672167]",480753
1086490751,Sst-IRES-Cre,True,familiar,"[-0.00321583 -0.00348099 -0.00589965 -0.00601215 -0.00835712 -0.00991527
 -0.01155152 -0.01275277 -0.01429271 -0.01514139 -0.01241943 -0.00460439
  0.0039611   0.01072646  0.01856999  0.0207036   0.02199805  0.02086136
  0.0177159   0.01370121  0.00897959  0.00397884  0.00593174  0.003191
 -0.00300425 -0.00498887 -0.00694917 -0.00686453 -0.00997066 -0.01089814
 -0.01320659 -0.01500965 -0.01566125 -0.01810244 -0.01946627 -0.01986044
 -0.0197457  -0.02212779 -0.02499481 -0.02378038 -0.02370812 -0.02265823
 -0.02654751 -0.02666575 -0.02342867 -0.02435118 -0.0249082  -0.02611604
 -0.0267462  -0.02634005 -0.02672324 -0.02644051 -0.02522972 -0.02604051
 -0.02525334 -0.01961156 -0.01333126 -0.00903812 -0.00301385  0.00196091
  0.00264408  0.00176174  0.0007397  -0.00094999 -0.00534214 -0.00863237
 -0.00943959 -0.01117755 -0.01266082 -0.01589938 -0.01450543 -0.01782483
 -0.02041316 -0.01953413 -0.020057   -0.020057   -0.020057   -0.020057
 -0.020057   -0.020057   -0.020057   -0.020057   -0.020057   -0.020057
 -0.020057   -0.020057   -0.020057   -0.020057   -0.020057   -0.020057  ]",480753
1086490751,Sst-IRES-Cre,True,novel,"[-0.00275681 -0.00225732  0.00140812 -0.00344598 -0.00249179 -0.00402642
 -0.0059459  -0.00530141 -0.00434048 -0.00482882 -0.00423608 -0.00127721
  0.00341782  0.00637349  0.0066925   0.0079098   0.010189    0.00786391
  0.00617455  0.00591401  0.00191379  0.00214939  0.00147088 -0.00017329
 -0.00025576 -0.00440475 -0.00194664 -0.00494128 -0.00518364 -0.00366365
 -0.00299047 -0.00478734 -0.00548832 -0.0065837  -0.00783531 -0.00616352
 -0.00832778 -0.01009384 -0.00912186 -0.01057814 -0.00831195 -0.00863702
 -0.00703129 -0.00850361 -0.00965581 -0.00914207 -0.00644642 -0.00842852
 -0.01141245 -0.01025169 -0.01007742 -0.00859493 -0.00909227 -0.00826602
 -0.00818976 -0.00586675 -0.00393609 -0.00087167  0.00185924  0.00482571
  0.00475923  0.00574497  0.00535724  0.00588524  0.00251696  0.00217015
  0.00076417  0.00144337 -0.00269129 -0.00196343 -0.00386189 -0.0038667
 -0.00273639 -0.00599683 -0.0052064  -0.0052064  -0.0052064  -0.0052064
 -0.0052064  -0.0052064  -0.0052064  -0.0052064  -0.0052064  -0.0052064
 -0.0052064  -0.0052064  -0.0052064  -0.0052064  -0.0052064  -0.0052064 ]",480753
1086490777,Sst-IRES-Cre,False,familiar,"[ 0.00508586  0.00431552 -0.00421631 -0.01465997 -0.01279664 -0.00360391
 -0.00332069 -0.0022672  -0.00488663 -0.00661047  0.00733236  0.01796408
  0.02543506  0.02756526  0.01574554  0.0153271   0.00951569  0.01079444
  0.01310502 -0.00027907 -0.0065228  -0.0055875  -0.00659934 -0.01441317
  0.00225989 -0.01704184 -0.01218983 -0.00995511 -0.01205632 -0.01743903
 -0.01532059 -0.0105693  -0.00026685  0.00195007  0.0134873   0.03329056
  0.04649407  0.04738831  0.04724561  0.04428518  0.0307564   0.02811433
  0.01691616  0.02376454  0.01264029  0.00525578  0.01383183  0.02088005
  0.00742281  0.01512076  0.01024557 -0.00204365 -0.00426063  0.00355081
  0.01846297  0.03158023  0.04075835  0.05072435  0.05963476  0.06495227
  0.06436319  0.0543234   0.05613451  0.05418299  0.03241994  0.02572193
  0.01915149  0.0181578   0.0197895   0.00953637 -0.0011786   0.00522262
 -0.00445657 -0.00074577 -0.00378484 -0.00378484 -0.00378484 -0.00378484
 -0.00378484 -0.00378484 -0.00378484 -0.00378484 -0.00378484 -0.00378484
 -0.00378484 -0.00378484 -0.00378484 -0.00378484 -0.00378484 -0.00378484]",485688
1086490777,Sst-IRES-Cre,True,familiar,"[-0.00936835 -0.00854775 -0.00357939 -0.01645595 -0.01315092 -0.01262209
 -0.01396151 -0.00827763 -0.01410809 -0.01413084 -0.00773521  0.00894332
  0.01637611  0.01383666  0.02007621  0.02559815  0.01358864  0.01265326
  0.02122824  0.0124597  -0.00454738  0.00754913 -0.00153069 -0.00884538
  0.00412277 -0.00820072 -0.00611228  0.00082313 -0.00144406 -0.00463707
 -0.01547771 -0.01352319 -0.00941681 -0.00899354 -0.01404127 -0.01513632
 -0.01288522 -0.01756942 -0.02207679 -0.01358949 -0.02337737 -0.01535619
 -0.01908437 -0.0137597  -0.00714983 -0.01559351 -0.00984079 -0.00895443
 -0.00893938 -0.00912551 -0.01871279 -0.01179467 -0.01974676 -0.01785902
 -0.01119374 -0.00406077  0.00527493 -0.00051811 -0.00012694  0.00374663
  0.0090505   0.0052781   0.00830299 -0.00208917 -0.00433655 -0.00326054
 -0.00039507 -0.00233644 -0.01523148 -0.00831551 -0.01331633 -0.01375325
 -0.02367865 -0.01449437 -0.01508199 -0.01508199 -0.01508199 -0.01508199
 -0.01508199 -0.01508199 -0.01508199 -0.01508199 -0.01508199 -0.01508199
 -0.01508199 -0.01508199 -0.01508199 -0.01508199 -0.01508199 -0.01508199]",485688
1086490784,Sst-IRES-Cre,False,familiar,"[-0.02303968 -0.02310996 -0.02548002 -0.03821661 -0.05021134 -0.05787067
 -0.06054643 -0.07083741 -0.07200097 -0.06936972 -0.04797231  0.00791935
  0.06430584  0.08539393  0.11186528  0.13215364  0.13525401  0.11489582
  0.09775668  0.06461871  0.04169584  0.02126113 -0.00359942 -0.01965727
 -0.02445631 -0.03471907 -0.05735524 -0.05758633 -0.06565575 -0.07543573
 -0.08515032 -0.08277348 -0.07747132 -0.04616611 -0.00708416  0.03604953
  0.08473323  0.12571316  0.14961272  0.15045231  0.11931785  0.08653069
  0.05132733  0.02878457  0.00968614 -0.01027016 -0.02081782 -0.04382074
 -0.04811014 -0.06183471 -0.07812118 -0.08044538 -0.08514318 -0.09116816
 -0.0710579  -0.01403005  0.07058582  0.13868222  0.19801857  0.24956227
  0.27808837  0.27477449  0.24334705  0.19316126  0.14291223  0.10103416
  0.07513639  0.04818681  0.03144486 -0.00496215 -0.01353566 -0.02961229
 -0.04086966 -0.053112   -0.06778661 -0.06778661 -0.06778661 -0.06778661
 -0.06778661 -0.06778661 -0.06778661 -0.06778661 -0.06778661 -0.06778661
 -0.06778661 -0.06778661 -0.06778661 -0.06778661 -0.06778661 -0.06778661]",470784
1086490784,Sst-IRES-Cre,True,familiar,"[-0.04092341 -0.0410135  -0.04501775 -0.06573307 -0.07467473 -0.09316847
 -0.10407572 -0.10819592 -0.12174444 -0.12459087 -0.10104567 -0.04109671
  0.03896906  0.09989441  0.14890018  0.19048676  0.20133597  0.19658818
  0.16219491  0.12685904  0.0856394   0.04446262  0.02185177 -0.01322614
 -0.02120354 -0.04586396 -0.05476338 -0.06447145 -0.07405954 -0.08231404
 -0.09709991 -0.10543247 -0.11233392 -0.12046002 -0.12702018 -0.13090048
 -0.14042555 -0.14400417 -0.14263522 -0.15040673 -0.15277943 -0.14857292
 -0.16013043 -0.1558698  -0.15004443 -0.15817229 -0.16264238 -0.1663786
 -0.15824894 -0.16909044 -0.16725953 -0.16346391 -0.16753338 -0.17703259
 -0.16333675 -0.14378372 -0.09543508 -0.04247821 -0.00523221  0.017067
  0.03287255  0.04795003  0.03416541  0.01064953 -0.01297192 -0.04942012
 -0.05296081 -0.0667622  -0.09637619 -0.09442311 -0.0990894  -0.10928334
 -0.11703298 -0.1216054  -0.11884248 -0.11884248 -0.11884248 -0.11884248
 -0.11884248 -0.11884248 -0.11884248 -0.11884248 -0.11884248 -0.11884248
 -0.11884248 -0.11884248 -0.11884248 -0.11884248 -0.11884248 -0.11884248]",470784
1086490794,Sst-IRES-Cre,False,familiar,"[-0.00714141 -0.00893732 -0.02374134 -0.01868137 -0.02380351 -0.0279286
 -0.03584331 -0.03418944 -0.0374472  -0.03419928 -0.00416805  0.04918896
  0.07655517  0.07997489  0.0851069   0.07459849  0.05901854  0.04673383
  0.03526551  0.01595979  0.00378679 -0.00413788 -0.01885041 -0.01318588
 -0.02343898 -0.03255744 -0.0367162  -0.03819871 -0.05313848 -0.04988403
 -0.04790094 -0.04142236 -0.01716184  0.01722122  0.06247836  0.0863171
  0.09824063  0.11454654  0.12516835  0.11077373  0.08926645  0.06218871
  0.03234037  0.02217279 -0.00319708 -0.02799007 -0.03224165 -0.04088204
 -0.04651882 -0.04945896 -0.03900101 -0.04909207 -0.05456594 -0.05422339
 -0.02558741  0.04999704  0.11896981  0.15450466  0.17407277  0.18883001
  0.18128126  0.15367134  0.12287686  0.08456772  0.06371122  0.03902191
  0.01422277 -0.00336236 -0.01267667 -0.02994645 -0.02928865 -0.04223652
 -0.04604265 -0.06020214 -0.06617908 -0.06617908 -0.06617908 -0.06617908
 -0.06617908 -0.06617908 -0.06617908 -0.06617908 -0.06617908 -0.06617908
 -0.06617908 -0.06617908 -0.06617908 -0.06617908 -0.06617908 -0.06617908]",485688
1086490794,Sst-IRES-Cre,True,familiar,"[-0.03185267 -0.03100291 -0.02381963 -0.02815255 -0.03925007 -0.03885474
 -0.03496745 -0.04552266 -0.05539985 -0.03793008 -0.01657495  0.02226968
  0.06967577  0.08594882  0.09483316  0.09995454  0.09253505  0.07605669
  0.05174361  0.03273854  0.01881296 -0.00757842 -0.01027389 -0.01925142
 -0.0348337  -0.02932686 -0.03907213 -0.04120408 -0.03385055 -0.04585021
 -0.04307463 -0.0496548  -0.05045974 -0.05166274 -0.05383282 -0.05262552
 -0.06133062 -0.05540914 -0.05626463 -0.06261056 -0.05539277 -0.0447718
 -0.03864396 -0.04953722 -0.05071775 -0.05437851 -0.05043923 -0.04411843
 -0.06016944 -0.04905528 -0.05594016 -0.04818765 -0.05484276 -0.05351721
 -0.04485663 -0.01270407  0.02824861  0.0514527   0.06463447  0.07402729
  0.09102356  0.08585718  0.07455098  0.052241    0.02319174  0.01544108
  0.00258323 -0.00910778 -0.0106833  -0.02377466 -0.02838513 -0.02481747
 -0.03027513 -0.03201398 -0.04368288 -0.04368288 -0.04368288 -0.04368288
 -0.04368288 -0.04368288 -0.04368288 -0.04368288 -0.04368288 -0.04368288
 -0.04368288 -0.04368288 -0.04368288 -0.04368288 -0.04368288 -0.04368288]",485688
1086490807,Sst-IRES-Cre,False,familiar,"[ 0.00456613  0.00358674 -0.00545199 -0.00546157 -0.00757663 -0.00675623
 -0.01096431 -0.01168188 -0.01301479 -0.01260608 -0.00800683 -0.00040802
  0.01140281  0.0198267   0.02029746  0.02059928  0.01863441  0.016069
  0.01516337  0.01252675  0.0033542   0.00403783  0.00059425 -0.00971614
 -0.00426842 -0.00770893 -0.00906898 -0.0117858  -0.01251424 -0.01366808
 -0.014621   -0.0146276  -0.01187804 -0.0077818  -0.00126121  0.00467183
  0.01065267  0.0115387   0.01284302  0.0149718   0.01067201  0.00900092
  0.00660537 -0.00264936 -0.00310202 -0.00254091 -0.003907   -0.00751918
 -0.0064191  -0.01135844 -0.01338363 -0.00782763 -0.0082671  -0.00845207
 -0.00657423  0.00219351  0.01909774  0.0326925   0.04401691  0.05135143
  0.05508149  0.051967    0.04776304  0.03721871  0.02937573  0.02194743
  0.02143951  0.01660032  0.00416928  0.00568308  0.00114733 -0.00274554
 -0.00251005 -0.00652018 -0.0103752  -0.0103752  -0.0103752  -0.0103752
 -0.0103752  -0.0103752  -0.0103752  -0.0103752  -0.0103752  -0.0103752
 -0.0103752  -0.0103752  -0.0103752  -0.0103752  -0.0103752  -0.0103752 ]",480753
1086490807,Sst-IRES-Cre,False,novel,"[-1.12026696e-04  4.09656130e-05  7.54305852e-04 -2.65245933e-03
 -4.73656161e-04 -2.72882133e-03 -3.90955351e-03 -3.05248224e-03
 -2.78618041e-03 -4.64050642e-03 -2.74497962e-03 -3.11329386e-03
 -1.11301502e-03  2.26956206e-03  4.51199266e-03  4.89832379e-03
  6.75402799e-03  6.04728198e-03  5.16242924e-03  6.70791689e-03
  2.67337002e-03  8.21484845e-04  7.97812151e-04  1.69965384e-03
  3.27933085e-03 -8.35705034e-04 -2.02576627e-03 -3.20243960e-03
 -6.84345676e-03 -6.18411555e-03 -3.37523310e-03 -4.66828701e-03
 -4.20135906e-03 -3.03386749e-03  6.59914556e-04  1.73716898e-03
  8.14286766e-04  1.48800296e-03  4.10774141e-03  1.02233476e-03
  5.99646150e-04  3.72042630e-03  3.61579154e-03 -1.17035104e-03
 -2.80636185e-03 -7.00349206e-03 -6.68564942e-04 -6.93484734e-04
 -5.76015751e-04 -2.47485204e-03 -6.08357586e-03 -2.74230445e-03
 -3.30927132e-03 -3.13396678e-03 -1.42100155e-03  2.14443837e-03
  2.84011602e-03  3.74623742e-03  4.48360393e-03  4.39339300e-03
  4.80884183e-03  3.80819953e-03  6.24718998e-03  6.33966815e-03
  4.77625627e-03  6.16809350e-03  2.08531238e-03  1.02447553e-03
  3.83316861e-04  1.09869588e-04  1.07329754e-03 -2.06154872e-04
 -2.73050454e-03 -2.29084610e-03 -2.44271689e-03 -2.44271689e-03
 -2.44271689e-03 -2.44271689e-03 -2.44271689e-03 -2.44271689e-03
 -2.44271689e-03 -2.44271689e-03 -2.44271689e-03 -2.44271689e-03
 -2.44271689e-03 -2.44271689e-03 -2.44271689e-03 -2.44271689e-03
 -2.44271689e-03 -2.44271689e-03]",480753
1086490807,Sst-IRES-Cre,True,familiar,"[-0.00115335 -0.00117853 -0.00229605 -0.00896522 -0.01471065 -0.01607135
 -0.01734518 -0.01645174 -0.01738301 -0.0160305  -0.01214387 -0.00563482
  0.00698787  0.01458255  0.02066     0.02642197  0.02829255  0.02472213
  0.02186423  0.01872717  0.01431029  0.00562272  0.00172646 -0.00258553
 -0.00373728 -0.00305257 -0.01114771 -0.01276681 -0.01052213 -0.01074163
 -0.01218739 -0.01381813 -0.01591705 -0.01898781 -0.0190187  -0.0162225
 -0.01608366 -0.01914267 -0.01964279 -0.02113207 -0.02208669 -0.01990625
 -0.02276395 -0.02196755 -0.01916388 -0.01819939 -0.01804824 -0.01919228
 -0.01788238 -0.01942119 -0.01799168 -0.01880447 -0.01858001 -0.02087071
 -0.02083079 -0.01548076 -0.00926146  0.00166651  0.00527558  0.00530358
  0.00871441  0.00609647  0.00035611  0.0001742  -0.003537   -0.00675136
 -0.00719927 -0.00899755 -0.01314838 -0.01640196 -0.0139288  -0.01531833
 -0.01579646 -0.01623199 -0.01467645 -0.01467645 -0.01467645 -0.01467645
 -0.01467645 -0.01467645 -0.01467645 -0.01467645 -0.01467645 -0.01467645
 -0.01467645 -0.01467645 -0.01467645 -0.01467645 -0.01467645 -0.01467645]",480753
1086490807,Sst-IRES-Cre,True,novel,"[-1.11627290e-03 -1.09284261e-03 -1.23082296e-03 -3.21698874e-03
 -3.57222694e-03 -5.58926769e-03 -4.99194998e-03 -8.49978350e-03
 -6.72929130e-03 -6.73266937e-03 -6.08437350e-03 -3.22121430e-03
  7.82629237e-04  4.90318595e-03  7.97234883e-03  9.48395882e-03
  8.54163789e-03  6.47246517e-03  8.71133115e-03  8.73028879e-03
  5.27444639e-03  5.00253790e-03  4.32869464e-05 -1.66437461e-03
 -1.00530967e-03 -4.17796247e-04 -2.08946056e-03 -2.37649673e-03
 -1.53370287e-03 -4.75327261e-03 -8.14421068e-03 -9.00310822e-03
 -8.94200172e-03 -9.37884766e-03 -7.78467524e-03 -9.07042783e-03
 -9.82547800e-03 -1.15057419e-02 -1.15729015e-02 -1.20712834e-02
 -1.10220104e-02 -1.40663541e-02 -1.03397512e-02 -1.00105843e-02
 -1.16619954e-02 -1.42421875e-02 -1.41566563e-02 -1.04851605e-02
 -1.31080051e-02 -1.07142952e-02 -1.46708274e-02 -1.27593407e-02
 -1.18390596e-02 -1.33307500e-02 -1.13830033e-02 -8.08142275e-03
 -7.83352937e-03 -5.02662595e-03 -1.64239175e-03  2.14514409e-04
  1.56338768e-03  9.11656492e-04  1.31484340e-03  1.51232218e-03
  5.24594439e-04 -2.55910435e-03 -4.41263961e-03 -2.35366036e-03
 -3.50312154e-03 -6.24599662e-03 -6.07875036e-03 -6.83563833e-03
 -6.66124996e-03 -7.86311786e-03 -9.49666410e-03 -9.49666410e-03
 -9.49666410e-03 -9.49666410e-03 -9.49666410e-03 -9.49666410e-03
 -9.49666410e-03 -9.49666410e-03 -9.49666410e-03 -9.49666410e-03
 -9.49666410e-03 -9.49666410e-03 -9.49666410e-03 -9.49666410e-03
 -9.49666410e-03 -9.49666410e-03]",480753
1086490839,Sst-IRES-Cre,False,familiar,"[-0.00449255 -0.0045581  -0.0052971  -0.00470347 -0.0005044  -0.00567976
 -0.00274268 -0.01366942 -0.01518492 -0.00896012  0.00861329  0.01460647
  0.0206537   0.02051666  0.01313729  0.01130187  0.01768118  0.01242801
  0.0008679  -0.0049033  -0.00663335 -0.00481737  0.00241924 -0.01225981
  0.00048267 -0.00541223 -0.00096834  0.00250432 -0.00982407 -0.01460159
 -0.0099496  -0.00988032  0.00046029  0.01790278  0.02712181  0.03416172
  0.04574579  0.04072179  0.03300799  0.02408999  0.01347296  0.00072854
  0.00878137 -0.00160794 -0.00377364 -0.00524783 -0.00703253 -0.00947949
 -0.01189416 -0.01339834 -0.00856061 -0.00462378 -0.01935333 -0.01334596
  0.00371609  0.02454876  0.03903644  0.04136488  0.04304352  0.03975533
  0.03884201  0.03488676  0.02086307  0.0178308   0.01336016  0.00183274
  0.0039712  -0.00227082 -0.00645375 -0.00261237 -0.00699872 -0.00724935
 -0.01033068 -0.01444409 -0.00247821 -0.00247821 -0.00247821 -0.00247821
 -0.00247821 -0.00247821 -0.00247821 -0.00247821 -0.00247821 -0.00247821
 -0.00247821 -0.00247821 -0.00247821 -0.00247821 -0.00247821 -0.00247821]",485688
1086490839,Sst-IRES-Cre,False,novel,"[ 0.00738468  0.00701523  0.00311136  0.00071814  0.00321508 -0.0044658
 -0.01200014 -0.00810179 -0.01198491 -0.01995116 -0.01361819  0.00462323
  0.01291059  0.01820032  0.01653116  0.02211016  0.02472105  0.02436837
  0.01486181  0.00431637  0.00192597 -0.00138293 -0.00795206 -0.00921644
 -0.01600841 -0.01240234 -0.00865023 -0.00989066 -0.0133121  -0.01707638
 -0.01892478 -0.02102824 -0.01513274 -0.00499617  0.0117812   0.0264839
  0.04229128  0.04174768  0.04496026  0.04765967  0.02992351  0.02639652
  0.02053185  0.02358899  0.00296786  0.00327571  0.00047898 -0.00518873
 -0.0026384  -0.00276066 -0.00759056 -0.00966117 -0.01892115 -0.01903605
 -0.01526314 -0.00444392  0.01271937  0.03197381  0.04678179  0.0527552
  0.05792829  0.06167071  0.05524502  0.04047205  0.03199511  0.03205612
  0.03004228  0.01454187  0.00253631  0.00762122 -0.00366824 -0.0019263
 -0.00524133 -0.00904557 -0.01712939 -0.01712939 -0.01712939 -0.01712939
 -0.01712939 -0.01712939 -0.01712939 -0.01712939 -0.01712939 -0.01712939
 -0.01712939 -0.01712939 -0.01712939 -0.01712939 -0.01712939 -0.01712939]",485688
1086490839,Sst-IRES-Cre,True,familiar,"[-1.00044445e-02 -9.78947433e-03 -7.10680767e-03 -3.39835432e-03
 -7.17103778e-03 -8.89701383e-03 -1.36755507e-02 -9.85879050e-03
 -1.17316437e-02 -1.29297691e-02 -3.96939969e-03  1.22024720e-02
  2.38684206e-02  2.30807431e-02  2.55727964e-02  2.46338368e-02
  2.01527787e-02  1.02041167e-02  1.41737411e-02  6.47443669e-03
 -1.21580748e-03  4.86849141e-05 -8.90755546e-03 -7.03355437e-03
 -3.92262856e-04 -9.73979244e-03 -1.00258546e-02 -9.33913077e-03
 -7.34765633e-03 -7.87812632e-03 -6.33795782e-03 -5.57321575e-03
 -4.68825758e-03 -1.18531895e-02 -1.64204718e-02 -1.74806017e-02
 -1.72200275e-02 -1.80936605e-02 -1.71511402e-02 -2.12332489e-02
 -1.98829520e-02 -1.78600845e-02 -1.79480247e-02 -1.39848511e-02
 -1.83668311e-02 -9.83989289e-03 -1.14890120e-02 -2.21320383e-02
 -2.41930926e-02 -1.95312949e-02 -1.23986958e-02 -9.13075916e-03
 -1.66769167e-02 -1.27267279e-02 -7.87592130e-03  4.21724688e-03
  1.66227441e-02  1.97116103e-02  1.53737690e-02  1.71111636e-02
  1.51191693e-02  1.28027392e-02  7.05031644e-03 -3.85549208e-03
 -2.24071197e-05 -3.35567329e-03 -1.33428433e-02 -1.37112903e-02
 -1.85413285e-02 -7.33317895e-03 -2.04150989e-02 -1.19911287e-02
 -1.52748499e-02 -2.07416223e-02 -1.32539590e-02 -1.32539590e-02
 -1.32539590e-02 -1.32539590e-02 -1.32539590e-02 -1.32539590e-02
 -1.32539590e-02 -1.32539590e-02 -1.32539590e-02 -1.32539590e-02
 -1.32539590e-02 -1.32539590e-02 -1.32539590e-02 -1.32539590e-02
 -1.32539590e-02 -1.32539590e-02]",485688
1086490839,Sst-IRES-Cre,True,novel,"[-0.00074357 -0.00102653 -0.00447436 -0.01053568 -0.01458213 -0.0177725
 -0.02064049 -0.02274115 -0.02771543 -0.02045222 -0.01780922 -0.01013828
 -0.00099429  0.00614553  0.01909866  0.03186411  0.04476036  0.03730666
  0.02908346  0.0191462   0.01760081  0.01035389  0.0102338   0.00202881
 -0.00066049 -0.00388793 -0.00908977 -0.01596718 -0.01261259 -0.01577849
 -0.02053995 -0.02246797 -0.0225579  -0.02899345 -0.02866483 -0.02598059
 -0.0271499  -0.025893   -0.027873   -0.03487034 -0.03648607 -0.03446411
 -0.03301842 -0.03673814 -0.03609734 -0.03180862 -0.03265148 -0.03659757
 -0.02939966 -0.03265861 -0.0306116  -0.03203505 -0.02136133 -0.03372717
 -0.03702312 -0.02444535 -0.0159004  -0.00944014  0.00356858  0.00547768
  0.00711477  0.01444306  0.00781298  0.00888584  0.00133682 -0.00765511
 -0.00536851 -0.01032389 -0.00350957 -0.02133475 -0.01544873 -0.02365585
 -0.01595902 -0.02216192 -0.01987415 -0.01987415 -0.01987415 -0.01987415
 -0.01987415 -0.01987415 -0.01987415 -0.01987415 -0.01987415 -0.01987415
 -0.01987415 -0.01987415 -0.01987415 -0.01987415 -0.01987415 -0.01987415]",485688
1086490867,Sst-IRES-Cre,False,familiar,"[-0.01535753 -0.01754496 -0.04163689 -0.06358309 -0.07777821 -0.09747401
 -0.11171218 -0.13025425 -0.14186791 -0.14026611 -0.10405771 -0.02288761
  0.07211423  0.13661528  0.17605351  0.212002    0.21999823  0.20049959
  0.16214055  0.12215351  0.08323676  0.05282833  0.01890143 -0.00714325
 -0.03274662 -0.04670414 -0.07340491 -0.09710167 -0.11099519 -0.12402717
 -0.13938178 -0.14670326 -0.13350544 -0.06863014  0.02647299  0.10467799
  0.16991741  0.22435611  0.24731155  0.23076215  0.19650586  0.15030169
  0.10062864  0.06196144  0.02555573  0.00228525 -0.0159153  -0.03907606
 -0.06157488 -0.08703649 -0.10404878 -0.12458559 -0.1432552  -0.14969708
 -0.13372307 -0.0525433   0.07216296  0.18221124  0.25907432  0.32011137
  0.35484103  0.34515455  0.31258358  0.25759004  0.20592998  0.1530677
  0.1047902   0.07095636  0.03361925  0.00700685 -0.0230974  -0.0485078
 -0.07553545 -0.09109254 -0.10926457 -0.10926457 -0.10926457 -0.10926457
 -0.10926457 -0.10926457 -0.10926457 -0.10926457 -0.10926457 -0.10926457
 -0.10926457 -0.10926457 -0.10926457 -0.10926457 -0.10926457 -0.10926457]",470784
1086490867,Sst-IRES-Cre,True,familiar,"[-0.04234643 -0.04363027 -0.05884456 -0.08047838 -0.09920483 -0.11806009
 -0.13906169 -0.16037225 -0.17374754 -0.18369981 -0.16430198 -0.07519153
  0.04438583  0.1381797   0.19615343  0.2368858   0.25087678  0.24201166
  0.21356629  0.16057087  0.1205343   0.0760982   0.04905988  0.01308054
 -0.0146575  -0.04081468 -0.05806711 -0.07516432 -0.09928582 -0.1144745
 -0.12767304 -0.13926039 -0.15058956 -0.17131565 -0.18334737 -0.19676686
 -0.20536295 -0.21109929 -0.2266411  -0.22440992 -0.23397921 -0.24791085
 -0.2495795  -0.24132237 -0.25443313 -0.2615152  -0.26866195 -0.26864661
 -0.27020989 -0.28027005 -0.27954153 -0.2832081  -0.2952711  -0.29158519
 -0.29213306 -0.25626123 -0.17280834 -0.0976185  -0.05103644 -0.02710055
 -0.01523305 -0.00080412 -0.01117686 -0.03332533 -0.06568864 -0.09451509
 -0.12458241 -0.13920727 -0.15149576 -0.17067983 -0.18824165 -0.20053319
 -0.216791   -0.22702596 -0.23003815 -0.23003815 -0.23003815 -0.23003815
 -0.23003815 -0.23003815 -0.23003815 -0.23003815 -0.23003815 -0.23003815
 -0.23003815 -0.23003815 -0.23003815 -0.23003815 -0.23003815 -0.23003815]",470784
1086490920,Sst-IRES-Cre,False,familiar,"[-0.00105698 -0.00187703 -0.00969899 -0.01007401 -0.01333022 -0.01605012
 -0.01640553 -0.02369024 -0.02625868 -0.02555365 -0.02114685 -0.00679355
  0.01220078  0.02454946  0.03702342  0.04726167  0.05257622  0.04557232
  0.03604741  0.02010975  0.01650554  0.004443   -0.00052732 -0.00806247
 -0.0143464  -0.01365274 -0.01631531 -0.02108892 -0.02545249 -0.02490806
 -0.02646283 -0.03022122 -0.02922939 -0.01266761  0.01111857  0.0352034
  0.06194407  0.08390796  0.0938136   0.0978133   0.08344911  0.06339136
  0.04735681  0.028859    0.01664741  0.00890342  0.00032938 -0.00552533
 -0.00891544 -0.01477878 -0.01945983 -0.02082706 -0.03380175 -0.03272846
 -0.02601873 -0.01456862  0.01153417  0.04636792  0.07386226  0.10001112
  0.11271879  0.10981215  0.1018721   0.08195486  0.06241447  0.04027818
  0.02241669  0.01308503  0.0075939   0.00079661 -0.00617266 -0.00904428
 -0.01715982 -0.01892408 -0.02750879 -0.02750879 -0.02750879 -0.02750879
 -0.02750879 -0.02750879 -0.02750879 -0.02750879 -0.02750879 -0.02750879
 -0.02750879 -0.02750879 -0.02750879 -0.02750879 -0.02750879 -0.02750879]",470784
1086490920,Sst-IRES-Cre,True,familiar,"[-0.01083471 -0.0113081  -0.01618158 -0.01980448 -0.02825248 -0.03316185
 -0.03139673 -0.03668757 -0.03815845 -0.04117979 -0.04363876 -0.03612356
 -0.00160437  0.02791395  0.05192318  0.06067363  0.0743866   0.07415663
  0.06940254  0.05501629  0.03337142  0.02181842  0.00596668 -0.00222988
 -0.00256069 -0.00954388 -0.01779831 -0.02612428 -0.03015906 -0.03788081
 -0.03279718 -0.03289219 -0.04157264 -0.04578424 -0.03733761 -0.03848933
 -0.04857844 -0.05310712 -0.05051616 -0.04986624 -0.04927907 -0.05283356
 -0.04917957 -0.05202391 -0.05120049 -0.04304999 -0.05610418 -0.05537676
 -0.05638621 -0.05047817 -0.05101467 -0.0491309  -0.05387694 -0.05522657
 -0.05386745 -0.05408381 -0.03687223 -0.01255329  0.00481359  0.01398568
  0.01639101  0.01940183  0.01721722  0.00572654 -0.00076795 -0.00385572
 -0.01883288 -0.02278981 -0.02601941 -0.02693391 -0.03530679 -0.04241317
 -0.0418057  -0.0429548  -0.04030894 -0.04030894 -0.04030894 -0.04030894
 -0.04030894 -0.04030894 -0.04030894 -0.04030894 -0.04030894 -0.04030894
 -0.04030894 -0.04030894 -0.04030894 -0.04030894 -0.04030894 -0.04030894]",470784
1086490936,Sst-IRES-Cre,False,familiar,"[-0.00147423 -0.00226007 -0.00987836 -0.01421078 -0.0152708  -0.01837506
 -0.0252146  -0.01803792 -0.02061163 -0.02399479 -0.01108658  0.01434032
  0.03041959  0.04185095  0.04287898  0.03956875  0.03809317  0.02216011
  0.01695554  0.01492566  0.01199357 -0.00418512  0.00235792 -0.00471834
 -0.00902578 -0.0157255  -0.01493728 -0.01914064 -0.02547931 -0.02191779
 -0.02237325 -0.02900005 -0.02394073 -0.01373096 -0.00502174  0.00265947
 -0.00514206 -0.00712355 -0.00339577 -0.01309666 -0.02004638 -0.02521334
 -0.02602823 -0.03740459 -0.03949902 -0.05566761 -0.04718633 -0.03784902
 -0.04404522 -0.0324316  -0.03601645 -0.03778545 -0.02968995 -0.02244599
 -0.02500373 -0.01336739  0.01158555  0.03883674  0.04968823  0.05141689
  0.05586338  0.0638591   0.0484555   0.03661084  0.03194784  0.01186662
 -0.0030081   0.00193442 -0.00176493  0.00185422 -0.00307211 -0.00158653
 -0.00853938 -0.00548397 -0.01707074 -0.01707074 -0.01707074 -0.01707074
 -0.01707074 -0.01707074 -0.01707074 -0.01707074 -0.01707074 -0.01707074
 -0.01707074 -0.01707074 -0.01707074 -0.01707074 -0.01707074 -0.01707074]",485688
1086490936,Sst-IRES-Cre,False,novel,"[ 0.00506102  0.00562723  0.00949734  0.00077452 -0.00520394 -0.0103932
 -0.0103684  -0.0217232  -0.02093112 -0.01972407 -0.0243582  -0.0270558
 -0.01702054  0.0028537   0.01114253  0.023157    0.04205287  0.04230894
  0.04128963  0.02807807  0.02399377  0.01826018  0.00917579  0.00123617
 -0.01248256 -0.00794289 -0.01512567 -0.02367995 -0.02607358 -0.02242562
 -0.02169655 -0.03743363 -0.04528671 -0.03945678 -0.02566601 -0.01073339
 -0.00593108 -0.01484876 -0.01230562 -0.00873743 -0.00992564 -0.02005041
 -0.0335669  -0.02197195 -0.02148737 -0.02909264 -0.0335074  -0.02524231
 -0.02985995 -0.02075603 -0.0293223  -0.0359761  -0.03030084 -0.03288769
 -0.03717933 -0.03127789 -0.00816337  0.01636111  0.04349982  0.06771176
  0.08456401  0.09300412  0.09226784  0.07910706  0.07505848  0.06629451
  0.05724808  0.05712928  0.04619934  0.04741751  0.04105685  0.04269793
  0.02777177  0.02797325  0.02745095  0.02745095  0.02745095  0.02745095
  0.02745095  0.02745095  0.02745095  0.02745095  0.02745095  0.02745095
  0.02745095  0.02745095  0.02745095  0.02745095  0.02745095  0.02745095]",485688
1086490936,Sst-IRES-Cre,True,familiar,"[-5.96096929e-03 -6.19862964e-03 -8.17620113e-03 -6.80814662e-03
 -7.20803329e-03 -1.61717881e-02 -1.14363589e-02 -1.34449111e-02
 -1.76366182e-02 -2.05566751e-02 -2.12647688e-02 -1.58941262e-03
  2.26242574e-02  3.24452911e-02  4.44772003e-02  4.57534749e-02
  3.77184706e-02  2.63126094e-02  2.53228207e-02  1.50164863e-02
  8.87924434e-03 -4.22712947e-03 -7.35632786e-03 -1.05696327e-02
 -1.73093531e-02 -1.78032394e-02 -8.36834352e-03 -7.57249417e-03
 -2.43884383e-02 -2.45023836e-02 -2.97151001e-02 -3.18856858e-02
 -2.83697537e-02 -2.94785302e-02 -3.62073535e-02 -3.32436885e-02
 -3.41211748e-02 -3.86593522e-02 -4.11317739e-02 -4.29866301e-02
 -4.48003639e-02 -4.72738342e-02 -4.49172227e-02 -5.20170010e-02
 -5.89763319e-02 -4.72156632e-02 -4.22393010e-02 -3.84014946e-02
 -5.55858820e-02 -6.57590562e-02 -6.00596201e-02 -5.62815361e-02
 -6.06658664e-02 -5.95224073e-02 -5.85108726e-02 -5.33699934e-02
 -2.84283334e-02 -1.77835541e-02 -5.94187594e-03  9.42034878e-07
  1.69741553e-03  4.76326082e-04 -1.05912923e-02 -6.91342493e-03
 -1.78045615e-02 -1.77519095e-02 -2.50775412e-02 -3.53695707e-02
 -3.06643275e-02 -2.45207432e-02 -3.02924202e-02 -3.98976588e-02
 -3.74441925e-02 -3.79769449e-02 -4.64698805e-02 -4.64698805e-02
 -4.64698805e-02 -4.64698805e-02 -4.64698805e-02 -4.64698805e-02
 -4.64698805e-02 -4.64698805e-02 -4.64698805e-02 -4.64698805e-02
 -4.64698805e-02 -4.64698805e-02 -4.64698805e-02 -4.64698805e-02
 -4.64698805e-02 -4.64698805e-02]",485688
1086490936,Sst-IRES-Cre,True,novel,"[-0.01665502 -0.01593398 -0.01047786 -0.0175975  -0.0227717  -0.03227713
 -0.02600972 -0.03064836 -0.03506999 -0.03488566 -0.02995631 -0.0253055
 -0.01367371  0.00635382  0.01900837  0.03407194  0.05147788  0.05580925
  0.05433932  0.04729696  0.02654747  0.02903596  0.02161115  0.01492411
  0.01545078 -0.00332012 -0.00816033 -0.01509334 -0.01613754 -0.02195323
 -0.01282893 -0.01335993 -0.02520343 -0.03288793 -0.03284865 -0.03661019
 -0.0385995  -0.0415783  -0.04820478 -0.05177327 -0.05463308 -0.0541567
 -0.05782494 -0.06271592 -0.06762888 -0.06621739 -0.0726617  -0.06245771
 -0.07636542 -0.07116773 -0.06869995 -0.07913748 -0.08118501 -0.086969
 -0.08917055 -0.07986375 -0.07316851 -0.05341537 -0.04450378 -0.03289559
 -0.02049775 -0.01256382 -0.0107684  -0.01136074 -0.02079413 -0.02488481
 -0.02620892 -0.02851367 -0.03800148 -0.03480957 -0.04647246 -0.04709862
 -0.04007173 -0.04508847 -0.0478226  -0.0478226  -0.0478226  -0.0478226
 -0.0478226  -0.0478226  -0.0478226  -0.0478226  -0.0478226  -0.0478226
 -0.0478226  -0.0478226  -0.0478226  -0.0478226  -0.0478226  -0.0478226 ]",485688
1086490994,Sst-IRES-Cre,False,familiar,"[-0.00118493 -0.00160752 -0.00583379 -0.00814277 -0.00458195 -0.00506945
 -0.01582807 -0.02077564 -0.01891424 -0.01766389 -0.01647309  0.00286065
  0.02103675  0.03177497  0.03550576  0.03015826  0.03345997  0.02602675
  0.02652362  0.01752618  0.00720758  0.00060725 -0.00577432 -0.00744673
 -0.01056485 -0.0164115  -0.01731214 -0.01009938 -0.01989862 -0.02910485
 -0.02925696 -0.02530336 -0.01925562 -0.01033513  0.0088295   0.02702607
  0.04385989  0.04866627  0.05780963  0.05214163  0.0359003   0.02532594
  0.02141703  0.01347642  0.00155293  0.00268491 -0.01818494 -0.01967449
 -0.01994617 -0.01996435 -0.0274318  -0.03186991 -0.02936775 -0.03034927
 -0.02960079 -0.0014471   0.03041098  0.05648918  0.07707598  0.09949052
  0.10567345  0.10138369  0.08745995  0.07161533  0.05728797  0.05034399
  0.03817311  0.02952487  0.01671209  0.01545762  0.00536308 -0.00933166
 -0.00518437 -0.01484198 -0.01098368 -0.01098368 -0.01098368 -0.01098368
 -0.01098368 -0.01098368 -0.01098368 -0.01098368 -0.01098368 -0.01098368
 -0.01098368 -0.01098368 -0.01098368 -0.01098368 -0.01098368 -0.01098368]",485688
1086490994,Sst-IRES-Cre,False,novel,"[ 0.0028281   0.00259278 -0.00034936 -0.00722278 -0.01589469 -0.01639837
 -0.02001902 -0.01741205 -0.02183055 -0.02806305 -0.02530396 -0.00872702
  0.00408271  0.00999285  0.02427411  0.03595576  0.04547562  0.04209446
  0.03417992  0.03344653  0.02382854  0.0110893   0.00234947 -0.001224
 -0.00877815 -0.01094176 -0.01873314 -0.02386188 -0.02291322 -0.02451717
 -0.02939033 -0.0310132  -0.03203623 -0.02867646 -0.01232592  0.01648584
  0.04379033  0.06609571  0.07517985  0.07150241  0.06062971  0.04418992
  0.04322631  0.02602206  0.01374117  0.00793088 -0.007111   -0.00849082
 -0.01190579 -0.02150477 -0.01915147 -0.02225231 -0.02741422 -0.03427886
 -0.03728651 -0.01812831  0.01357644  0.0462141   0.08497792  0.12242931
  0.1465293   0.1470954   0.14084693  0.12072365  0.09924411  0.08877073
  0.06980739  0.05597258  0.04112447  0.02718131  0.02041225  0.01239741
  0.00720659 -0.00975073 -0.01517561 -0.01517561 -0.01517561 -0.01517561
 -0.01517561 -0.01517561 -0.01517561 -0.01517561 -0.01517561 -0.01517561
 -0.01517561 -0.01517561 -0.01517561 -0.01517561 -0.01517561 -0.01517561]",485688
1086490994,Sst-IRES-Cre,True,familiar,"[-0.00356773 -0.00353074 -0.00442274 -0.01225973 -0.01751477 -0.02263751
 -0.01621413 -0.02135171 -0.02229676 -0.02482119 -0.02068535 -0.00233346
  0.01700706  0.02920967  0.04424943  0.04781154  0.04383554  0.03885171
  0.02659794  0.01862429  0.01609653  0.00502532  0.00114871 -0.00679032
 -0.01589253 -0.01739298 -0.01583715 -0.01544012 -0.02245666 -0.02301216
 -0.01905686 -0.01933937 -0.02529802 -0.02610995 -0.02819973 -0.02788058
 -0.032047   -0.03473571 -0.03283462 -0.03396948 -0.03644789 -0.03584678
 -0.03210765 -0.03506266 -0.03781999 -0.03031639 -0.02903503 -0.03414372
 -0.03170326 -0.03310856 -0.02940197 -0.02598564 -0.03521128 -0.03801817
 -0.03861013 -0.02636997 -0.00629885  0.00546377  0.00704542  0.01317368
  0.0185886   0.01497417  0.01668713  0.01371939 -0.00099433 -0.00696357
 -0.0056848  -0.00790166 -0.01287434 -0.01783856 -0.01459024 -0.02036384
 -0.02072427 -0.02247974 -0.01974629 -0.01974629 -0.01974629 -0.01974629
 -0.01974629 -0.01974629 -0.01974629 -0.01974629 -0.01974629 -0.01974629
 -0.01974629 -0.01974629 -0.01974629 -0.01974629 -0.01974629 -0.01974629]",485688
1086490994,Sst-IRES-Cre,True,novel,"[-0.0043827  -0.00555475 -0.01647861 -0.01906297 -0.02462393 -0.02767774
 -0.03106479 -0.03161133 -0.03529651 -0.03873942 -0.03858531 -0.02885358
 -0.01417566  0.00883077  0.03115273  0.05224011  0.06464853  0.06573377
  0.05560694  0.04623089  0.03153729  0.0195079   0.01368718  0.00900362
  0.00158794 -0.01192852 -0.00913011 -0.01627706 -0.01946704 -0.02685767
 -0.02516728 -0.02826672 -0.0304381  -0.03200516 -0.03602707 -0.03534109
 -0.04251825 -0.04439771 -0.04409509 -0.04520515 -0.04594349 -0.05017303
 -0.04625075 -0.04579679 -0.05554819 -0.05009617 -0.04430165 -0.05219496
 -0.04582672 -0.05129926 -0.04649957 -0.0472267  -0.04848285 -0.05103215
 -0.05341273 -0.05126939 -0.04044354 -0.02663238 -0.00833983  0.00328964
  0.01857695  0.03331239  0.03436672  0.0232066   0.01505426  0.00210391
 -0.00641983 -0.02081081 -0.01801935 -0.02375146 -0.02822727 -0.03938572
 -0.03750444 -0.04130588 -0.0397426  -0.0397426  -0.0397426  -0.0397426
 -0.0397426  -0.0397426  -0.0397426  -0.0397426  -0.0397426  -0.0397426
 -0.0397426  -0.0397426  -0.0397426  -0.0397426  -0.0397426  -0.0397426 ]",485688
1086490995,Sst-IRES-Cre,False,familiar,"[ 0.00010306 -0.00076804 -0.00866914 -0.00694164 -0.01081777 -0.01250307
 -0.02111085 -0.01902511 -0.01104286 -0.00690464  0.00383083  0.0221116
  0.02994546  0.0313451   0.034536    0.03045474  0.02271571  0.01914445
  0.01794184  0.01042823  0.00501556 -0.01330449 -0.01550843 -0.00686992
 -0.00961728 -0.01038856 -0.01181683 -0.01938346 -0.02229644 -0.02060405
 -0.02489181 -0.01384077  0.00752628  0.03474223  0.05020947  0.05661118
  0.06276512  0.07091207  0.06891997  0.05702235  0.0437035   0.02719091
  0.02198677 -0.00415095  0.00851906  0.00719875  0.00349214  0.00256822
 -0.00516242 -0.01092708 -0.0120694  -0.00742003 -0.01123015 -0.01219755
  0.00745293  0.03137148  0.04334987  0.05070236  0.05694915  0.05919777
  0.05555458  0.04531156  0.03598563  0.02996966  0.02026294  0.01088856
  0.00296624 -0.00109642 -0.00693319 -0.00167092 -0.0123635  -0.00589783
 -0.01094018 -0.00972068 -0.02219223 -0.02219223 -0.02219223 -0.02219223
 -0.02219223 -0.02219223 -0.02219223 -0.02219223 -0.02219223 -0.02219223
 -0.02219223 -0.02219223 -0.02219223 -0.02219223 -0.02219223 -0.02219223]",470784
1086490995,Sst-IRES-Cre,True,familiar,"[-0.01542856 -0.01505881 -0.01200228 -0.01571755 -0.01971916 -0.022034
 -0.02185273 -0.02377404 -0.02433702 -0.01545531  0.0001486   0.02059644
  0.03428421  0.03958715  0.04478295  0.03856956  0.03717465  0.03587457
  0.02073978  0.01119634 -0.00465595 -0.00821261  0.0064707  -0.01157629
 -0.00852509 -0.00299367 -0.01660611 -0.01828792 -0.01956021 -0.01362762
 -0.02624341 -0.02092128 -0.01649575 -0.00894071 -0.01698204 -0.02449719
 -0.01716527 -0.0229818  -0.02023019 -0.03446992 -0.03114379 -0.0351668
 -0.03481974 -0.02809421 -0.02158442 -0.0172493  -0.03143366 -0.02452263
 -0.01905151 -0.02604145 -0.03148439 -0.03627699 -0.03541803 -0.02422392
 -0.02753507 -0.00410678  0.02193673  0.01979033  0.01852324  0.02407327
  0.01331164  0.00909551  0.00692604  0.00175756 -0.00486502 -0.00752695
 -0.00794232 -0.01024446 -0.01517431 -0.02228611 -0.02293522 -0.02266603
 -0.03304322 -0.038417   -0.03063697 -0.03063697 -0.03063697 -0.03063697
 -0.03063697 -0.03063697 -0.03063697 -0.03063697 -0.03063697 -0.03063697
 -0.03063697 -0.03063697 -0.03063697 -0.03063697 -0.03063697 -0.03063697]",470784
1086491035,Sst-IRES-Cre,False,familiar,"[-4.26977700e-03 -4.47580200e-03 -6.89124971e-03 -1.18362116e-02
 -2.15774750e-02 -2.19389847e-02 -2.80774524e-02 -3.65762500e-02
 -3.00642712e-02 -3.00746112e-02 -2.21147782e-02 -1.14649304e-05
  1.42278661e-02  2.65263519e-02  3.74760328e-02  4.27564701e-02
  3.93340573e-02  4.70243431e-02  4.50212826e-02  3.90260754e-02
  2.72123015e-02  9.51992634e-03  1.41236117e-02 -1.99881872e-03
 -6.55134879e-03 -2.17086673e-02 -2.01941570e-02 -1.83184609e-02
 -2.59597462e-02 -2.96087917e-02 -2.73503648e-02 -3.03526414e-02
 -2.64442709e-02 -1.76222858e-02 -1.36658559e-02 -8.90649065e-03
 -6.91332706e-04  7.47037326e-03  1.35794485e-02  1.17540401e-02
  1.12041136e-02 -4.26330514e-03 -1.63904596e-03 -1.40293577e-02
 -1.55494901e-02 -1.69915040e-02 -3.01396041e-02 -2.96115873e-02
 -3.10226236e-02 -3.92391526e-02 -4.13926304e-02 -4.23290304e-02
 -4.95432297e-02 -4.77225929e-02 -4.76727034e-02 -2.82191750e-02
 -1.34330924e-02 -3.08632528e-03  1.25190435e-02  2.39738671e-02
  3.85410099e-02  4.35598743e-02  4.19753616e-02  2.97817762e-02
  2.15658169e-02  7.03177253e-03  5.18573449e-03  9.42849030e-03
 -7.30015463e-03 -1.70998238e-02 -2.01599199e-02 -2.60951651e-02
 -3.44122859e-02 -4.02275506e-02 -4.70106984e-02 -4.70106984e-02
 -4.70106984e-02 -4.70106984e-02 -4.70106984e-02 -4.70106984e-02
 -4.70106984e-02 -4.70106984e-02 -4.70106984e-02 -4.70106984e-02
 -4.70106984e-02 -4.70106984e-02 -4.70106984e-02 -4.70106984e-02
 -4.70106984e-02 -4.70106984e-02]",470784
1086491035,Sst-IRES-Cre,True,familiar,"[ 0.00626974  0.00518416 -0.00497627 -0.00507895 -0.0130117  -0.02378424
 -0.04048809 -0.03763101 -0.03619956 -0.04223435 -0.03685074 -0.01324071
  0.00850476  0.02544408  0.03354204  0.04155572  0.04634959  0.04644094
  0.05169165  0.04203755  0.03853058  0.02148798  0.01399951  0.00343438
 -0.01603989 -0.01283667 -0.01551032 -0.02586433 -0.03075688 -0.02996897
 -0.03090378 -0.03190384 -0.03844164 -0.04676589 -0.04466607 -0.05257663
 -0.05238824 -0.04534612 -0.04975596 -0.05323305 -0.05171402 -0.06030292
 -0.06941084 -0.05560149 -0.0637281  -0.06230783 -0.06143279 -0.06403118
 -0.05745299 -0.07047525 -0.0659659  -0.05635584 -0.05481815 -0.06628798
 -0.06981834 -0.05761341 -0.04037195 -0.02661481 -0.01337213 -0.00784321
 -0.00771273 -0.0054996  -0.01400221 -0.00479079 -0.01569552 -0.02479685
 -0.03153087 -0.02033498 -0.02910108 -0.02691172 -0.04660805 -0.05332079
 -0.0503095  -0.05333818 -0.05128754 -0.05128754 -0.05128754 -0.05128754
 -0.05128754 -0.05128754 -0.05128754 -0.05128754 -0.05128754 -0.05128754
 -0.05128754 -0.05128754 -0.05128754 -0.05128754 -0.05128754 -0.05128754]",470784
1086491066,Sst-IRES-Cre,False,familiar,"[-0.0022192  -0.00384682 -0.01733211 -0.01279142 -0.01377791 -0.00809398
 -0.01252002 -0.01265501 -0.00143261 -0.00398444  0.00036329  0.02512284
  0.03987947  0.03148066  0.03648293  0.03434828  0.03492964  0.02952149
  0.01336419  0.01626908  0.00601558 -0.00527354 -0.00076776 -0.0277579
 -0.0155309  -0.02476796 -0.01823914 -0.02464703 -0.03271755 -0.02942217
 -0.02741216 -0.02167936 -0.02579058 -0.0074101   0.0267791   0.04991954
  0.07094802  0.09666974  0.11934544  0.12470071  0.10393166  0.08463774
  0.06875009  0.04999304  0.02142185  0.0268177   0.01561418  0.0016106
 -0.01492768 -0.01745268 -0.02305226 -0.01944708 -0.0238101  -0.03151485
 -0.02352597  0.01993811  0.07723908  0.11744242  0.14247794  0.15364469
  0.15771019  0.15307398  0.1331633   0.10419909  0.07871752  0.05556394
  0.03937179  0.02559406  0.01406935  0.0102048  -0.01280702 -0.0079519
 -0.01348    -0.02565171 -0.04278939 -0.04278939 -0.04278939 -0.04278939
 -0.04278939 -0.04278939 -0.04278939 -0.04278939 -0.04278939 -0.04278939
 -0.04278939 -0.04278939 -0.04278939 -0.04278939 -0.04278939 -0.04278939]",485688
1086491066,Sst-IRES-Cre,True,familiar,"[-1.75986619e-02 -1.86696866e-02 -2.51528790e-02 -1.02666274e-02
 -2.01953464e-02 -1.60904092e-02 -2.24308041e-02 -3.18415653e-02
 -3.71546044e-02 -2.85086670e-02 -1.83962129e-02 -1.57020824e-03
  2.72761790e-02  4.90609737e-02  6.31714465e-02  6.28964173e-02
  5.93127364e-02  5.55065174e-02  4.16151634e-02  3.04335333e-02
  1.56493669e-02  1.74285349e-02  2.59782303e-03 -1.78189898e-02
 -2.56736531e-02 -1.69092552e-02 -3.13974600e-02 -2.50025978e-02
 -2.89778002e-02 -3.12932632e-02 -2.75374316e-02 -3.11105818e-02
 -3.35593907e-02 -4.26848968e-02 -4.38977417e-02 -3.63957392e-02
 -2.88875008e-02 -3.89595286e-02 -4.84935116e-02 -4.43371839e-02
 -4.43710714e-02 -4.70604052e-02 -4.97262635e-02 -5.33809415e-02
 -4.26357772e-02 -4.94245192e-02 -4.25056510e-02 -4.47736267e-02
 -4.43329587e-02 -4.35008320e-02 -4.37953895e-02 -3.43142886e-02
 -3.90530314e-02 -3.68044194e-02 -4.80326039e-02 -4.14532520e-02
 -1.99161406e-02  1.03115281e-02  1.45510914e-02  1.82632553e-02
  1.89835828e-02  1.91685558e-02  2.78504056e-02  2.98909482e-03
  1.82358928e-03  7.68963102e-05 -1.45436750e-02 -6.12534883e-03
 -2.90295723e-02 -1.52463355e-02 -2.60681886e-02 -2.62852012e-02
 -3.17097012e-02 -3.27369206e-02 -3.14757760e-02 -3.14757760e-02
 -3.14757760e-02 -3.14757760e-02 -3.14757760e-02 -3.14757760e-02
 -3.14757760e-02 -3.14757760e-02 -3.14757760e-02 -3.14757760e-02
 -3.14757760e-02 -3.14757760e-02 -3.14757760e-02 -3.14757760e-02
 -3.14757760e-02 -3.14757760e-02]",485688
1086491079,Sst-IRES-Cre,False,familiar,"[-1.79049866e-03 -1.70272855e-03 -6.81845953e-04  4.29200732e-05
 -1.08383252e-03  2.81169028e-03  7.57450356e-03  1.23369895e-02
  1.35888813e-02  9.95210545e-03  1.13058334e-02  9.40925238e-03
  1.02551412e-02  9.42600434e-03  6.71740906e-03  1.18188519e-03
  1.20443962e-03  2.91995627e-03 -5.20801885e-03 -9.06235125e-03
 -1.05624402e-02 -7.22845676e-03 -1.10815125e-02 -9.89556913e-03
 -1.18333453e-02 -1.20179418e-02 -4.96256803e-03 -5.95910121e-03
 -5.85241152e-03  1.95610694e-04  7.50720613e-03  1.17866177e-02
  8.25223405e-03  6.91294526e-03  4.78158824e-03  2.04902720e-03
  6.08539126e-03  2.94462238e-03 -1.85421402e-04  2.26583672e-03
 -6.03589289e-03 -6.95039521e-03 -1.02684303e-02 -4.48163774e-03
 -1.21196903e-02 -1.49544146e-02 -2.18502401e-02 -1.24512622e-02
 -6.83855620e-03 -6.89850242e-03 -8.24751914e-03 -3.01472900e-03
  3.47865834e-03  6.06505843e-03  7.34213585e-03  1.00790847e-02
  8.93011649e-03  6.40460525e-03  1.65058106e-03  2.61378946e-05
  1.37114632e-03  3.12163312e-04 -1.01141483e-02 -9.77109575e-03
 -6.64510095e-03 -1.56730278e-02 -9.62787084e-03 -1.65368093e-02
 -1.71099623e-02 -1.48762369e-02 -1.68386509e-02 -2.44365887e-02
 -2.33522603e-02 -1.78769194e-02 -1.79136127e-02 -1.79136127e-02
 -1.79136127e-02 -1.79136127e-02 -1.79136127e-02 -1.79136127e-02
 -1.79136127e-02 -1.79136127e-02 -1.79136127e-02 -1.79136127e-02
 -1.79136127e-02 -1.79136127e-02 -1.79136127e-02 -1.79136127e-02
 -1.79136127e-02 -1.79136127e-02]",470784
1086491079,Sst-IRES-Cre,True,familiar,"[-8.39504832e-03 -8.19874547e-03 -6.29228966e-03 -5.42333003e-03
 -3.63757543e-03 -8.98207924e-03 -1.22040826e-02 -6.44787664e-03
  1.57952314e-02  2.58906930e-02  1.96437429e-02  1.02446722e-02
  4.42474408e-03  7.13140014e-03  8.90826988e-03  2.67753413e-03
  9.20510664e-03  1.16266609e-02 -8.92596866e-04  3.09924576e-03
 -5.19206724e-03  2.34980977e-03 -1.40448526e-02 -1.25737462e-02
 -1.25678166e-02 -8.98667245e-03 -1.25195293e-02 -3.57443222e-03
  9.77889808e-03 -8.43268197e-04 -4.73584922e-03  8.85747634e-05
  2.46500077e-03  5.06161713e-03  1.02384711e-02  1.40690025e-02
  1.86829875e-02  1.29968624e-02  1.12356066e-02  2.10560259e-02
  3.06884464e-02  3.48210677e-02  5.90493947e-02  7.07286823e-02
  7.32003640e-02  6.35214160e-02  7.53192715e-02  7.37786087e-02
  8.28698920e-02  7.39321649e-02  8.60281905e-02  8.79606661e-02
  8.41506835e-02  7.58752759e-02  6.74012466e-02  6.79158980e-02
  6.43741644e-02  5.73814731e-02  5.40273311e-02  4.28528368e-02
  3.50839095e-02  3.41743627e-02  3.50992948e-02  3.22332329e-02
  2.27770317e-02  2.28542437e-02  1.25040665e-02  1.43801705e-02
  4.40797194e-03  1.07580172e-02  1.73017608e-02  8.67887914e-03
  1.32827538e-02  9.56806377e-03  1.01834881e-02  1.01834881e-02
  1.01834881e-02  1.01834881e-02  1.01834881e-02  1.01834881e-02
  1.01834881e-02  1.01834881e-02  1.01834881e-02  1.01834881e-02
  1.01834881e-02  1.01834881e-02  1.01834881e-02  1.01834881e-02
  1.01834881e-02  1.01834881e-02]",470784
1086491129,Sst-IRES-Cre,False,familiar,"[-0.01200737 -0.01166663 -0.00898897 -0.01485367 -0.0227181  -0.01960993
 -0.0339999  -0.03422451 -0.03330423 -0.03635002 -0.01826801  0.01034198
  0.0322899   0.04643447  0.05529921  0.05551253  0.06313438  0.04954605
  0.04010884  0.03441519  0.01099285  0.01454102 -0.00496446 -0.00810255
 -0.01546785 -0.01677999 -0.02290015 -0.02824101 -0.03302388 -0.03714521
 -0.04219394 -0.04672279 -0.04027174 -0.01587643  0.0184664   0.04212622
  0.05631781  0.07494615  0.08212737  0.08547982  0.07242273  0.04825053
  0.03477088  0.01831087  0.01095926 -0.00226831 -0.01145753 -0.01207554
 -0.0246229  -0.01762592 -0.03067557 -0.03607558 -0.04177676 -0.04532486
 -0.03916306 -0.00952951  0.03851276  0.07660018  0.10485055  0.11494577
  0.12905506  0.12764434  0.11353423  0.09166628  0.07696253  0.06035683
  0.03798362  0.02797857  0.00275498  0.00275568 -0.00541073 -0.01619252
 -0.02104187 -0.03313402 -0.03151502 -0.03151502 -0.03151502 -0.03151502
 -0.03151502 -0.03151502 -0.03151502 -0.03151502 -0.03151502 -0.03151502
 -0.03151502 -0.03151502 -0.03151502 -0.03151502 -0.03151502 -0.03151502]",470784
1086491129,Sst-IRES-Cre,True,familiar,"[-0.01026836 -0.01162408 -0.02545277 -0.02937916 -0.02752964 -0.04692216
 -0.05225551 -0.05330029 -0.06169086 -0.06602581 -0.05641465 -0.03029053
  0.00495283  0.04692131  0.07546811  0.09473838  0.10812796  0.08878528
  0.07514169  0.06089576  0.03833734  0.0318712   0.01716376 -0.00240269
 -0.02055183 -0.02227121 -0.03047872 -0.02461623 -0.03146089 -0.03946826
 -0.05096601 -0.05796002 -0.0569582  -0.05818066 -0.06379866 -0.06354607
 -0.07883913 -0.08101833 -0.07775094 -0.08660258 -0.08273592 -0.08339165
 -0.08851459 -0.0805214  -0.09599828 -0.08420791 -0.08612341 -0.08959467
 -0.09568353 -0.09911125 -0.09058274 -0.09020897 -0.08981635 -0.10349722
 -0.09763676 -0.07532911 -0.04247937 -0.01139997  0.00642065  0.02266846
  0.02533752  0.03295809  0.01202189 -0.00279287 -0.00579512 -0.02522601
 -0.03601016 -0.04517709 -0.05139611 -0.06052373 -0.05930833 -0.06963453
 -0.05956382 -0.07208785 -0.0718695  -0.0718695  -0.0718695  -0.0718695
 -0.0718695  -0.0718695  -0.0718695  -0.0718695  -0.0718695  -0.0718695
 -0.0718695  -0.0718695  -0.0718695  -0.0718695  -0.0718695  -0.0718695 ]",470784
1086491172,Sst-IRES-Cre,False,familiar,"[-0.02407169 -0.02353266 -0.01900413 -0.02428862 -0.03288725 -0.04180202
 -0.04429089 -0.05123911 -0.06006062 -0.0507071  -0.02681047  0.0148806
  0.05231615  0.07274726  0.08700026  0.10079094  0.08984195  0.08702495
  0.06343792  0.0475141   0.02971954  0.01479902  0.0011555  -0.01441237
 -0.02591722 -0.0328701  -0.03551003 -0.04697811 -0.05039038 -0.05645543
 -0.06480231 -0.06012939 -0.0467413  -0.01569957  0.01965458  0.03720177
  0.05455146  0.0741827   0.08781646  0.08775733  0.06173027  0.03526691
  0.02310617  0.00695316 -0.00982043 -0.01671001 -0.021359   -0.03405589
 -0.03679323 -0.05027507 -0.05638106 -0.05693038 -0.06238973 -0.06678963
 -0.05928895 -0.01373742  0.0405716   0.07237686  0.10695564  0.13401714
  0.14599792  0.1455511   0.13238454  0.0976675   0.06943462  0.04529674
  0.02640459  0.01550313 -0.01032455 -0.00810107 -0.02280832 -0.02902571
 -0.03862749 -0.05349099 -0.05348771 -0.05348771 -0.05348771 -0.05348771
 -0.05348771 -0.05348771 -0.05348771 -0.05348771 -0.05348771 -0.05348771
 -0.05348771 -0.05348771 -0.05348771 -0.05348771 -0.05348771 -0.05348771]",470784
1086491172,Sst-IRES-Cre,True,familiar,"[-0.02949044 -0.02944987 -0.03084989 -0.04422321 -0.05663979 -0.0689625
 -0.0779841  -0.07961339 -0.08885564 -0.08967266 -0.07332785 -0.01946854
  0.04138993  0.07988764  0.11340841  0.12119075  0.13902471  0.13313449
  0.11364141  0.09508629  0.05858051  0.03096225  0.0232785   0.01125032
 -0.02333168 -0.02805564 -0.03766758 -0.0469604  -0.06477266 -0.07150939
 -0.07493558 -0.07795491 -0.09155675 -0.09614635 -0.08843782 -0.09846368
 -0.10989699 -0.11723584 -0.12008679 -0.11446975 -0.12224043 -0.12743659
 -0.12556885 -0.13911279 -0.13652725 -0.14576237 -0.13733162 -0.13647115
 -0.14306866 -0.14745406 -0.14424392 -0.13101338 -0.13569528 -0.13616184
 -0.13914614 -0.11577028 -0.07407452 -0.03714904 -0.00579806  0.01071567
  0.01313646  0.01703306  0.00789361 -0.01262776 -0.0317155  -0.04612215
 -0.07066628 -0.07428975 -0.07231765 -0.09141382 -0.0944672  -0.10623823
 -0.1101878  -0.11480732 -0.11196204 -0.11196204 -0.11196204 -0.11196204
 -0.11196204 -0.11196204 -0.11196204 -0.11196204 -0.11196204 -0.11196204
 -0.11196204 -0.11196204 -0.11196204 -0.11196204 -0.11196204 -0.11196204]",470784
1086491194,Sst-IRES-Cre,False,familiar,"[ 0.00858296  0.00706092 -0.00575171 -0.00290307 -0.00249315  0.00765435
 -0.00184322 -0.00292934  0.00257736  0.00277462  0.0030363   0.00635124
  0.00756414  0.00462502  0.01265723  0.01566122  0.01898629  0.01256645
  0.00817659 -0.00120547 -0.00556575 -0.01443736 -0.00191013 -0.00536626
 -0.00806619 -0.01827046 -0.01241358 -0.0128262  -0.00805317 -0.01423962
 -0.01097605 -0.00873441  0.00420957 -0.00102166 -0.00078499  0.02156345
  0.03504053  0.03714064  0.05856681  0.06386495  0.05002764  0.0360646
  0.03948018  0.03605652  0.01217987  0.00823791  0.00907546  0.01058371
  0.00076035  0.01376345 -0.00431354  0.00168603  0.00120383 -0.00288698
  0.00452781  0.01401756  0.03837923  0.0663031   0.08819221  0.10432302
  0.10598145  0.10584856  0.083402    0.07466356  0.05792556  0.03456449
  0.03757406  0.03951817  0.02608586  0.0150305   0.01848808  0.00894896
  0.0037412  -0.00324472 -0.00398574 -0.00398574 -0.00398574 -0.00398574
 -0.00398574 -0.00398574 -0.00398574 -0.00398574 -0.00398574 -0.00398574
 -0.00398574 -0.00398574 -0.00398574 -0.00398574 -0.00398574 -0.00398574]",485688
1086491194,Sst-IRES-Cre,False,novel,"[ 4.45771094e-03  5.05003746e-03  9.22304519e-03  3.11584607e-03
  6.74098256e-03  1.44272921e-03  4.61662040e-03 -1.52587290e-03
 -5.65630247e-03 -9.56600319e-03 -7.04583234e-03 -8.92977152e-04
  1.94444273e-03  2.66855037e-03  3.83592674e-03  8.60934082e-03
  1.65346146e-02  9.75578228e-03  4.75165429e-03  5.71714556e-04
 -2.11380113e-03  8.92203445e-04  1.03374608e-02 -7.91592720e-03
 -8.76201654e-03 -5.15190005e-03 -1.20629793e-02 -7.78090437e-03
 -1.31959574e-02 -1.28781884e-02 -6.55165872e-03 -1.03045800e-02
 -5.52341392e-03 -5.42912492e-03 -3.11165536e-03  6.50634969e-04
  1.30416388e-02  1.78945019e-02  1.97249448e-02  2.89182712e-02
  2.49589533e-02  1.90606743e-02  1.99629046e-02  1.81870780e-02
  1.41558431e-02  1.56388385e-02  2.22256725e-02  1.07152678e-02
  1.01973125e-02 -4.48608917e-05  3.88481846e-03  1.23184493e-02
  1.31032007e-02  1.34200956e-02  7.11292700e-03  1.05435795e-02
  1.73557671e-02  1.99090989e-02  2.63716631e-02  3.49780728e-02
  4.38514292e-02  4.10405350e-02  4.44751349e-02  3.17452057e-02
  2.87162430e-02  2.10912131e-02  2.29821329e-02  2.43129701e-02
  2.59186161e-02  1.85852902e-02  1.33986934e-02  9.51740680e-03
  1.35511192e-02  7.16456372e-03 -1.75842239e-04 -1.75842239e-04
 -1.75842239e-04 -1.75842239e-04 -1.75842239e-04 -1.75842239e-04
 -1.75842239e-04 -1.75842239e-04 -1.75842239e-04 -1.75842239e-04
 -1.75842239e-04 -1.75842239e-04 -1.75842239e-04 -1.75842239e-04
 -1.75842239e-04 -1.75842239e-04]",485688
1086491194,Sst-IRES-Cre,True,familiar,"[-1.72973405e-02 -1.65777227e-02 -1.07058203e-02 -1.48929040e-02
 -1.72555591e-02 -6.15544065e-03 -1.04623834e-02 -1.88490460e-02
 -1.71831521e-02 -1.52606838e-02 -2.46497422e-02 -7.56280780e-03
  1.56344494e-02  1.64589757e-02  2.98432667e-02  3.65231608e-02
  3.24421408e-02  2.87324482e-02  2.80567546e-02  9.00369826e-03
  6.00976934e-03  1.08863199e-02  1.60518442e-02 -4.53831366e-03
 -6.17835896e-03 -4.54201071e-03  1.91045665e-05  5.15851803e-06
 -1.61326970e-02 -2.14231082e-02 -1.36094229e-02 -1.42839766e-02
 -1.42824261e-02 -1.29399450e-02 -2.05427629e-02 -2.29826845e-02
 -1.39632025e-02 -4.61179170e-03 -1.12578745e-02 -1.87812129e-02
 -1.61686349e-02 -2.67534694e-02 -2.04355614e-02 -1.99551258e-02
 -1.40174274e-02 -2.03230440e-02 -2.42478821e-02 -1.61524873e-02
 -1.87024981e-02 -1.94784240e-02 -1.92587741e-02 -1.20477027e-02
 -1.68843033e-02 -2.39526686e-02 -1.54873914e-02 -7.26466398e-03
  1.11756201e-03  1.42788062e-03  2.66147636e-03  2.39238811e-03
  7.88196291e-03  1.04817903e-02  5.52779364e-03  5.51105630e-03
 -3.91971168e-03 -8.12681322e-03 -5.10950942e-03 -7.66608394e-04
 -7.89581090e-03 -1.16014628e-02 -7.77638395e-03 -2.80633729e-02
 -1.51554448e-02 -1.14660825e-02 -1.22420744e-02 -1.22420744e-02
 -1.22420744e-02 -1.22420744e-02 -1.22420744e-02 -1.22420744e-02
 -1.22420744e-02 -1.22420744e-02 -1.22420744e-02 -1.22420744e-02
 -1.22420744e-02 -1.22420744e-02 -1.22420744e-02 -1.22420744e-02
 -1.22420744e-02 -1.22420744e-02]",485688
1086491194,Sst-IRES-Cre,True,novel,"[-5.89592141e-03 -4.60215621e-03  4.60193582e-03 -9.27010515e-03
 -3.64695209e-03 -9.51278219e-03 -3.00564508e-03 -4.71049473e-03
 -9.86536423e-03 -7.13196109e-03 -9.69077528e-03 -5.22946518e-03
  2.08583820e-03  2.38339549e-03  5.50910783e-03  8.39108500e-03
  8.19900724e-03  1.20308050e-02  8.98123645e-03  1.77758690e-02
  3.12378444e-03  5.01629117e-03  1.25431263e-02 -4.11694032e-03
 -1.38259577e-04  1.12598618e-03 -1.46984499e-03 -6.55006511e-03
 -4.41869903e-03 -2.51203641e-03 -2.59759077e-03  5.21429168e-05
  1.75498892e-03 -1.13236254e-03 -4.45069388e-03 -8.29776777e-03
 -6.62018794e-03 -7.02493191e-03 -7.19037276e-03 -1.34612438e-02
 -1.33539066e-02 -8.23398409e-03 -4.30208084e-03 -9.38856094e-03
 -6.75846466e-03 -1.16145475e-02 -1.00915600e-02 -7.62980546e-03
 -5.55239261e-03 -6.57038706e-03 -1.65287898e-03 -1.05105989e-02
 -7.56279178e-03 -9.71578928e-03 -9.21843653e-03  2.00904239e-03
 -5.39540125e-03 -7.56803788e-03  2.43987197e-03  1.19585241e-02
  5.76727964e-03  5.03380221e-03  9.26483752e-03  1.27386645e-02
  1.32670130e-02  8.93454837e-03 -9.59841639e-04 -2.83038514e-03
  3.40027978e-04 -1.13553102e-03  6.45713404e-03  1.97472465e-03
 -2.55532914e-03 -2.10654558e-03 -1.24204892e-02 -1.24204892e-02
 -1.24204892e-02 -1.24204892e-02 -1.24204892e-02 -1.24204892e-02
 -1.24204892e-02 -1.24204892e-02 -1.24204892e-02 -1.24204892e-02
 -1.24204892e-02 -1.24204892e-02 -1.24204892e-02 -1.24204892e-02
 -1.24204892e-02 -1.24204892e-02]",485688
1086491215,Sst-IRES-Cre,False,familiar,"[-0.01098242 -0.01128687 -0.01469422 -0.01851549 -0.02118718 -0.02070379
 -0.02481488 -0.02939479 -0.03582638 -0.0304429  -0.01843453  0.00532208
  0.03007827  0.0309503   0.04388837  0.05779574  0.05564162  0.05369786
  0.03422469  0.02701463  0.02233086  0.0088385  -0.00501475 -0.0065178
 -0.01173716 -0.01315305 -0.02255491 -0.0235935  -0.02325543 -0.02767287
 -0.03947129 -0.03862976 -0.03167539 -0.01149885  0.00375223  0.01529352
  0.02550464  0.03390268  0.04264156  0.04047642  0.0300866   0.02066119
  0.00663014  0.00272349  0.00010077 -0.00437932 -0.02022442 -0.01905837
 -0.02021863 -0.0330817  -0.03906472 -0.03635112 -0.03168357 -0.03598691
 -0.03711529 -0.00670229  0.02521757  0.04046039  0.05910348  0.07298264
  0.08198447  0.08166747  0.0782219   0.06474826  0.0444714   0.03676079
  0.02216903  0.01829501  0.00520287 -0.01187934 -0.01185885 -0.01916117
 -0.01622429 -0.02427013 -0.03008345 -0.03008345 -0.03008345 -0.03008345
 -0.03008345 -0.03008345 -0.03008345 -0.03008345 -0.03008345 -0.03008345
 -0.03008345 -0.03008345 -0.03008345 -0.03008345 -0.03008345 -0.03008345]",470784
1086491215,Sst-IRES-Cre,True,familiar,"[-0.01803473 -0.01877423 -0.02573362 -0.02579111 -0.03170156 -0.04165479
 -0.04562835 -0.05141541 -0.05812563 -0.05450728 -0.03796703 -0.00892167
  0.01928281  0.04205365  0.06009191  0.07485726  0.07339531  0.07691313
  0.07027963  0.05082476  0.05359882  0.02340256  0.01210659 -0.00292264
 -0.00784642 -0.01617383 -0.02399019 -0.02138927 -0.03011966 -0.03610903
 -0.03660915 -0.04123091 -0.04772626 -0.05259315 -0.05843751 -0.06559394
 -0.0672379  -0.07081957 -0.07668025 -0.07801259 -0.08798385 -0.07994338
 -0.08289925 -0.08348906 -0.07822236 -0.07781084 -0.07991945 -0.07702848
 -0.08890142 -0.0882811  -0.08644715 -0.08825876 -0.08564802 -0.09184145
 -0.0876328  -0.06843917 -0.04667526 -0.02625076 -0.01529417 -0.00670534
 -0.01034453 -0.0096188   0.00310083 -0.00855007 -0.02409697 -0.04117489
 -0.04817503 -0.04201181 -0.05033522 -0.05866905 -0.05905154 -0.05201079
 -0.06417438 -0.06967631 -0.07099119 -0.07099119 -0.07099119 -0.07099119
 -0.07099119 -0.07099119 -0.07099119 -0.07099119 -0.07099119 -0.07099119
 -0.07099119 -0.07099119 -0.07099119 -0.07099119 -0.07099119 -0.07099119]",470784
1086491256,Sst-IRES-Cre,False,familiar,"[-0.00135622 -0.00178714 -0.00520846 -0.00314263 -0.01220165 -0.00873953
 -0.00780835 -0.00371626 -0.00994271 -0.00844367 -0.00515794  0.00609126
  0.01585078  0.01492274  0.01593458  0.02005726  0.01933573  0.01380561
  0.01383755  0.00878031 -0.00134783  0.0057874  -0.00510005 -0.00415796
 -0.00181537 -0.00591984 -0.01238146 -0.01396917 -0.01092788 -0.0112791
 -0.01430387 -0.00908456 -0.00250497  0.00886212  0.02033984  0.02860003
  0.03074319  0.02372658  0.02892314  0.03182999  0.02656653  0.01832316
  0.01250109  0.01189853 -0.00024716  0.00069094 -0.00438172 -0.0079299
 -0.00242903 -0.00986952 -0.00741277 -0.00699384 -0.00917779 -0.01272809
 -0.00229109  0.00828177  0.02006901  0.03109619  0.03485012  0.03876557
  0.03434164  0.03472456  0.02923564  0.01523133  0.01274682  0.00940167
  0.00588402  0.00873173  0.00365881 -0.00677853 -0.00515765 -0.00971418
 -0.00908555 -0.01226411 -0.01107504 -0.01107504 -0.01107504 -0.01107504
 -0.01107504 -0.01107504 -0.01107504 -0.01107504 -0.01107504 -0.01107504
 -0.01107504 -0.01107504 -0.01107504 -0.01107504 -0.01107504 -0.01107504]",470784
1086491256,Sst-IRES-Cre,True,familiar,"[-0.00310444 -0.00343545 -0.00777186 -0.01423376 -0.00763185 -0.00283857
 -0.01232675 -0.01378042 -0.02663664 -0.01673116 -0.00757182  0.00650275
  0.01762713  0.02139388  0.02387112  0.02321526  0.02804498  0.02404061
  0.02527761  0.01351104 -0.00478105  0.00347729 -0.01010797 -0.00230021
 -0.01043182 -0.00063428 -0.00342621 -0.00665384 -0.01745327 -0.01511031
 -0.01865796 -0.02014723 -0.01140445 -0.00928435 -0.01433559 -0.01964698
 -0.02417191 -0.02363295 -0.02235514 -0.02171955 -0.01634511 -0.01804778
 -0.0208369  -0.01766128 -0.01722008 -0.02097527 -0.01733389 -0.01742301
 -0.02156254 -0.03032495 -0.02121374 -0.02418175 -0.02649925 -0.01609209
 -0.01370304 -0.01184061  0.00130421  0.00653366  0.00600857  0.0072865
  0.01250097  0.01340832  0.00668408  0.00206777 -0.00454688 -0.00676306
 -0.00845127 -0.01503404 -0.02138192 -0.00816726 -0.0080868  -0.01345525
 -0.01867206 -0.02474937 -0.01490921 -0.01490921 -0.01490921 -0.01490921
 -0.01490921 -0.01490921 -0.01490921 -0.01490921 -0.01490921 -0.01490921
 -0.01490921 -0.01490921 -0.01490921 -0.01490921 -0.01490921 -0.01490921]",470784
1086491263,Sst-IRES-Cre,False,familiar,"[-1.02150206e-02 -1.04775713e-02 -1.20536898e-02 -7.07059934e-03
 -5.88400945e-03 -1.30325970e-02 -1.67506484e-02 -6.74100103e-03
 -1.07844960e-03 -6.64352905e-03 -6.51841006e-03  1.07662228e-02
  3.07383236e-02  3.44688533e-02  3.39339232e-02  4.35074331e-02
  3.46170004e-02  1.92219375e-02  1.72657850e-02  4.28035842e-03
 -2.85438708e-04 -7.91630286e-03 -7.50732948e-03 -1.65223358e-02
 -1.30801121e-02 -1.74170784e-02 -8.10126022e-03 -1.92942865e-02
 -2.07730667e-02 -2.14371006e-02 -1.72693147e-02 -2.54735301e-02
 -3.26623599e-02 -2.01160708e-02 -4.26688845e-04  1.69106327e-02
  3.51875904e-02  5.29775491e-02  6.93765569e-02  7.83704638e-02
  5.89993396e-02  5.16966034e-02  3.92410315e-02  2.01207802e-02
  1.08211677e-02  1.02665299e-02  1.58887238e-05 -4.41389326e-03
 -8.25998896e-03 -9.50621161e-03 -8.28563878e-03 -1.71200022e-02
 -1.67835937e-02 -1.62285106e-02 -9.96926383e-03  1.49057513e-02
  6.49101563e-02  1.08361323e-01  1.43107952e-01  1.54350014e-01
  1.44567956e-01  1.35114811e-01  1.10033076e-01  8.73787376e-02
  6.17860402e-02  5.00556505e-02  2.82122971e-02  1.81400302e-02
  1.70281979e-02  1.13741729e-02 -8.35046798e-04  7.00396468e-04
 -6.95102400e-03 -9.07564523e-03 -1.34044262e-02 -1.34044262e-02
 -1.34044262e-02 -1.34044262e-02 -1.34044262e-02 -1.34044262e-02
 -1.34044262e-02 -1.34044262e-02 -1.34044262e-02 -1.34044262e-02
 -1.34044262e-02 -1.34044262e-02 -1.34044262e-02 -1.34044262e-02
 -1.34044262e-02 -1.34044262e-02]",485688
1086491263,Sst-IRES-Cre,False,novel,"[ 0.00432369  0.00361384 -0.00170384  0.00336955 -0.0049901  -0.00415441
 -0.00367238 -0.00156812 -0.00177536 -0.00850666 -0.00452115 -0.0082694
 -0.00329852  0.00071539  0.00773332  0.01930335  0.01941569  0.01845755
  0.01280596  0.01223533  0.0016589   0.0028691  -0.0085735  -0.00733903
 -0.00132062 -0.00729793 -0.0087624  -0.01215778 -0.00641533 -0.01217515
 -0.02042945 -0.01343521 -0.01325882 -0.01427988 -0.01573237 -0.01156641
 -0.00318075  0.00725693  0.01944839  0.03162725  0.03753128  0.0320845
  0.03114521  0.02858034  0.01735827  0.00574878  0.01240254  0.00989068
  0.00991648  0.00757833  0.00208033  0.00154774  0.0054287   0.00234408
  0.00404857  0.00596282  0.01122395  0.02354096  0.03289839  0.04957409
  0.06244755  0.06407239  0.06402666  0.05747725  0.04719912  0.03644873
  0.03798756  0.02326502  0.02102628  0.0231613   0.02579982  0.01466053
  0.01031277  0.0089078   0.01336105  0.01336105  0.01336105  0.01336105
  0.01336105  0.01336105  0.01336105  0.01336105  0.01336105  0.01336105
  0.01336105  0.01336105  0.01336105  0.01336105  0.01336105  0.01336105]",485688
1086491263,Sst-IRES-Cre,True,familiar,"[-0.01088739 -0.01076406 -0.01043264 -0.01633659 -0.02094415 -0.01935036
 -0.02780881 -0.02476717 -0.02424401 -0.02890542 -0.02775874 -0.00686778
  0.018061    0.04726526  0.06535983  0.06469606  0.05691749  0.04935231
  0.03299226  0.02255062  0.00914784 -0.00575979 -0.00500942 -0.01445989
 -0.014599   -0.0133009  -0.01621963 -0.01930305 -0.02467582 -0.02394804
 -0.02887038 -0.02182195 -0.0267376  -0.03643027 -0.03226611 -0.03060391
 -0.02790878 -0.02584724 -0.02710606 -0.03272447 -0.03250195 -0.03769246
 -0.0330709  -0.03508216 -0.03060365 -0.03504268 -0.04319793 -0.02464048
 -0.02821369 -0.03126006 -0.03164205 -0.03601458 -0.03021939 -0.02844265
 -0.03276268 -0.02727886 -0.01176433  0.00534347  0.02238449  0.0261835
  0.02248197  0.01719497  0.02183187  0.01302052  0.00473058 -0.00015924
 -0.00237568 -0.0221281  -0.01750848 -0.021643   -0.01880823 -0.01808244
 -0.01604143 -0.02179351 -0.01953284 -0.01953284 -0.01953284 -0.01953284
 -0.01953284 -0.01953284 -0.01953284 -0.01953284 -0.01953284 -0.01953284
 -0.01953284 -0.01953284 -0.01953284 -0.01953284 -0.01953284 -0.01953284]",485688
1086491263,Sst-IRES-Cre,True,novel,"[-1.37965966e-03 -1.02320468e-03  1.45900537e-03 -4.84774731e-03
 -1.02509968e-02 -5.44450379e-03 -6.97187680e-03 -3.97648145e-03
 -8.84152973e-03 -6.87839144e-03 -6.75403997e-03 -8.84588702e-03
 -5.07674741e-03 -7.51601940e-05  5.13994787e-03  1.34634824e-02
  2.34756243e-02  2.25073728e-02  1.33727624e-02  9.46151192e-03
  9.15097980e-03  2.29928439e-03  1.52716301e-03 -1.87401704e-03
 -6.20240719e-03 -1.95646401e-03 -7.52588006e-03 -3.01470029e-03
 -3.79566474e-03 -7.12177466e-03 -8.76244616e-03 -1.23427597e-02
 -1.38457779e-02 -1.34590245e-02 -1.56700295e-02 -1.34127275e-02
 -7.40873210e-03 -1.10521438e-02 -1.29702086e-02 -1.34115297e-02
 -1.68362126e-02 -1.17554637e-02 -1.65953854e-02 -8.88760094e-03
 -1.11033672e-02 -1.48262557e-02 -1.53318994e-02 -1.76118492e-02
 -1.21369470e-02 -1.75955710e-02 -1.32288741e-02 -8.15087875e-03
 -1.23937877e-02 -1.51248023e-02 -1.61694816e-02 -1.32745395e-02
 -1.16874361e-02 -1.13779485e-02 -4.64873952e-03 -3.65334761e-03
  3.40253010e-03  1.11581685e-02  1.66091001e-02  1.41397571e-02
  9.69310982e-03  7.18419659e-03  8.00451502e-04  1.07769021e-03
  8.89655591e-03 -2.50522164e-03  8.59230891e-04 -1.60297598e-04
  1.87928640e-03 -7.87469444e-03 -6.69395089e-03 -6.69395089e-03
 -6.69395089e-03 -6.69395089e-03 -6.69395089e-03 -6.69395089e-03
 -6.69395089e-03 -6.69395089e-03 -6.69395089e-03 -6.69395089e-03
 -6.69395089e-03 -6.69395089e-03 -6.69395089e-03 -6.69395089e-03
 -6.69395089e-03 -6.69395089e-03]",485688
1086491328,Sst-IRES-Cre,False,familiar,"[ 0.00346994  0.00161522 -0.01768697 -0.02741117 -0.02932178 -0.03773821
 -0.04185862 -0.05045975 -0.05320974 -0.05438322 -0.03965852 -0.00851232
  0.01897775  0.04284347  0.07588831  0.09236939  0.09481043  0.08327867
  0.07197561  0.05496126  0.0345176   0.00939875  0.00162338 -0.01422039
 -0.01062113 -0.01875672 -0.03474355 -0.04378576 -0.04831701 -0.05504491
 -0.05866373 -0.0615701  -0.05465645 -0.03937985 -0.01475562  0.00857476
  0.03824364  0.0629626   0.07381354  0.06407967  0.0522186   0.03385837
  0.02064317  0.00156017 -0.00852823 -0.02421108 -0.03182449 -0.04008135
 -0.04440825 -0.04980024 -0.06030525 -0.06455763 -0.07110709 -0.07557595
 -0.06664316 -0.03133219  0.00242155  0.03755795  0.07158128  0.10524353
  0.13102681  0.12950854  0.11821957  0.08810705  0.05790542  0.03606116
  0.02474679  0.00406274 -0.01115766 -0.01998114 -0.03593646 -0.0489152
 -0.04531988 -0.05285687 -0.05985026 -0.05985026 -0.05985026 -0.05985026
 -0.05985026 -0.05985026 -0.05985026 -0.05985026 -0.05985026 -0.05985026
 -0.05985026 -0.05985026 -0.05985026 -0.05985026 -0.05985026 -0.05985026]",470784
1086491328,Sst-IRES-Cre,True,familiar,"[-0.02286232 -0.0239886  -0.03580742 -0.04243456 -0.04533594 -0.0540666
 -0.05671262 -0.06116715 -0.05750825 -0.06505574 -0.05305465 -0.03086139
  0.00487732  0.03972984  0.0637213   0.08545914  0.10552375  0.10585937
  0.0965094   0.07493215  0.05647088  0.0376095   0.02893925  0.01356948
 -0.00708564 -0.02332495 -0.02369193 -0.03014023 -0.03244216 -0.04766122
 -0.0557996  -0.05669829 -0.06703294 -0.06435088 -0.06573064 -0.07365244
 -0.08112746 -0.07642089 -0.07900617 -0.08436089 -0.09110621 -0.08995998
 -0.09232522 -0.0869013  -0.09368689 -0.10152437 -0.09372651 -0.09922101
 -0.0955702  -0.10005742 -0.09795323 -0.10101976 -0.10048899 -0.10417614
 -0.10500742 -0.08621168 -0.06204673 -0.04532966 -0.03046682 -0.01389779
 -0.00449752 -0.00223895  0.00091753 -0.00507461 -0.02640196 -0.03143177
 -0.04014324 -0.04802134 -0.05593031 -0.06867508 -0.07421779 -0.07487966
 -0.08212772 -0.08381768 -0.07813615 -0.07813615 -0.07813615 -0.07813615
 -0.07813615 -0.07813615 -0.07813615 -0.07813615 -0.07813615 -0.07813615
 -0.07813615 -0.07813615 -0.07813615 -0.07813615 -0.07813615 -0.07813615]",470784
1086491368,Sst-IRES-Cre,False,familiar,"[-0.002619   -0.0023177   0.00187039  0.01105849  0.01016745  0.00226647
 -0.00736187 -0.00871979 -0.00346478 -0.00290806  0.00581415  0.01093482
  0.0136893   0.01423153  0.0120588   0.01247648  0.00613273  0.00547776
  0.00916227 -0.01449291 -0.00042933 -0.0134702  -0.0109583  -0.00714149
 -0.00660546 -0.00646493 -0.0088474  -0.01045048 -0.00177689 -0.00731206
 -0.01122108 -0.01123179 -0.01201925  0.00244801  0.01087393  0.01699573
  0.02518802  0.0337713   0.04013906  0.03563935  0.03138428  0.02940071
  0.01960648  0.02066888  0.00803145  0.01530123  0.00095379  0.01804089
  0.00681544  0.01136775  0.00919278 -0.00399082  0.00510293  0.00403029
  0.0104023   0.02366     0.02832742  0.03761626  0.04636268  0.04629187
  0.05065296  0.04977581  0.04220997  0.03693913  0.02654653  0.0310668
  0.02385811  0.00445435  0.00922579  0.01251846  0.00879026  0.00356521
  0.00019664  0.00326903  0.01506273  0.01506273  0.01506273  0.01506273
  0.01506273  0.01506273  0.01506273  0.01506273  0.01506273  0.01506273
  0.01506273  0.01506273  0.01506273  0.01506273  0.01506273  0.01506273]",485688
1086491368,Sst-IRES-Cre,False,novel,"[-0.00482584 -0.00407023  0.00323019  0.00491402  0.00039254 -0.00294631
 -0.00501379 -0.00769509 -0.00838685 -0.00853056 -0.00390062 -0.00562401
  0.00133055  0.01054928  0.01352198  0.01171285  0.0166025   0.01335658
  0.00525061  0.00268997  0.00328651  0.0013863  -0.00905359  0.00069791
 -0.00185193 -0.00438274 -0.00941394 -0.00653581 -0.00543202 -0.00125848
 -0.01389948 -0.0112503  -0.00571009 -0.01140211 -0.01140251  0.00093939
  0.0202914   0.02242061  0.01944108  0.0165027   0.01915371  0.01483561
  0.01454435  0.00276921 -0.00288637  0.01218933  0.00324502  0.00117617
 -0.00554574 -0.00309526  0.00039908 -0.00230294 -0.00134668 -0.01174879
 -0.00864128 -0.00391179  0.00516517  0.00780917  0.01905495  0.02753318
  0.03215495  0.02918026  0.02820835  0.02150904  0.0224078   0.01948131
  0.01210208  0.01264832  0.01011043  0.01328404  0.01269693  0.00634594
 -0.0058558  -0.01072712  0.00895367  0.00895367  0.00895367  0.00895367
  0.00895367  0.00895367  0.00895367  0.00895367  0.00895367  0.00895367
  0.00895367  0.00895367  0.00895367  0.00895367  0.00895367  0.00895367]",485688
1086491368,Sst-IRES-Cre,True,familiar,"[-0.0052862  -0.00483674 -0.00126852 -0.00497409 -0.01236992 -0.01570958
 -0.01160446 -0.00932008 -0.00392889 -0.00641168 -0.00233298  0.00581703
  0.01152904  0.00933764  0.00670979  0.01332185  0.01244659  0.01301511
  0.00880672  0.00764177  0.00136044  0.00169344  0.00736015  0.00203544
  0.00057933 -0.0029682  -0.00838776 -0.00581436 -0.00188538 -0.0045555
 -0.01112129 -0.0106078  -0.00774199 -0.006633   -0.0141717  -0.01050316
 -0.00695938 -0.0082737  -0.00829142 -0.00990845 -0.01265334 -0.00764431
 -0.00793163 -0.01523801 -0.00291208 -0.01384358 -0.01475477 -0.01615087
 -0.02119806 -0.01373427 -0.00859581 -0.01525099 -0.0076747  -0.00701041
 -0.00347977 -0.00765032 -0.00778744 -0.00075168  0.00428075  0.00894891
  0.00838913  0.00626347 -0.00125636  0.00164059 -0.0027695  -0.00244772
  0.0030291  -0.00420403  0.00095698 -0.01063504 -0.01931334 -0.00608313
 -0.0104309  -0.00926361 -0.01097788 -0.01097788 -0.01097788 -0.01097788
 -0.01097788 -0.01097788 -0.01097788 -0.01097788 -0.01097788 -0.01097788
 -0.01097788 -0.01097788 -0.01097788 -0.01097788 -0.01097788 -0.01097788]",485688
1086491368,Sst-IRES-Cre,True,novel,"[ 0.00341417  0.00283967 -0.00263686 -0.00331779 -0.00059677 -0.00408164
 -0.0073392  -0.00917231 -0.01349166 -0.01341907 -0.00571962 -0.00459938
 -0.00621637  0.00263823  0.00946484  0.00877621  0.01002858  0.02669209
  0.01742193  0.004005    0.01969972  0.00768144  0.00156085  0.00344357
 -0.00351106 -0.00147315 -0.00826155 -0.01212661 -0.01224965 -0.00945362
 -0.00681518 -0.00974206 -0.00746322 -0.00358371 -0.01021952 -0.01232078
 -0.0180385  -0.01846384 -0.01807086 -0.01268219 -0.01868391 -0.02202082
 -0.0148855  -0.00812318 -0.01280408 -0.0194297  -0.01784295 -0.01219686
 -0.01562093 -0.01979422 -0.01780611 -0.01646106 -0.01837268 -0.01570707
 -0.01638192 -0.01443915 -0.00951956 -0.0018666   0.00531641  0.00390408
  0.01543324  0.01584283  0.00694444  0.00576957  0.00118275  0.00216771
  0.00757257 -0.00474754 -0.0075405  -0.0071999  -0.003979   -0.0044258
 -0.00865126 -0.01032602 -0.00715148 -0.00715148 -0.00715148 -0.00715148
 -0.00715148 -0.00715148 -0.00715148 -0.00715148 -0.00715148 -0.00715148
 -0.00715148 -0.00715148 -0.00715148 -0.00715148 -0.00715148 -0.00715148]",485688
1086491397,Sst-IRES-Cre,False,familiar,"[ 0.00130215  0.0006224  -0.00672707 -0.01194951 -0.01330808 -0.02061144
 -0.02242389 -0.02126301 -0.02809925 -0.02447584  0.00337334  0.02932965
  0.0389147   0.04288086  0.04020035  0.03542624  0.03756947  0.02663088
  0.01890505  0.01672586  0.01042327  0.00014705 -0.00787055 -0.01034301
 -0.01446423 -0.0161123  -0.01993813 -0.02469603 -0.02394662 -0.03622232
 -0.04411277 -0.03602993  0.00281859  0.05208922  0.07666229  0.08466842
  0.09177566  0.09142051  0.09688683  0.08626946  0.07891596  0.0687977
  0.0563716   0.04245973  0.03571445  0.02875845  0.02420209  0.01324676
  0.0095166   0.00233194 -0.00690429 -0.00883455 -0.01238409 -0.01195505
  0.00447977  0.03996684  0.06562348  0.0798342   0.08672443  0.08452372
  0.08270117  0.08494152  0.08307215  0.06410992  0.04677317  0.04117126
  0.03394602  0.0281562   0.01731087  0.00716297  0.00293924  0.00010186
 -0.00212357 -0.01472849 -0.01668584 -0.01668584 -0.01668584 -0.01668584
 -0.01668584 -0.01668584 -0.01668584 -0.01668584 -0.01668584 -0.01668584
 -0.01668584 -0.01668584 -0.01668584 -0.01668584 -0.01668584 -0.01668584]",470784
1086491397,Sst-IRES-Cre,True,familiar,"[-0.01478509 -0.01544768 -0.02183026 -0.02061306 -0.01587104 -0.0258386
 -0.03265095 -0.03514799 -0.04707454 -0.0482146  -0.02452749  0.00498894
  0.0337052   0.04775532  0.05593326  0.05690326  0.04888419  0.04772852
  0.03809291  0.03211187  0.02185037  0.00797124 -0.00271798  0.006546
 -0.00832531 -0.00173    -0.01540645 -0.01451927 -0.02880221 -0.02896859
 -0.02810745 -0.03294458 -0.03296403 -0.03783279 -0.04476596 -0.04561319
 -0.05291259 -0.05341484 -0.0531924  -0.050882   -0.0514383  -0.05874786
 -0.06400504 -0.05981052 -0.05589242 -0.05465412 -0.06203561 -0.06808257
 -0.06924292 -0.0638822  -0.06413002 -0.07601266 -0.07527142 -0.06989023
 -0.06741573 -0.03798184 -0.00946838 -0.00056706  0.0052661   0.00150322
 -0.00101554  0.00321112  0.00403296 -0.01517116 -0.01478457 -0.0230047
 -0.02996455 -0.03193361 -0.04127799 -0.04045619 -0.04382145 -0.05160845
 -0.05478777 -0.05500428 -0.06175332 -0.06175332 -0.06175332 -0.06175332
 -0.06175332 -0.06175332 -0.06175332 -0.06175332 -0.06175332 -0.06175332
 -0.06175332 -0.06175332 -0.06175332 -0.06175332 -0.06175332 -0.06175332]",470784
1086491461,Sst-IRES-Cre,False,familiar,"[-0.00174165 -0.00145433 -0.00068282 -0.01226269 -0.01743999 -0.01904361
 -0.02220722 -0.02177058 -0.01791397 -0.01526297  0.00892179  0.03479706
  0.04321191  0.04116396  0.0384976   0.03544804  0.02989278  0.02248952
  0.01144412  0.00455394 -0.00158342  0.00667706 -0.01291286 -0.01240776
 -0.01787057 -0.01759982 -0.02473493 -0.0152988  -0.02749289 -0.01741689
 -0.03008017 -0.03267106 -0.01753637  0.02392753  0.06453315  0.08659688
  0.09260724  0.09788119  0.08803745  0.07543633  0.04924292  0.03554587
  0.03154529  0.01055806 -0.00166833 -0.00239229 -0.0142725  -0.00430608
 -0.01840856 -0.02350061 -0.01636686 -0.02044953 -0.02771249 -0.0253007
  0.00614112  0.05645506  0.09836355  0.12599937  0.1334321   0.1306673
  0.12744048  0.10257157  0.07545672  0.058006    0.03461825  0.01753063
  0.01462796 -0.00791429 -0.00506118 -0.00372748 -0.02444841 -0.01140032
 -0.03225667 -0.02521941 -0.03558396 -0.03558396 -0.03558396 -0.03558396
 -0.03558396 -0.03558396 -0.03558396 -0.03558396 -0.03558396 -0.03558396
 -0.03558396 -0.03558396 -0.03558396 -0.03558396 -0.03558396 -0.03558396]",485688
1086491461,Sst-IRES-Cre,True,familiar,"[-0.01779752 -0.0167417  -0.0104328  -0.02714716 -0.02176875 -0.02118138
 -0.02383027 -0.02337383 -0.03076471 -0.02857334 -0.01053349  0.02287458
  0.04689499  0.0662267   0.06270096  0.05115078  0.052465    0.03267907
  0.02789332  0.01206433 -0.00053035 -0.00120876 -0.00881723 -0.01827333
 -0.02010901 -0.01804414 -0.01681108 -0.02054081 -0.02449621 -0.01397386
 -0.01444293 -0.02177728 -0.0200372  -0.02738732 -0.03327943 -0.03266586
 -0.03213802 -0.03507558 -0.03697235 -0.0374666  -0.03399534 -0.0333542
 -0.02599673 -0.03837221 -0.03635735 -0.02352214 -0.032503   -0.02777356
 -0.04256088 -0.02123951 -0.02369869 -0.0334367  -0.02775677 -0.02936273
 -0.0215944   0.00849704  0.02742317  0.02942113  0.03408996  0.04251691
  0.03070561  0.02735568  0.01268888  0.00555282  0.00233866 -0.00874281
 -0.0222571  -0.02619095 -0.02071292 -0.0299351  -0.03254738 -0.01940657
 -0.02056436 -0.0233181  -0.01767969 -0.01767969 -0.01767969 -0.01767969
 -0.01767969 -0.01767969 -0.01767969 -0.01767969 -0.01767969 -0.01767969
 -0.01767969 -0.01767969 -0.01767969 -0.01767969 -0.01767969 -0.01767969]",485688
1086491469,Sst-IRES-Cre,False,familiar,"[-0.00363539 -0.00432718 -0.0119225  -0.01775735 -0.01631478 -0.02015818
 -0.03068207 -0.0296228  -0.03090379 -0.02249523  0.00348575  0.02436995
  0.03401183  0.04096947  0.05078646  0.05495214  0.0461807   0.03419143
  0.02319183  0.02039696 -0.00111228  0.00331451 -0.00178351 -0.00928245
 -0.01230017 -0.01791081 -0.02527628 -0.02609192 -0.03172111 -0.02255326
 -0.03261209 -0.02692305 -0.00972326  0.00604386  0.02627188  0.0466459
  0.06896202  0.08543861  0.08852189  0.08388882  0.07348415  0.0595642
  0.03730831  0.02327867  0.01062186  0.01301227  0.00763806 -0.00072284
 -0.00514965 -0.01651371 -0.01203685 -0.01936437 -0.02611608 -0.0254858
 -0.00319535  0.0229928   0.04654694  0.07058278  0.08450612  0.09571492
  0.10855362  0.09877758  0.08963143  0.06218646  0.04479852  0.03300866
  0.0209685   0.01170659  0.00714336 -0.00690574 -0.00690034 -0.02025677
 -0.01507551 -0.01499637 -0.0254136  -0.0254136  -0.0254136  -0.0254136
 -0.0254136  -0.0254136  -0.0254136  -0.0254136  -0.0254136  -0.0254136
 -0.0254136  -0.0254136  -0.0254136  -0.0254136  -0.0254136  -0.0254136 ]",470784
1086491469,Sst-IRES-Cre,True,familiar,"[-0.0301041  -0.02743636 -0.00230936 -0.00768934 -0.0209521  -0.02114885
 -0.02746395 -0.03289104 -0.03078327 -0.0266251  -0.02245218  0.00163128
  0.02719033  0.03951235  0.04338519  0.05592282  0.05415088  0.05038638
  0.04431427  0.02734996  0.01611645  0.01993943  0.00789294 -0.01428474
 -0.01491576 -0.00879247 -0.02193693 -0.02610143 -0.02567663 -0.02622866
 -0.02794415 -0.02908825 -0.02856146 -0.02952275 -0.03008552 -0.03796786
 -0.03769202 -0.04306156 -0.04506539 -0.04350715 -0.04261472 -0.04465602
 -0.04602607 -0.03907104 -0.04734249 -0.05001613 -0.04283272 -0.04791935
 -0.04425249 -0.04784574 -0.04607286 -0.04199737 -0.04929353 -0.0499222
 -0.04047986 -0.02385791 -0.01089419 -0.01074499  0.00377663  0.00140604
  0.00120323  0.00821914 -0.00217387 -0.0114254  -0.02798222 -0.01975957
 -0.02081808 -0.03014274 -0.04061031 -0.03481401 -0.02576264 -0.04095563
 -0.04171284 -0.04334204 -0.03991306 -0.03991306 -0.03991306 -0.03991306
 -0.03991306 -0.03991306 -0.03991306 -0.03991306 -0.03991306 -0.03991306
 -0.03991306 -0.03991306 -0.03991306 -0.03991306 -0.03991306 -0.03991306]",470784
1086491838,Sst-IRES-Cre,False,familiar,"[ 0.0067858   0.00626789  0.0010048  -0.00024344  0.01010391  0.00395673
  0.00479151  0.01256016  0.01622385  0.00194058  0.00702291  0.00547072
  0.00410618  0.00690806  0.00780095  0.01149527  0.00189338 -0.00482866
  0.00122438 -0.01537613 -0.00984547 -0.02063813 -0.00120895 -0.0067024
 -0.01410678 -0.01452583 -0.01026865 -0.00580501 -0.00325875 -0.00274887
  0.00082872 -0.00032337  0.0043543   0.00012152 -0.00416528 -0.00186014
 -0.00815555 -0.00682905  0.00142967 -0.00127799 -0.00575405 -0.00759839
 -0.01649635 -0.00930382 -0.01171942 -0.00656276 -0.00589278 -0.0077901
 -0.00515893  0.00260181  0.01154924  0.01151352  0.01457952  0.01721089
  0.01854406  0.01250207  0.01330302  0.00557151  0.00491265  0.00334211
  0.00624769 -0.0057262  -0.01832555 -0.02181139 -0.0176415  -0.0232044
 -0.0117715   0.00990934  0.02833199  0.02760481  0.04634909  0.03365792
  0.05852402  0.06791736  0.07727063  0.07727063  0.07727063  0.07727063
  0.07727063  0.07727063  0.07727063  0.07727063  0.07727063  0.07727063
  0.07727063  0.07727063  0.07727063  0.07727063  0.07727063  0.07727063]",485688
1086491838,Sst-IRES-Cre,False,novel,"[ 1.94815257e-03  1.74999885e-03  1.49445798e-03  1.28485474e-02
  1.77767309e-02  9.64824316e-03  2.18096330e-02  1.51990810e-02
  9.23841019e-03  1.66419655e-02  1.15880536e-02  7.39654134e-03
 -1.15947352e-03 -3.51460609e-03  5.64365005e-03  1.15993297e-03
  1.54068652e-03 -9.46623357e-03 -1.71617736e-02 -3.41530695e-02
 -2.43178280e-02 -1.70991267e-02 -9.35959566e-03  5.20741224e-03
 -9.41902571e-03 -6.54187648e-03 -4.36645591e-03 -1.65084048e-03
 -5.83974053e-04 -2.09761790e-03 -8.26513028e-03 -1.67588648e-02
 -1.97875748e-02 -1.98546371e-02 -2.43887198e-02 -2.74498204e-02
 -3.00541721e-02 -3.74041612e-02 -3.72918691e-02 -3.78702496e-02
 -3.46289970e-02 -2.86047174e-02 -3.44439782e-02 -3.13882270e-02
 -4.18879955e-05  3.88775151e-03  1.68422521e-02  3.32863260e-02
  4.01491063e-02  4.55867271e-02  5.10305310e-02  5.59758671e-02
  5.62177454e-02  5.03897814e-02  4.22574116e-02  3.33661726e-02
  1.51686300e-02  1.65315571e-02  1.34324762e-02  1.73377313e-02
 -1.88791489e-03 -1.03234247e-02 -1.64154210e-02 -1.93170364e-02
 -1.02945672e-02 -1.76904334e-03  1.13829266e-02  2.08594601e-02
  4.30745898e-02  4.51879569e-02  5.98265564e-02  6.66512691e-02
  8.71797744e-02  9.55528030e-02  9.81901538e-02  9.81901538e-02
  9.81901538e-02  9.81901538e-02  9.81901538e-02  9.81901538e-02
  9.81901538e-02  9.81901538e-02  9.81901538e-02  9.81901538e-02
  9.81901538e-02  9.81901538e-02  9.81901538e-02  9.81901538e-02
  9.81901538e-02  9.81901538e-02]",485688
1086491838,Sst-IRES-Cre,True,familiar,"[ 2.63437021e-04 -2.30358845e-04 -3.63010670e-03  2.25954056e-03
  3.55940107e-03  7.09983080e-03  1.54266910e-02  1.91081994e-02
  2.19977782e-02  2.55354427e-02  2.00623962e-02  1.78458958e-02
  2.04397678e-02  1.38066577e-02  5.44529968e-03 -5.34166748e-03
 -9.94721881e-03 -1.01549617e-02 -1.84226962e-02 -2.91358117e-02
 -2.93569424e-02 -2.11637091e-02 -1.63345055e-02 -1.72753176e-02
 -1.08518196e-02 -3.61694219e-03 -1.23673914e-02 -2.34123836e-04
  2.51710113e-03  1.26961339e-02  1.85415103e-02  2.23389610e-02
  1.82313461e-02  1.79404650e-02  2.20181518e-02  2.93857399e-02
  3.70785348e-02  3.67587080e-02  2.65307988e-02  3.54894115e-02
  2.93371215e-02  3.10592271e-02  3.33014381e-02  4.17602139e-02
  4.20469045e-02  4.04237101e-02  4.41850098e-02  2.84363976e-02
  3.77093316e-02  3.77885084e-02  3.49765264e-02  2.68184744e-02
  3.06516977e-02  3.07744077e-02  2.80517890e-02  2.21725964e-02
  1.57265064e-02  9.13503889e-03  7.87734502e-04 -6.05176052e-04
 -2.18864664e-05 -7.17561550e-03 -1.67289639e-02 -2.16159760e-02
 -1.68176959e-02 -1.39974350e-02 -1.27615839e-02 -1.09735177e-02
 -1.36180761e-02 -1.13905720e-04 -7.23054228e-03  1.49788741e-02
  1.38537803e-02  2.94249330e-02  2.04113441e-02  2.04113441e-02
  2.04113441e-02  2.04113441e-02  2.04113441e-02  2.04113441e-02
  2.04113441e-02  2.04113441e-02  2.04113441e-02  2.04113441e-02
  2.04113441e-02  2.04113441e-02  2.04113441e-02  2.04113441e-02
  2.04113441e-02  2.04113441e-02]",485688
1086491838,Sst-IRES-Cre,True,novel,"[ 0.00070552  0.0013442   0.00789     0.01052883  0.0054953   0.01606787
  0.02638029  0.02905438  0.01803756  0.02008688  0.0123908   0.00824471
  0.00293965 -0.00600452 -0.01132442 -0.01741978 -0.01189322 -0.02737401
 -0.02419016 -0.03863057 -0.04135159 -0.03201586 -0.01284772 -0.00139921
  0.0044225   0.00626626  0.0051647   0.02110526  0.01322955  0.01509681
  0.0079845   0.00967874  0.00728289  0.00202394  0.00423825 -0.00160879
 -0.00919949 -0.01174457 -0.00764307 -0.00975387 -0.00669295 -0.00511835
 -0.00222697 -0.0136501  -0.00049209 -0.00575393 -0.01657777 -0.00587159
 -0.00626831 -0.02011512 -0.01871864 -0.01457982 -0.02061693 -0.02346731
 -0.02641494 -0.02728528 -0.02564243 -0.03180226 -0.03781535 -0.04497093
 -0.04669237 -0.04827626 -0.05765326 -0.06659836 -0.05495043 -0.04335262
 -0.04030252 -0.02532744 -0.0082806   0.0209421   0.02037723  0.02751986
  0.0464058   0.0495977   0.03575742  0.03575742  0.03575742  0.03575742
  0.03575742  0.03575742  0.03575742  0.03575742  0.03575742  0.03575742
  0.03575742  0.03575742  0.03575742  0.03575742  0.03575742  0.03575742]",485688
1086491848,Vip-IRES-Cre,False,familiar,"[-0.00019298  0.00011153  0.00288653  0.00382137  0.00623113  0.00573652
  0.00134227 -0.00409882 -0.00375404 -0.00237897  0.00093659 -0.00027595
 -0.00190618 -0.00613182 -0.00854477 -0.00638124  0.0022517   0.00400735
 -0.00107877 -0.00447524  0.00407065  0.0003267   0.00686144 -0.00061302
 -0.00046345 -0.00252195  0.00234531 -0.00462817  0.00617791  0.00033838
 -0.00032744  0.00112491  0.00837841  0.00855729  0.00497678  0.00800553
  0.01378776  0.01586502  0.01342952  0.02075362  0.02256897  0.0146713
  0.01639929  0.02275409  0.02330112  0.01793506  0.02021746  0.02265305
  0.03116663  0.03123671  0.01742461  0.02030342  0.02633574  0.026059
  0.02901856  0.02588417  0.02011277  0.02294131  0.01900618  0.01029275
  0.01015148  0.01243973  0.0188697   0.01790591  0.00749025  0.00800117
  0.00853098  0.01201643 -0.00037823  0.01081931 -0.00333497 -0.00082196
  0.00862858  0.00085097  0.00337395  0.00337395  0.00337395  0.00337395
  0.00337395  0.00337395  0.00337395  0.00337395  0.00337395  0.00337395
  0.00337395  0.00337395  0.00337395  0.00337395  0.00337395  0.00337395]",467951
1086491848,Vip-IRES-Cre,True,familiar,"[ 0.00447777  0.00407216  0.00027671 -0.0017887  -0.00212329  0.01052808
  0.00802391  0.00346981  0.01249526  0.0180146   0.00188186 -0.00285574
  0.00021795  0.00180019  0.00557933 -0.00217272  0.00783754  0.00016153
 -0.00919225 -0.00711594 -0.00682323 -0.00612185 -0.01300976  0.00159009
 -0.01534773 -0.00520958 -0.00289559 -0.00473553 -0.0027716   0.00173673
 -0.00114998  0.00510587 -0.00069692  0.0011942   0.00166647 -0.00266122
 -0.00493198 -0.00517023  0.00050251  0.00218273  0.00738971  0.01305096
  0.02339871  0.01815519  0.01587543  0.0218977   0.02381558  0.02626214
  0.03459718  0.0428771   0.04796672  0.0442635   0.0411044   0.04403869
  0.06313937  0.06595085  0.06239151  0.06058561  0.06497344  0.06667611
  0.06540109  0.06676084  0.06815454  0.06751614  0.06881759  0.06156687
  0.06072766  0.05380069  0.05519934  0.05898659  0.06036219  0.05657472
  0.04546655  0.05219496  0.05131742  0.05131742  0.05131742  0.05131742
  0.05131742  0.05131742  0.05131742  0.05131742  0.05131742  0.05131742
  0.05131742  0.05131742  0.05131742  0.05131742  0.05131742  0.05131742]",467951
1086491953,Vip-IRES-Cre,False,familiar,"[-1.20889303e-03 -8.05620678e-04  3.06234923e-03  3.54015944e-03
 -8.13487737e-04  1.65340828e-03  1.13135689e-03  2.00684266e-03
  2.36949731e-03  4.02243692e-03  1.98781924e-03  9.45729031e-05
 -8.28946105e-04 -2.35703638e-03  1.01735574e-03 -4.54714485e-04
 -2.94701474e-03  5.21373266e-03  1.65421890e-03  3.65718392e-03
 -4.92112008e-04 -3.42627285e-03 -3.42120823e-03 -5.47847825e-03
 -3.73966150e-05  1.20845789e-03 -1.53129248e-03  2.67400772e-03
 -2.67004607e-03 -8.82088006e-03 -7.69424013e-03  4.86988010e-05
 -2.26017529e-03 -5.09139856e-03  1.64496253e-03  5.01521674e-04
  5.31393486e-03  6.75362479e-03  6.69167967e-03  5.55836337e-03
  1.16468854e-02  5.48367980e-03  1.12781498e-02  4.36003948e-03
  1.01856854e-02  4.92408186e-03  6.41645060e-03  1.91394271e-02
  5.58413749e-03  1.62787648e-02  1.81254299e-02  1.09731140e-02
  8.77695939e-03  8.16664865e-03  7.67816547e-03  5.68109077e-03
  3.55478768e-03  2.35056069e-03  2.49326058e-03  4.72199001e-03
  1.14811592e-02  1.45308577e-02  1.22467358e-02  1.22866942e-02
  1.06420531e-02  1.33872090e-02  5.16887379e-03  1.12926645e-02
  1.04445333e-02  1.10420024e-02  8.56245778e-03  8.06758033e-03
  7.53805193e-03  9.93048002e-03  9.52165891e-03  9.52165891e-03
  9.52165891e-03  9.52165891e-03  9.52165891e-03  9.52165891e-03
  9.52165891e-03  9.52165891e-03  9.52165891e-03  9.52165891e-03
  9.52165891e-03  9.52165891e-03  9.52165891e-03  9.52165891e-03
  9.52165891e-03  9.52165891e-03]",467951
1086491953,Vip-IRES-Cre,True,familiar,"[ 4.46305280e-03  4.52206887e-03  4.39303280e-03  4.34677337e-04
  2.80391501e-04  1.64796988e-03  9.83828378e-04 -2.94024663e-03
  1.03799913e-03 -1.89495847e-03 -2.38326794e-03  5.55204266e-03
  1.32616965e-03 -1.28661674e-03  1.49969733e-03 -1.55185668e-03
 -2.19463345e-03 -3.42415447e-03 -1.39449680e-04  1.51491154e-03
  1.61509172e-03 -6.36146236e-03 -4.51273928e-03 -6.07801228e-03
 -1.40734003e-03 -1.74168947e-03 -1.05390308e-02  1.10964218e-03
  6.82617038e-03  9.24871208e-03 -7.93875653e-04  2.26412097e-05
 -2.08629681e-03 -7.20597465e-04  1.77345892e-04  5.05127747e-03
  2.39389928e-03  1.31842396e-03  2.01444108e-03  5.78305496e-03
  5.42179223e-03 -3.15111003e-03 -8.17414402e-03  8.67516647e-04
  2.15455739e-03  8.96589458e-03  4.79250664e-03  1.32886790e-02
  1.17696506e-02  8.60550930e-03  1.20212675e-02  8.87501302e-03
  1.15971122e-02  1.67906504e-02  1.60908760e-02  1.60871509e-02
  1.60426515e-02  1.52226904e-02  1.90981778e-02  1.99684962e-02
  2.07627603e-02  2.36472295e-02  1.53348160e-02  1.95377159e-02
  1.56580262e-02  5.90843162e-03  1.40141059e-02  1.48110729e-02
  1.02892979e-02  1.41442228e-03  3.41224488e-03  2.11116715e-02
  8.59452676e-03  1.30307275e-02  6.81472462e-03  6.81472462e-03
  6.81472462e-03  6.81472462e-03  6.81472462e-03  6.81472462e-03
  6.81472462e-03  6.81472462e-03  6.81472462e-03  6.81472462e-03
  6.81472462e-03  6.81472462e-03  6.81472462e-03  6.81472462e-03
  6.81472462e-03  6.81472462e-03]",467951
1086492030,Vip-IRES-Cre,False,familiar,"[-3.81356637e-03 -3.63769185e-03 -2.14207931e-03 -1.26539306e-03
  4.71050189e-03  5.57879428e-03  2.79624577e-03 -2.89444198e-03
 -2.47629774e-03  1.18018439e-03 -1.11801318e-04  1.73853779e-03
 -1.46795528e-03 -2.98186117e-03 -2.23462605e-03 -6.81084728e-04
  2.50946537e-03  3.66941135e-03  4.97585892e-03 -1.59808374e-03
 -6.53652053e-03  1.19162127e-03 -4.29022866e-03 -1.47380887e-04
  5.70693659e-03 -1.27245413e-03  2.05403109e-03  2.98232735e-03
  6.97969968e-04 -2.24041923e-03 -1.34835095e-04  1.31492137e-04
 -1.32880616e-03 -8.48051649e-04  1.68128397e-03  7.08830430e-03
  8.67514544e-03  2.06409538e-03  3.80293034e-05  4.17787720e-03
  2.78971735e-03  1.13695443e-02  1.78737840e-03  3.59556345e-03
  9.57927028e-03  5.05382950e-03 -1.33353801e-03  5.55063798e-03
  5.54222661e-05  4.20146122e-03  4.50568053e-03  4.45031929e-03
  8.45830990e-03  8.05012739e-03  4.84073435e-03 -3.72087089e-04
 -2.07675377e-03 -1.24625496e-03  4.08726956e-03 -4.12051448e-04
 -1.31367333e-03  3.61828826e-03  2.05214527e-03 -3.61274057e-03
  6.21416291e-03  1.47243651e-03  8.51773821e-03 -5.93961964e-04
 -4.53370612e-03  2.17443375e-03  1.32451070e-03  1.78452098e-03
 -6.18613604e-03  3.27642407e-03  1.13767750e-04  1.13767750e-04
  1.13767750e-04  1.13767750e-04  1.13767750e-04  1.13767750e-04
  1.13767750e-04  1.13767750e-04  1.13767750e-04  1.13767750e-04
  1.13767750e-04  1.13767750e-04  1.13767750e-04  1.13767750e-04
  1.13767750e-04  1.13767750e-04]",467951
1086492030,Vip-IRES-Cre,True,familiar,"[ 4.33754240e-03  4.38307115e-03  3.75685783e-03 -1.49073989e-03
  1.33188102e-03 -1.16949112e-03 -1.24689104e-03 -3.65925168e-03
 -4.24149685e-05 -1.41304958e-03  1.01449552e-03 -2.06386096e-04
 -5.91140754e-04 -1.04619654e-03 -1.48617636e-03 -2.00226579e-03
 -7.35625279e-04  2.71331232e-03 -1.27640609e-03  4.23438060e-03
 -6.51960187e-03  2.55537304e-03 -2.09613852e-03  3.53829677e-03
  3.08156398e-03  4.92743223e-03  4.41274493e-04 -3.19987080e-03
 -4.51887013e-04 -7.68194796e-03 -3.89103160e-03 -2.77584196e-03
  1.13235116e-03 -8.69893431e-05 -8.03559643e-04  2.53661685e-03
  4.06031463e-03  8.42898955e-03  6.94720430e-04 -2.83782717e-03
  5.01051679e-03  6.43554199e-03  1.56677989e-02  1.57132893e-02
  3.74607818e-03  1.06973252e-02  1.40658958e-02  1.86642800e-02
  2.61233346e-02  2.34401521e-02  2.01441345e-02  1.83206356e-02
  2.57711399e-02  2.84544126e-02  2.97403248e-02  2.34084012e-02
  2.65095867e-02  2.06158865e-02  1.66556304e-02  1.78792540e-02
  1.90397967e-02  1.99155656e-02  1.73140846e-02  1.70364342e-02
  1.72167715e-02  1.36988984e-02  6.09867320e-03  9.10238678e-03
  2.64953927e-03  6.53570272e-03  9.31431677e-03  7.12224571e-03
  1.02400225e-02  1.18984938e-02  4.19534399e-03  4.19534399e-03
  4.19534399e-03  4.19534399e-03  4.19534399e-03  4.19534399e-03
  4.19534399e-03  4.19534399e-03  4.19534399e-03  4.19534399e-03
  4.19534399e-03  4.19534399e-03  4.19534399e-03  4.19534399e-03
  4.19534399e-03  4.19534399e-03]",467951
1086492071,Vip-IRES-Cre,False,familiar,"[-9.23597986e-03 -8.14613965e-03  1.47059285e-03 -8.12761351e-04
 -8.45672950e-03 -5.63240407e-03  4.22807125e-04  4.95133468e-03
  5.47288820e-03  2.04447600e-03  3.87691075e-03 -2.43437627e-03
 -7.91010524e-03 -7.13958921e-03 -3.92090135e-03 -5.98252466e-03
 -1.97341449e-03  6.37000767e-03  2.89903415e-03 -1.17564783e-03
  2.68457908e-03  9.67652443e-04  4.14659883e-03  4.38537510e-03
 -2.29160564e-03  3.61088245e-03  7.84776703e-03  3.40002470e-03
  5.87252903e-03  4.68871901e-03  6.39085400e-03  5.37576037e-04
  7.28816448e-03  6.84824413e-03  3.87772032e-03  6.78897689e-03
  1.24039781e-02  8.10255380e-03  7.58272142e-03  1.05323635e-02
  6.94992588e-05  1.15873381e-03  4.17392908e-03 -1.89806622e-03
 -3.32579735e-04  3.81793234e-03  5.23806810e-03 -1.58469953e-03
  2.63203295e-03 -1.00543975e-04  6.98480562e-03  8.11235004e-03
  1.01305006e-02  7.13196550e-03  5.91359346e-03  7.11411069e-03
  3.06836410e-03  2.16627344e-03 -6.76375665e-04  4.18881422e-03
  6.25898266e-03  2.17402503e-03 -1.28741298e-03 -2.05734060e-04
 -4.77084582e-04 -8.99744940e-03 -4.36031025e-03 -2.53766674e-03
 -1.84155333e-03 -1.13337175e-03  1.24055004e-03 -1.56788864e-03
 -5.06918075e-03  1.40916815e-03  2.90334142e-03  2.90334142e-03
  2.90334142e-03  2.90334142e-03  2.90334142e-03  2.90334142e-03
  2.90334142e-03  2.90334142e-03  2.90334142e-03  2.90334142e-03
  2.90334142e-03  2.90334142e-03  2.90334142e-03  2.90334142e-03
  2.90334142e-03  2.90334142e-03]",467951
1086492071,Vip-IRES-Cre,True,familiar,"[-5.30978988e-05  1.74259010e-04  1.31341055e-03 -3.01116537e-03
 -2.04684280e-04 -8.52497793e-04  5.19883129e-03  7.91597820e-04
  1.18478700e-03 -1.02691920e-03  4.07976204e-03  2.32722120e-03
 -3.55080995e-03  6.12190334e-04  1.35213343e-04  7.36224550e-04
  5.08249188e-03  3.47053027e-03 -6.62015435e-03  6.06508375e-03
 -1.29766819e-02  9.78687534e-04 -1.34957927e-03 -1.17572846e-04
  5.33695797e-03 -3.20578966e-03 -4.55606486e-03  1.28697990e-03
 -3.25314645e-04 -9.23896442e-04  5.21371165e-03  8.34128360e-04
  3.64660956e-03  5.57678095e-03  8.50306402e-03  3.26894432e-03
  7.76085497e-03  8.11821689e-03  1.15865986e-02  1.33081993e-02
  1.59851547e-02  1.54840537e-02  1.05239802e-02  1.79101845e-02
  1.28093034e-02  1.27202865e-02  2.31902245e-02  2.85889032e-02
  2.41452372e-02  2.94460723e-02  2.70862264e-02  2.77700341e-02
  3.16943827e-02  3.20541560e-02  4.15932420e-02  4.25597247e-02
  3.61536631e-02  3.37556575e-02  2.76793913e-02  2.25959627e-02
  2.35638446e-02  2.36673649e-02  2.69143202e-02  2.20284021e-02
  1.44154812e-02  8.47724628e-03  1.28878629e-02  9.74973825e-03
  1.27425115e-02  3.13569143e-03  1.00791495e-02  1.75097690e-02
  1.44680481e-02  1.05370166e-02  1.18011438e-02  1.18011438e-02
  1.18011438e-02  1.18011438e-02  1.18011438e-02  1.18011438e-02
  1.18011438e-02  1.18011438e-02  1.18011438e-02  1.18011438e-02
  1.18011438e-02  1.18011438e-02  1.18011438e-02  1.18011438e-02
  1.18011438e-02  1.18011438e-02]",467951
1086492168,Vip-IRES-Cre,False,familiar,"[-0.01449567 -0.01376854 -0.0079853  -0.01261625 -0.01412542 -0.01338472
 -0.01190366  0.0023909  -0.00089078  0.00071902 -0.00139264  0.00030111
  0.0010483  -0.00643247 -0.01093957 -0.00093476  0.00823307  0.00273362
  0.01195034  0.01111129  0.01360271  0.00675696  0.00240851  0.00050032
  0.00647584  0.01223464  0.01015257  0.0073996   0.00455795  0.00629304
  0.00418821  0.00801567  0.01773167  0.01869361  0.02140203  0.02359837
  0.02493134  0.02360074  0.01821652  0.02403596  0.0282679   0.01980427
  0.01742385  0.01294478  0.00231043  0.00182722  0.00740792  0.0141684
  0.00877134  0.01074964  0.01171565  0.0036291   0.00745397  0.00633499
  0.0001851   0.00773347  0.00667205 -0.00139102 -0.00184204 -0.00168064
 -0.00331209 -0.00192176 -0.00636129 -0.00692418 -0.01090808 -0.00835109
 -0.01418568 -0.01365385 -0.01459634 -0.00935861 -0.01025277 -0.00708254
 -0.00538832 -0.00608426 -0.00833412 -0.00833412 -0.00833412 -0.00833412
 -0.00833412 -0.00833412 -0.00833412 -0.00833412 -0.00833412 -0.00833412
 -0.00833412 -0.00833412 -0.00833412 -0.00833412 -0.00833412 -0.00833412]",467951
1086492168,Vip-IRES-Cre,True,familiar,"[ 8.24152192e-04  4.98037787e-04 -4.50307585e-04  1.20523639e-02
  1.48892590e-02  1.00584752e-02  8.92486158e-03  9.42220606e-03
  5.31869782e-03  8.78914672e-03  1.27939898e-02  1.20283648e-02
  5.00372105e-03  1.74968868e-03 -2.22120871e-03 -2.71916043e-03
  7.34349586e-04 -7.85170734e-03 -1.04028546e-02 -4.27382824e-05
 -1.61969592e-02 -8.85634838e-03 -1.63457460e-02 -1.51277381e-02
 -5.09865489e-03 -8.37061221e-03 -1.92581132e-03  2.51790923e-03
 -8.30097412e-03 -1.69440233e-03 -3.36608444e-03 -3.14647169e-03
 -4.91232454e-03  2.89875573e-03 -1.92451171e-03  1.86036896e-03
  9.03497457e-03  1.77496378e-02  1.85400814e-02  1.67826388e-02
  1.60327930e-02  1.44689265e-02  1.87040156e-02  2.93434223e-02
  3.73925389e-02  3.74249697e-02  4.69276741e-02  2.96476787e-02
  3.95153603e-02  4.44996483e-02  4.46348133e-02  4.85615253e-02
  4.97319593e-02  5.56763833e-02  7.00893683e-02  6.93746852e-02
  6.91975757e-02  7.18798963e-02  6.70429765e-02  7.53625676e-02
  8.01517560e-02  7.51572021e-02  7.59609353e-02  7.26245752e-02
  7.37912065e-02  6.24815810e-02  4.89701156e-02  4.23299399e-02
  4.16208006e-02  3.77419254e-02  4.70700792e-02  5.56820971e-02
  4.10978268e-02  4.17186068e-02  3.37952134e-02  3.37952134e-02
  3.37952134e-02  3.37952134e-02  3.37952134e-02  3.37952134e-02
  3.37952134e-02  3.37952134e-02  3.37952134e-02  3.37952134e-02
  3.37952134e-02  3.37952134e-02  3.37952134e-02  3.37952134e-02
  3.37952134e-02  3.37952134e-02]",467951
1086492214,Sst-IRES-Cre,False,novel,"[ 4.78035603e-03  4.63830533e-03  2.88565766e-03 -1.62666914e-03
 -5.95410707e-03  1.98462919e-03 -7.38863081e-03 -7.16611386e-03
 -4.11337455e-03 -5.23096073e-03 -7.62506136e-03 -1.16133226e-03
  1.75089229e-03  8.63440480e-03  1.29727476e-02  1.66423864e-02
  1.68942392e-02  8.91203209e-03  2.20194501e-03  4.97285672e-04
 -1.87044546e-03  2.75808162e-03 -5.00712368e-04 -4.74239661e-03
 -4.12997669e-03 -1.04445755e-02  1.83917103e-04 -6.94961186e-03
 -3.84709835e-03 -1.29858133e-02 -1.29574017e-02 -1.11662568e-02
 -1.22385065e-02 -1.28925304e-02  2.77497650e-03  1.42421139e-02
  1.07368675e-02  1.49300372e-02  2.81583285e-02  2.94324155e-02
  3.30500696e-02  3.20717759e-02  3.42001542e-02  2.55415172e-02
  2.97714502e-02  3.10910038e-02  9.17219632e-03  2.46401592e-03
  9.51771113e-03  6.33722914e-03  8.07701948e-03  7.17140597e-03
 -2.29745953e-03 -4.19347612e-03 -2.04960270e-03  3.36729582e-03
  1.05432032e-02  1.85898435e-02  2.75999030e-02  3.23976995e-02
  3.26649842e-02  3.83526942e-02  3.01888341e-02  2.95046873e-02
  3.01098471e-02  2.77581161e-02  2.58105996e-02  2.85948877e-02
  2.13750053e-02  4.56623513e-03  4.67826479e-03 -1.49215055e-05
 -2.00063496e-03 -1.79056767e-03 -8.54967102e-03 -8.54967102e-03
 -8.54967102e-03 -8.54967102e-03 -8.54967102e-03 -8.54967102e-03
 -8.54967102e-03 -8.54967102e-03 -8.54967102e-03 -8.54967102e-03
 -8.54967102e-03 -8.54967102e-03 -8.54967102e-03 -8.54967102e-03
 -8.54967102e-03 -8.54967102e-03]",485688
1086492214,Sst-IRES-Cre,True,novel,"[ 0.00901298  0.00788341 -0.00371116 -0.01113626 -0.00897891 -0.00832591
 -0.01074138 -0.01139229 -0.01371769 -0.01987901 -0.01474481 -0.00630709
 -0.00139369  0.0063489   0.00729751  0.00737042  0.0090195   0.01110439
  0.01069373  0.01064324  0.00741684  0.00613777  0.01103861 -0.00025799
  0.00514141  0.00338783  0.00746379  0.00141643 -0.00585413 -0.00493642
 -0.00911811 -0.01079876 -0.01726269 -0.01898734 -0.01622562 -0.01148738
 -0.0123205  -0.01793989 -0.02054396 -0.01901634 -0.02568612 -0.02437735
 -0.02479434 -0.02169584 -0.02053863 -0.02414782 -0.03067391 -0.01772466
 -0.02439834 -0.01957576 -0.02520667 -0.02149245 -0.02428059 -0.02828794
 -0.02497313 -0.02258437 -0.01889784 -0.01540792 -0.01166018 -0.00470932
 -0.00445042  0.00054679 -0.00066862 -0.00308737 -0.00673596  0.00210287
  0.00269005 -0.00311008  0.00011135 -0.0165976  -0.00010151 -0.00949244
 -0.00694342 -0.01824622 -0.01309364 -0.01309364 -0.01309364 -0.01309364
 -0.01309364 -0.01309364 -0.01309364 -0.01309364 -0.01309364 -0.01309364
 -0.01309364 -0.01309364 -0.01309364 -0.01309364 -0.01309364 -0.01309364]",485688
1086492229,Vip-IRES-Cre,False,familiar,"[ 0.00280911  0.00293771  0.00245253 -0.00519588  0.00508945  0.0078302
  0.00342235  0.0071887   0.00619671  0.00968896  0.01074125  0.00585906
  0.01365867  0.00177376  0.00015256  0.00373164 -0.00454855  0.00448162
  0.00214644 -0.00732546 -0.00823391 -0.01436173  0.00178374 -0.01026009
 -0.00477135 -0.01459375 -0.01045191 -0.0015551  -0.00627905 -0.00436768
 -0.00218455  0.00801077  0.00470501  0.01113307  0.01304822  0.00236577
  0.00801068  0.00940251  0.01184498  0.00978838  0.00637841  0.02231338
  0.0108205   0.0057165   0.00085871  0.00356655  0.00581305  0.00225711
  0.0003201   0.01383258  0.01665526  0.02336587  0.02182895  0.02382246
  0.03276352  0.03086666  0.01996091  0.01031011  0.01620642  0.01857032
  0.01116539  0.00572467  0.00628802  0.01548413  0.01103333  0.00912974
 -0.00185058  0.00453646  0.00722682  0.00581136  0.00572001  0.00595186
  0.00292511  0.01470786  0.01754429  0.01754429  0.01754429  0.01754429
  0.01754429  0.01754429  0.01754429  0.01754429  0.01754429  0.01754429
  0.01754429  0.01754429  0.01754429  0.01754429  0.01754429  0.01754429]",467951
1086492229,Vip-IRES-Cre,True,familiar,"[ 0.0037699   0.00273076 -0.00405336  0.0112608   0.01338979  0.00851949
  0.0049508   0.0043632   0.00300871  0.01256393  0.0128952   0.00721064
  0.01056986  0.00346564  0.0020017   0.00878582 -0.00404221 -0.00986702
 -0.00216128 -0.00680082  0.00145098 -0.01288724 -0.013865    0.00163693
 -0.00993367 -0.01365213 -0.00644303 -0.00922337 -0.01569918 -0.00394585
  0.00528643 -0.00120153 -0.00512922  0.00385161  0.01020205  0.00325704
  0.00778783  0.02312657  0.02362585  0.03241824  0.02355803  0.0323893
  0.03764161  0.03821515  0.05518147  0.05936951  0.05232389  0.06953031
  0.08087074  0.068476    0.0819117   0.09219366  0.09120307  0.10216054
  0.11404032  0.11265354  0.09689228  0.08663792  0.0853166   0.06780153
  0.06155426  0.05623775  0.06444002  0.06808824  0.05933426  0.05008961
  0.04294501  0.03926185  0.03509106  0.04076912  0.03236397  0.04244135
  0.0474909   0.04655846  0.03705393  0.03705393  0.03705393  0.03705393
  0.03705393  0.03705393  0.03705393  0.03705393  0.03705393  0.03705393
  0.03705393  0.03705393  0.03705393  0.03705393  0.03705393  0.03705393]",467951
1086492277,Vip-IRES-Cre,False,familiar,"[-1.25954433e-03 -1.10220153e-03 -4.56915536e-05 -1.05566945e-03
  2.21744813e-03 -1.25803910e-03  5.01089558e-05 -3.22178074e-04
  1.77331640e-03  2.97142624e-03  9.15244407e-04  2.69431557e-03
  3.61315005e-03  3.01486795e-04  6.03761454e-04 -3.72593269e-03
 -4.51050031e-03  5.04429291e-03 -1.79445306e-03 -2.50706311e-03
  1.06457576e-03 -2.89776004e-03 -2.85988594e-03 -2.64786699e-03
 -3.84897189e-03 -1.59410812e-03  2.01523132e-03  1.33644879e-03
  2.63574294e-03  4.19331647e-03  5.06127098e-03  2.37166249e-03
 -1.59913582e-03 -7.29565549e-05  1.00266542e-03  1.44010898e-03
  1.06459713e-03  1.35638110e-03 -9.02698995e-04  6.24606302e-04
  1.50618758e-03  3.30575148e-03  3.66538924e-03 -9.21283045e-04
 -2.17539359e-03 -3.37779659e-03 -2.21087877e-03 -4.34147403e-03
 -2.66021787e-03 -9.96089532e-04  1.45808120e-03 -4.21260883e-05
 -2.75644716e-03 -1.29022446e-03  1.52519738e-03 -1.29355476e-03
 -4.13545359e-03 -4.18987179e-03 -5.07727860e-04  1.98717012e-04
 -8.28665920e-04 -3.96590475e-03 -4.91614861e-03 -3.37337337e-03
 -1.11019456e-03 -3.73262669e-03 -2.77460277e-03  8.47230178e-05
 -4.34020820e-03 -3.17864097e-03  1.46561462e-03  2.08017810e-03
  7.13995767e-03  4.19593178e-03  5.21707947e-03  5.21707947e-03
  5.21707947e-03  5.21707947e-03  5.21707947e-03  5.21707947e-03
  5.21707947e-03  5.21707947e-03  5.21707947e-03  5.21707947e-03
  5.21707947e-03  5.21707947e-03  5.21707947e-03  5.21707947e-03
  5.21707947e-03  5.21707947e-03]",467951
1086492277,Vip-IRES-Cre,True,familiar,"[-4.21152771e-03 -3.86898256e-03 -9.12912813e-04 -6.48919481e-04
  1.56238154e-03 -2.31162882e-03  1.20948335e-03  6.29343353e-03
  4.33682390e-03  2.04527745e-03  3.38851866e-03  5.32509534e-03
  1.77347531e-03 -1.18402521e-05 -1.91535514e-04  2.29455859e-03
  5.42321714e-04 -2.10263320e-03  2.43480929e-04 -3.38850360e-03
  1.25428375e-03 -3.55901921e-03 -4.95016286e-03 -4.06436626e-03
 -4.75972665e-03 -5.75498292e-03  1.10059388e-03  2.02295054e-03
  4.59339186e-03  2.75067151e-03  2.56291677e-03 -3.90025523e-03
 -2.76808702e-03  2.05859467e-03  2.24355132e-03  5.31426022e-03
  1.33182767e-03  3.65917757e-04  1.90953759e-03  5.51424433e-03
  4.04707420e-03  4.03971704e-03  8.76984059e-03  8.53100631e-03
  6.07877906e-03  8.24158776e-03  2.09485291e-02  1.41141873e-02
  1.93045382e-02  1.80516447e-02  2.13119763e-02  1.99598790e-02
  1.98937925e-02  2.20480107e-02  2.64137811e-02  2.19611057e-02
  1.82892672e-02  1.79324807e-02  1.67302412e-02  1.18615247e-02
  9.29726759e-03  9.15585127e-03  1.44900626e-02  9.13617350e-03
  1.38062200e-02  1.12167453e-02  3.66757821e-03  2.42531566e-03
  4.28352420e-03  3.41755499e-03  5.47388788e-03  4.55394302e-03
  2.48931562e-03  8.16938953e-03  2.32796583e-03  2.32796583e-03
  2.32796583e-03  2.32796583e-03  2.32796583e-03  2.32796583e-03
  2.32796583e-03  2.32796583e-03  2.32796583e-03  2.32796583e-03
  2.32796583e-03  2.32796583e-03  2.32796583e-03  2.32796583e-03
  2.32796583e-03  2.32796583e-03]",467951
1086492344,Vip-IRES-Cre,False,familiar,"[ 0.00231124  0.00186591 -0.00258446 -0.00342908  0.00412089 -0.00232129
 -0.00320224  0.00531953  0.00154573 -0.00226055  0.00155122 -0.0009606
 -0.00250765 -0.0013121  -0.00689963 -0.00856945 -0.00357226  0.00552463
 -0.00038813 -0.00189802 -0.00765158  0.00272181 -0.00511099 -0.00023854
  0.00030061  0.00760335  0.003815    0.00477923  0.00286769  0.0085797
  0.00383693  0.00511121  0.00266338  0.00453105  0.01278396  0.00649077
  0.00637075  0.00217759  0.00615468  0.00977667  0.00733485  0.00754168
  0.01171333  0.00854736  0.00166178  0.01178017 -0.00382317  0.01108311
  0.00429993  0.008052    0.01060902  0.01024223  0.01284797  0.00846067
  0.0098225   0.00646731  0.00693434  0.01296593  0.01231571  0.00171331
  0.00211783  0.00383683  0.00582134  0.00434024  0.00134421 -0.00297782
  0.00377421  0.00719365 -0.00111077  0.00337149  0.00144302  0.00596577
 -0.00018824  0.00426099  0.00599169  0.00599169  0.00599169  0.00599169
  0.00599169  0.00599169  0.00599169  0.00599169  0.00599169  0.00599169
  0.00599169  0.00599169  0.00599169  0.00599169  0.00599169  0.00599169]",467951
1086492344,Vip-IRES-Cre,True,familiar,"[ 2.23940059e-03  2.43813909e-03  4.48985616e-03  5.44433578e-03
  1.19370146e-03 -7.09096028e-04  4.93399766e-03  6.93777463e-03
  3.75157081e-03 -8.00171656e-04 -1.21006629e-03 -1.69444737e-04
  1.42537047e-03  7.20741524e-03  3.73969102e-03 -8.48683058e-05
 -2.46575067e-03  2.45377012e-03 -7.49140584e-03 -7.90306021e-03
 -5.79784811e-03 -2.23572815e-03 -3.55616599e-03 -9.88943593e-03
 -3.19928327e-03 -1.48527244e-03 -3.80913267e-05  3.00990945e-03
 -1.23631279e-03 -9.92930777e-04 -7.00501546e-03 -3.69612698e-03
  1.66897617e-03  5.36145887e-03  4.30591552e-03  3.95067182e-03
 -1.01571633e-03 -1.97941468e-03 -6.94877751e-03 -6.16773026e-03
 -7.72499413e-03  6.20723865e-03  2.47588020e-04  6.34271118e-03
  1.01330001e-04  5.89827808e-03  1.33712405e-02  7.13325130e-03
 -2.23399323e-03  1.86549362e-02  9.56074811e-03  9.46902042e-03
  5.73742420e-03  1.39705400e-02  9.48414190e-03  9.74902817e-03
  9.94611526e-03  1.01035406e-02  8.14824457e-03  6.94224393e-03
  8.21742340e-03  1.17884874e-02  9.07717557e-03  1.34369155e-02
  1.07115967e-02  1.47443180e-02  1.10984047e-02  7.67285811e-03
  1.23220167e-02  1.58737383e-02  8.21207931e-04  1.84616030e-02
  7.95597583e-03  8.22427820e-03  1.15934636e-02  1.15934636e-02
  1.15934636e-02  1.15934636e-02  1.15934636e-02  1.15934636e-02
  1.15934636e-02  1.15934636e-02  1.15934636e-02  1.15934636e-02
  1.15934636e-02  1.15934636e-02  1.15934636e-02  1.15934636e-02
  1.15934636e-02  1.15934636e-02]",467951
1086492391,Vip-IRES-Cre,False,familiar,"[ 7.38954617e-03  6.49467105e-03 -1.94844382e-03 -4.37311170e-03
 -3.17131721e-03 -3.54983317e-03  2.11614944e-03  3.68051350e-05
 -1.99983086e-03  6.23049946e-04 -2.66222850e-03 -2.56833060e-03
 -2.25861626e-03 -5.78969145e-03 -7.96693048e-03 -2.47485418e-03
  1.59403498e-03 -8.18571420e-04 -5.94765696e-04 -2.36827536e-03
  5.15913462e-03 -7.12382475e-04  9.24251448e-04 -7.60819582e-05
  4.16374920e-03  1.26341410e-03  5.28555384e-03  4.65755282e-03
  6.39469170e-04  2.98588324e-03  9.85138919e-03  6.48340638e-03
  1.36372156e-03  3.63605507e-03  5.53896757e-03  1.22680646e-03
  2.53517375e-03  5.47377953e-03  6.48277242e-03  8.12528115e-03
  2.40616070e-03  1.05607405e-03 -9.26117233e-04  3.14578551e-03
  1.11348907e-02  7.38105720e-03  6.62874017e-03  6.52062900e-03
  9.23822428e-03  9.14677587e-03  1.44593133e-02  8.00185895e-03
  7.92929266e-03  9.31208180e-03  9.52508496e-03  1.09883989e-02
  7.86577603e-03  5.17818010e-03  1.14638349e-02  1.12019486e-02
  1.02807704e-02  1.62717823e-02  1.32282731e-02  5.08222114e-03
  3.11784259e-03 -2.24741893e-04  1.20499445e-02  2.86409070e-03
  5.50279326e-03  5.39686821e-03  1.11345557e-02  4.40729079e-03
  1.47548660e-03  3.23523859e-03  8.23713866e-03  8.23713866e-03
  8.23713866e-03  8.23713866e-03  8.23713866e-03  8.23713866e-03
  8.23713866e-03  8.23713866e-03  8.23713866e-03  8.23713866e-03
  8.23713866e-03  8.23713866e-03  8.23713866e-03  8.23713866e-03
  8.23713866e-03  8.23713866e-03]",467951
1086492391,Vip-IRES-Cre,True,familiar,"[ 0.01059853  0.00962391  0.00155553  0.00513745  0.0032283  -0.00088395
  0.003426    0.00085798  0.00428267  0.00464889  0.00139673 -0.00384946
 -0.0020287  -0.00115952  0.00093503 -0.00069586 -0.00394189 -0.0058541
 -0.00210739 -0.0036492  -0.00500364 -0.00287027 -0.01259838 -0.00088661
 -0.00750483 -0.00108095  0.00241013 -0.0001702   0.00219664  0.00398717
 -0.00082348  0.00142683  0.00090843  0.00265064  0.00436457 -0.00023312
  0.00046429  0.00716301  0.01247751  0.00775761  0.00502277  0.0073269
  0.00783956  0.00626616  0.01374654  0.01640698  0.02610894  0.0242947
  0.0234551   0.0310647   0.03420111  0.02751043  0.03388733  0.04712464
  0.04693559  0.04701536  0.04278275  0.0324714   0.02744069  0.02945823
  0.02949614  0.02691137  0.02888079  0.0264956   0.02359971  0.01960884
  0.02481301  0.03234652  0.01320939  0.02548642  0.01300657  0.01497608
  0.02282286  0.01398107  0.01574054  0.01574054  0.01574054  0.01574054
  0.01574054  0.01574054  0.01574054  0.01574054  0.01574054  0.01574054
  0.01574054  0.01574054  0.01574054  0.01574054  0.01574054  0.01574054]",467951
1086492505,Vip-IRES-Cre,False,familiar,"[-0.00546719 -0.00485683 -0.00038551 -0.00366879  0.00605018  0.00325258
  0.00169859 -0.00062563  0.00035523  0.00796737  0.00790504  0.00361343
 -0.001809   -0.00276747 -0.00431672 -0.00595303 -0.00293305 -0.00338256
 -0.00188753  0.00027239 -0.00417988 -0.00729614  0.00147413 -0.00376772
 -0.00171391  0.01137554  0.00099225  0.0034214   0.00205558  0.00457725
  0.00221256  0.00637437  0.01017159  0.00640279  0.00499719  0.00103485
  0.00423595  0.00101753  0.00424378  0.0038915   0.00233867  0.00016991
  0.00348705  0.00154786 -0.00358239  0.00219079 -0.00280408  0.00242642
  0.0040123   0.00565223  0.01092721  0.00528765  0.00601149  0.00534904
  0.0045584   0.00299029  0.00429794  0.00553241  0.00071856  0.00168533
 -0.00386999 -0.00280386 -0.00226977 -0.00047875 -0.00282537 -0.00551213
 -0.00598128 -0.00061144 -0.00245472 -0.00240549 -0.00872129 -0.00435645
 -0.00673122 -0.0039946  -0.00344216 -0.00344216 -0.00344216 -0.00344216
 -0.00344216 -0.00344216 -0.00344216 -0.00344216 -0.00344216 -0.00344216
 -0.00344216 -0.00344216 -0.00344216 -0.00344216 -0.00344216 -0.00344216]",467951
1086492505,Vip-IRES-Cre,True,familiar,"[ 6.40891453e-03  6.30306454e-03  6.28278012e-03  1.01591242e-02
  1.39111047e-03 -5.45196022e-03 -5.94027880e-03 -5.47621297e-04
  4.42051061e-03  1.54571380e-03 -2.66493973e-04  5.03911787e-03
  4.39472906e-03  2.48142863e-03 -5.14100426e-03 -5.69980572e-03
 -4.19320928e-04  7.26603646e-03 -1.95707480e-04 -3.11254257e-03
  7.88947313e-04 -1.87970052e-03 -8.74394964e-03 -2.10901738e-03
 -6.31413136e-03 -3.22926428e-03  2.69802830e-04 -2.22619358e-03
 -1.81531371e-03 -3.65897472e-03 -3.74645575e-03 -5.18225791e-03
  6.67660739e-05  9.44745670e-03  8.25721289e-03  7.02584098e-03
  9.53288294e-03  1.77445935e-02  1.51211757e-02  1.38878620e-02
  1.69303992e-02  2.01722618e-02  2.80653052e-02  1.49204807e-02
  2.38412929e-02  3.88406045e-02  3.62876357e-02  4.16962669e-02
  4.68583281e-02  4.96817607e-02  5.14996824e-02  5.03462740e-02
  5.52190102e-02  5.25430268e-02  5.59648730e-02  5.48553991e-02
  5.11638928e-02  4.21990786e-02  3.48125156e-02  3.30803269e-02
  2.99757981e-02  3.23374373e-02  2.72591044e-02  2.33217684e-02
  1.94156645e-02  1.68924366e-02  1.29252818e-02  2.19748161e-02
  1.61554625e-02  1.09304807e-02  1.83776127e-02  2.01167857e-02
  1.31851575e-02  1.22937853e-02  9.46179654e-03  9.46179654e-03
  9.46179654e-03  9.46179654e-03  9.46179654e-03  9.46179654e-03
  9.46179654e-03  9.46179654e-03  9.46179654e-03  9.46179654e-03
  9.46179654e-03  9.46179654e-03  9.46179654e-03  9.46179654e-03
  9.46179654e-03  9.46179654e-03]",467951
1086492555,Vip-IRES-Cre,False,familiar,"[-1.18393590e-03 -6.89541971e-04  3.95273314e-03  4.28710275e-03
 -1.55098159e-03 -2.82081346e-03  1.71616101e-03  2.30126964e-03
  4.22436718e-03  5.69703798e-04 -4.77881024e-03 -4.88222433e-03
  3.78891656e-04  5.28369624e-05  9.63003177e-04 -1.77586455e-04
  3.00850678e-04 -5.77503104e-03  2.96553910e-03  9.15956605e-04
  3.18252402e-03 -2.13492114e-03 -4.18023209e-04 -1.37087159e-03
  6.25495136e-04  2.41286432e-03 -8.17336286e-03 -3.55870181e-03
  6.83874799e-03  1.82675844e-03  5.22747229e-04 -1.02621424e-03
  6.99815296e-04 -1.02695502e-03  2.96956659e-03  7.36363291e-03
  1.37770373e-03  1.75939330e-03  6.11783649e-03  6.91695623e-03
  1.02601487e-02  9.37611223e-03  9.39750623e-03  1.46416890e-02
  4.63139128e-03  5.61635596e-03  1.06898158e-02  1.18327722e-02
  1.02528416e-02  6.87815590e-03  7.79689710e-03  8.73598307e-03
  6.42585545e-03  3.76877406e-03  7.57917202e-03  1.30318178e-02
  2.40867600e-03 -3.02447218e-03  1.47762742e-03  1.06786870e-03
  7.29876313e-03  5.23752089e-04 -6.71460259e-03 -9.62138802e-03
 -3.53172381e-03 -4.02308221e-03 -6.36205789e-03 -3.30640605e-03
 -7.27584242e-03 -1.73826999e-03 -4.69566134e-03 -3.12916169e-03
 -4.42930629e-03 -4.56426441e-04 -5.94350529e-03 -5.94350529e-03
 -5.94350529e-03 -5.94350529e-03 -5.94350529e-03 -5.94350529e-03
 -5.94350529e-03 -5.94350529e-03 -5.94350529e-03 -5.94350529e-03
 -5.94350529e-03 -5.94350529e-03 -5.94350529e-03 -5.94350529e-03
 -5.94350529e-03 -5.94350529e-03]",467951
1086492555,Vip-IRES-Cre,True,familiar,"[ 0.00441022  0.00380399 -0.00070286  0.00263121 -0.00630058 -0.00414729
  0.00655877  0.00437289 -0.00015237  0.00523841  0.00876071  0.00417357
 -0.00085177  0.00116355  0.00110754 -0.00702471 -0.00149464  0.00602134
 -0.00517909 -0.00532284  0.00105895 -0.00019955  0.00614176  0.00761114
 -0.01298206 -0.00189049 -0.00689788 -0.0107235   0.00194455 -0.00112897
 -0.00508174 -0.00201388 -0.00454252 -0.00560839 -0.00283528  0.00046979
 -0.00015373 -0.00213173  0.00120999 -0.0018749   0.0052943   0.00204969
  0.00248086  0.01377104  0.00764396  0.00960408  0.00021897  0.00561072
  0.00689686  0.00851994  0.00479037  0.01533158  0.018205    0.01241359
  0.00641044  0.00607188  0.00937413  0.00989728  0.00699398  0.00351051
  0.00256571  0.00973588  0.00930925  0.00674547  0.01078663  0.00962182
  0.0136723   0.0053996   0.00032628  0.00554577  0.00869735  0.01708039
  0.01292416  0.01527002  0.01455123  0.01455123  0.01455123  0.01455123
  0.01455123  0.01455123  0.01455123  0.01455123  0.01455123  0.01455123
  0.01455123  0.01455123  0.01455123  0.01455123  0.01455123  0.01455123]",467951
1086492624,Vip-IRES-Cre,False,familiar,"[-2.06887026e-03 -1.35703986e-03  5.03271238e-03  4.83151951e-03
  2.77387257e-03  2.75845222e-03 -4.73856146e-04 -3.87411371e-03
 -5.72097795e-03  3.28721040e-03  3.27204900e-03 -2.88856107e-03
  4.48599434e-04  3.21734568e-03 -1.19643580e-03 -1.15951588e-03
 -2.91177054e-03 -4.03442156e-03  2.90654177e-03 -1.33015710e-03
 -3.68768894e-04 -5.31916884e-03  5.85246159e-03  7.85793744e-04
  3.34619843e-03  4.45114312e-03  1.07780459e-04 -9.86236743e-04
 -8.27486873e-03 -1.10691722e-03  3.02822252e-03  1.38962905e-03
  7.70409125e-04  6.32647128e-04 -2.10029597e-04  4.96766365e-04
  5.04878556e-03  1.37547640e-02  1.18112637e-02  8.14872886e-03
  1.12836633e-02  3.92143389e-03  5.95795199e-03 -2.26849495e-03
  8.91631113e-03  1.80206871e-03  4.35882316e-03  8.49890828e-03
  1.08979367e-02  9.57638178e-03  4.14241236e-03  8.08023055e-03
  1.11622291e-02  8.15428165e-03  7.02188325e-03  1.05804367e-02
  1.55050566e-02  9.67470448e-03  8.35607502e-03  1.08832926e-02
  6.08511957e-03  5.87250372e-03  1.13452992e-02  3.03188081e-03
 -1.32594289e-04  7.66389233e-05 -2.58558010e-03  8.07718593e-03
  1.35839281e-02  7.20374385e-03  1.61410799e-03  9.54920170e-04
  9.63838845e-03 -7.28281805e-04  3.83358608e-03  3.83358608e-03
  3.83358608e-03  3.83358608e-03  3.83358608e-03  3.83358608e-03
  3.83358608e-03  3.83358608e-03  3.83358608e-03  3.83358608e-03
  3.83358608e-03  3.83358608e-03  3.83358608e-03  3.83358608e-03
  3.83358608e-03  3.83358608e-03]",467951
1086492624,Vip-IRES-Cre,True,familiar,"[-2.73687355e-03 -1.84509230e-03  5.07286850e-03 -1.55269258e-03
 -3.30372135e-03  2.13854312e-03  5.96896510e-03  1.34030663e-03
  1.78564073e-03 -1.73631470e-03 -9.30370141e-04 -5.98483779e-04
 -1.43773033e-03 -3.02230856e-05  2.49130057e-03 -5.03698622e-03
 -5.69582663e-04 -2.83740188e-03  2.30875256e-03  1.61115692e-03
  1.39338394e-03 -1.92950992e-03 -2.19435420e-03 -1.17198415e-03
  6.04014250e-03 -6.00930213e-05  1.13849723e-03  2.33859077e-03
 -4.99803944e-03 -6.58695278e-04  2.28439550e-03 -5.32769057e-03
  3.51248761e-03  8.87100328e-03  7.39590386e-03  7.52406286e-04
 -2.74029300e-03 -3.35239830e-03  6.71258736e-03 -3.60030277e-03
  7.28184352e-03  5.02381341e-03  9.85157867e-03  7.94666503e-03
  1.06239912e-02  3.47179600e-03  1.38233397e-02  6.78172233e-03
  1.45273367e-02  1.30353832e-02  1.48369505e-02  1.54163035e-02
  1.53655293e-02  2.11150718e-02  2.05845785e-02  1.53794703e-02
  1.26518021e-02  1.98767157e-02  1.77889862e-02  9.44720539e-03
  8.76689486e-03  6.16575116e-03  6.62725124e-03  2.38105848e-02
  6.90901266e-03  7.92476806e-03  1.34482406e-02  9.22031850e-03
  6.01329546e-03  5.05753285e-03  1.22736940e-02 -7.98205203e-04
  3.62257078e-03  4.56620521e-03  3.28664592e-04  3.28664592e-04
  3.28664592e-04  3.28664592e-04  3.28664592e-04  3.28664592e-04
  3.28664592e-04  3.28664592e-04  3.28664592e-04  3.28664592e-04
  3.28664592e-04  3.28664592e-04  3.28664592e-04  3.28664592e-04
  3.28664592e-04  3.28664592e-04]",467951
1086492697,Vip-IRES-Cre,False,familiar,"[-3.16944118e-03 -3.46796038e-03 -4.54938395e-03  4.20272774e-03
  1.58200254e-03  1.31385086e-03  7.70743624e-04 -3.73096396e-04
  1.49226455e-04  6.90620189e-03  6.00451040e-03  7.41117836e-04
  4.37275868e-04 -8.95953284e-04 -4.24046992e-03 -3.87876916e-03
 -1.33886462e-03  7.76081810e-05 -4.29653572e-03 -2.06521545e-03
  7.83770975e-04 -1.89810462e-03 -2.36137239e-03  1.18081532e-03
 -3.70686379e-04  7.20270592e-03  1.82230793e-03 -1.48818000e-04
  1.89010400e-04 -3.09204481e-04  6.04939961e-04  8.68025364e-03
  3.01990029e-03  2.27213444e-03  2.04533503e-03  5.48741653e-03
  6.80823832e-03  6.73191581e-03  1.19733785e-02  1.25172659e-02
  1.39056614e-02  1.35836646e-02  1.17721226e-02  1.53487441e-02
  1.07702881e-02  8.06004963e-03  8.87764392e-03  8.65426034e-03
  5.03045390e-03  4.62716786e-03  9.31559346e-03  7.33983803e-03
  8.84764420e-03  1.06290507e-02  7.38783274e-03  6.08167350e-03
  4.71008242e-03  2.81500172e-03  2.15506826e-03  5.57599932e-04
  3.22959341e-03  8.01336188e-03  2.67966809e-03 -3.74429018e-03
 -6.33001592e-03  3.01758335e-03 -5.93730499e-03 -1.29373062e-03
  4.43892040e-03  4.89170536e-03  6.98998299e-03  9.26295095e-03
 -4.07546574e-03  4.00169119e-03 -8.45705486e-04 -8.45705486e-04
 -8.45705486e-04 -8.45705486e-04 -8.45705486e-04 -8.45705486e-04
 -8.45705486e-04 -8.45705486e-04 -8.45705486e-04 -8.45705486e-04
 -8.45705486e-04 -8.45705486e-04 -8.45705486e-04 -8.45705486e-04
 -8.45705486e-04 -8.45705486e-04]",467951
1086492697,Vip-IRES-Cre,True,familiar,"[ 0.00043351  0.00054839  0.00146115  0.00076938  0.00312873  0.00947609
  0.00466324  0.00597804  0.00518056  0.00531738  0.00553407  0.00450002
 -0.00208579 -0.00112853  0.000833   -0.00350253 -0.00706101 -0.00695329
 -0.00172679 -0.00121831 -0.00081883  0.00497752 -0.00079832 -0.00229082
 -0.00217183 -0.00524439 -0.0061384  -0.00449617 -0.00471919 -0.00244688
  0.00121792 -0.00230116 -0.00449616  0.00212473  0.00217571  0.00378462
  0.00825623  0.0165025   0.0154676   0.01114574  0.01279186  0.01461188
  0.01990382  0.02548327  0.02991422  0.03603237  0.04358761  0.03682132
  0.04434537  0.05092381  0.05847482  0.05542157  0.06378373  0.06189211
  0.06122342  0.05954482  0.05768276  0.05615149  0.04923395  0.04081865
  0.03970962  0.04523857  0.03845586  0.04331947  0.02837833  0.02591653
  0.02047474  0.02104068  0.02097546  0.03195651  0.02015649  0.0227059
  0.01405874  0.01498458  0.01602492  0.01602492  0.01602492  0.01602492
  0.01602492  0.01602492  0.01602492  0.01602492  0.01602492  0.01602492
  0.01602492  0.01602492  0.01602492  0.01602492  0.01602492  0.01602492]",467951
1086492880,Vip-IRES-Cre,False,familiar,"[-1.38200443e-03 -1.36260046e-03 -7.52707140e-05  4.65738535e-03
 -3.23086663e-03 -1.45464977e-03  9.79301640e-05 -1.00900057e-03
 -2.21441458e-03 -5.44164913e-04 -1.58406147e-03 -1.82057591e-03
  4.09187570e-04  2.12813217e-03  2.73851678e-04 -1.28156251e-03
 -1.09492540e-03  1.16864194e-03 -1.98940006e-04 -7.16190294e-03
 -7.88442014e-03  3.32013354e-03  7.53810779e-03  2.84775708e-03
  1.31467655e-03 -5.39238730e-04  1.17094175e-03  1.43253454e-03
  4.85822556e-03  1.62109347e-03 -1.42943316e-03 -4.98649891e-03
  2.27033532e-03  5.44075069e-03  4.40429016e-03  3.17515821e-03
  1.34683291e-02  1.12361383e-02  7.77109133e-03  1.51105137e-02
  1.42373510e-02  5.75174119e-03  5.55592099e-03  4.30243309e-03
  1.12404337e-02  1.68878156e-02  1.05439789e-02  7.50836972e-03
  1.07806890e-02  1.63119364e-02  2.73341385e-03  1.01174821e-02
  3.79050103e-03  6.72266583e-03  6.70280465e-03  6.71436876e-03
  1.25271198e-02  8.98464180e-03  6.24704994e-03  4.34490295e-03
  7.38981464e-03  5.83105204e-04  3.78902160e-03  4.37779305e-03
  4.54202215e-04 -2.93413260e-03  1.69096867e-03  5.49402913e-03
 -2.43918124e-03 -2.70867587e-03  2.59933912e-03  2.29998155e-03
  5.26146177e-03  4.06952237e-03  3.86614347e-03  3.86614347e-03
  3.86614347e-03  3.86614347e-03  3.86614347e-03  3.86614347e-03
  3.86614347e-03  3.86614347e-03  3.86614347e-03  3.86614347e-03
  3.86614347e-03  3.86614347e-03  3.86614347e-03  3.86614347e-03
  3.86614347e-03  3.86614347e-03]",467951
1086492880,Vip-IRES-Cre,True,familiar,"[ 8.48332972e-03  8.59907656e-03  8.45280354e-03  6.96466423e-04
 -3.10307897e-03 -1.99431902e-03  4.24512013e-03  1.50667042e-03
 -3.34722914e-04 -2.57018871e-03  2.92557757e-05  5.38615256e-03
  2.11304251e-03 -1.75548316e-04  3.89359881e-03 -1.35112495e-03
  2.89159244e-03  1.26448367e-03 -1.82028348e-03 -2.98774256e-04
 -1.71101193e-04 -1.07854646e-02  2.95469244e-04  3.41560465e-03
 -4.24000989e-05 -1.55296959e-03 -1.65544502e-02 -4.32098478e-03
  1.56518934e-03 -7.76244477e-03 -8.01329213e-03 -3.76053196e-03
  2.73116227e-03  2.74218868e-03  3.01319672e-03  1.26659908e-03
 -2.17620971e-03  3.38267417e-06  3.69014373e-03 -7.49552192e-03
 -6.30172502e-04  1.31398961e-02  2.62503053e-03  1.94140016e-03
 -3.23113189e-03  5.41681133e-03  5.55877636e-03  9.92350724e-03
  2.89784518e-03  4.97341971e-03  9.93008096e-03  1.11348862e-02
  1.43561185e-02  7.66046839e-03  1.42448949e-02  7.61173429e-03
  2.19081949e-03  5.36673501e-03  1.24424579e-02  1.19438054e-02
  1.02104451e-02  1.05282936e-02  1.60994902e-02  1.58664472e-02
  1.37855452e-02  1.25457604e-02  1.73259318e-02  9.91264045e-03
  1.77476251e-02  2.78253575e-03  1.11324725e-02  2.30901012e-03
  1.23864766e-02  5.23056950e-03  1.53643032e-02  1.53643032e-02
  1.53643032e-02  1.53643032e-02  1.53643032e-02  1.53643032e-02
  1.53643032e-02  1.53643032e-02  1.53643032e-02  1.53643032e-02
  1.53643032e-02  1.53643032e-02  1.53643032e-02  1.53643032e-02
  1.53643032e-02  1.53643032e-02]",467951
1086492919,Vip-IRES-Cre,False,familiar,"[-7.01545012e-03 -7.09121583e-03 -6.89789485e-03 -1.39268654e-03
  1.22069810e-03  4.39279209e-03  2.26373747e-03  5.99779810e-06
  2.23854957e-03  4.34212850e-03  4.43566970e-03  5.17173346e-03
 -1.54582941e-03 -3.85664631e-04  3.81758296e-03  2.27641756e-03
 -1.42860742e-03  4.08770648e-03 -1.45925766e-03 -3.06404010e-03
 -7.53058084e-04  4.70929222e-04  1.79070889e-03 -2.29504576e-03
 -1.40055399e-03  4.76003320e-03 -1.92065219e-03 -4.65501384e-04
  2.70736061e-03 -6.86658764e-03 -1.56205441e-03  2.27093060e-03
  8.66359923e-04 -2.25397415e-04  3.54879776e-03  4.71682770e-03
  5.69560832e-03  2.04530154e-03  6.14781645e-03  4.85597896e-03
  5.79365706e-03  7.38675600e-03  8.35241248e-03  3.44995154e-03
  5.08820140e-04  3.34849299e-03  5.99135682e-03  6.37194910e-04
  1.12493281e-02  8.67653730e-03  9.93317950e-03  5.28307346e-03
  2.83848168e-03  1.80496933e-03  8.60087387e-03  9.21463780e-03
  4.17834262e-03  3.42247552e-03  9.42079872e-03  5.01940396e-03
  3.38221572e-03  6.15818737e-03  8.23445284e-03  2.45831894e-03
 -2.50488136e-03  8.39425492e-04  3.90564993e-03  1.45257675e-03
  7.95756638e-04  6.27501885e-03 -8.85653723e-04  2.19221718e-03
  1.77088908e-03  7.98869685e-05  7.13793759e-03  7.13793759e-03
  7.13793759e-03  7.13793759e-03  7.13793759e-03  7.13793759e-03
  7.13793759e-03  7.13793759e-03  7.13793759e-03  7.13793759e-03
  7.13793759e-03  7.13793759e-03  7.13793759e-03  7.13793759e-03
  7.13793759e-03  7.13793759e-03]",467951
1086492919,Vip-IRES-Cre,True,familiar,"[ 6.20048172e-03  5.93261797e-03  2.55078276e-03 -4.15249879e-03
 -6.04489777e-03 -3.39973133e-04 -6.01367084e-05 -4.46658312e-03
 -2.89178869e-03  1.06138909e-03  1.96143960e-04  2.41691851e-03
 -7.71866267e-04 -2.91774635e-03 -4.70390099e-04  9.43011147e-04
 -1.16232409e-03 -1.34911801e-03  8.47442406e-04  5.09330678e-03
  1.25226489e-03 -4.01842334e-03 -4.06508974e-03  5.47723987e-04
  5.58153192e-03  6.65256957e-03 -3.53644043e-03 -2.22321570e-03
 -1.43422519e-03  6.28532734e-04 -5.39483912e-03 -7.62851987e-03
 -2.72403449e-03  9.02629263e-04 -2.46775640e-03  1.34906192e-03
 -2.31851328e-03 -4.59017997e-03 -1.57190891e-03 -3.44617604e-03
  1.05650338e-02  1.38464276e-03 -1.29561684e-03 -2.23489815e-03
 -7.45285055e-03  3.28230641e-03  6.18743752e-03  9.79672585e-03
 -4.72108851e-04  7.59773299e-03  2.95130834e-03 -5.69241206e-03
  3.63371009e-03  3.98880613e-03  6.59015734e-03  5.69987418e-03
  9.08871843e-03  1.09741243e-02  3.39578617e-03 -7.39437667e-04
  8.37031173e-04  2.84129044e-03  1.19313492e-02  1.06916420e-02
  5.63198321e-03  5.49700600e-03  2.47680158e-04 -3.65514973e-03
 -3.97161777e-03  3.87929902e-03  1.18369997e-02  4.30292702e-03
  4.21356339e-03  2.00666386e-03  5.87862036e-03  5.87862036e-03
  5.87862036e-03  5.87862036e-03  5.87862036e-03  5.87862036e-03
  5.87862036e-03  5.87862036e-03  5.87862036e-03  5.87862036e-03
  5.87862036e-03  5.87862036e-03  5.87862036e-03  5.87862036e-03
  5.87862036e-03  5.87862036e-03]",467951
1086493022,Vip-IRES-Cre,False,familiar,"[-0.00221133 -0.00143169  0.00414963 -0.00382628 -0.00072388  0.00569966
 -0.00162644 -0.00027148 -0.00154639 -0.00087963 -0.00018875 -0.00143865
  0.00436015  0.00112267 -0.00191948 -0.00362944 -0.0009382   0.00547798
  0.00176084 -0.00194534  0.000233    0.00389465 -0.00384883 -0.00318979
  0.0017489  -0.00453401  0.00186613  0.00115959  0.00197562  0.00070076
 -0.00071942 -0.00188153 -0.00036362 -0.00180212 -0.0034379  -0.00380755
 -0.00016596  0.00263036  0.00145995  0.00200637  0.00747616  0.00135628
 -0.00170408  0.00652317 -0.00242759  0.00821858 -0.0021635   0.00087322
  0.00065301  0.00474645  0.00163202  0.00627342  0.00292146 -0.0013144
  0.00033679 -0.00405559 -0.00303299  0.00175735 -0.00064584 -0.00069066
  0.00315962  0.00039775  0.0081708   0.0027895  -0.00473594  0.00108167
  0.00164446 -0.00459389  0.00732013  0.00503149 -0.00197532  0.00098636
 -0.00104205 -0.00037574 -0.00010622 -0.00010622 -0.00010622 -0.00010622
 -0.00010622 -0.00010622 -0.00010622 -0.00010622 -0.00010622 -0.00010622
 -0.00010622 -0.00010622 -0.00010622 -0.00010622 -0.00010622 -0.00010622]",467951
1086493022,Vip-IRES-Cre,True,familiar,"[ 1.95428259e-04  1.21055479e-03  7.81899685e-03 -4.38210618e-03
  3.33710734e-03 -7.83145984e-04  2.21853388e-04 -6.80453654e-03
  9.66522813e-05  5.90047766e-03  2.50797476e-03  2.23993942e-03
  5.38753921e-03  6.07064238e-03 -6.13758457e-04 -3.95423564e-03
 -2.87218540e-03 -7.69304019e-04 -1.78797620e-03 -2.43587429e-03
 -7.33547289e-03  2.46212177e-03 -9.67393775e-04 -1.79693531e-03
  7.45374593e-04  5.71504694e-03  9.50203516e-04 -1.90035645e-03
 -1.47101450e-03 -6.98561752e-03 -2.46309335e-04  2.27819040e-03
  2.90460840e-03 -6.77598295e-03 -5.36759570e-03  5.17883432e-03
  3.82932438e-03  6.29333418e-03  5.01838878e-03  5.35701252e-03
 -7.43273544e-04  6.12312859e-03  3.96793083e-03  1.26223917e-03
  6.30151200e-03  3.48274848e-03  3.20749641e-03  6.75147978e-03
 -5.49248266e-04  3.11708974e-03  1.08838110e-02  9.95523677e-03
  1.50289531e-02  1.08973880e-02  1.00818796e-02  5.59522212e-03
  6.59355307e-03  1.89183097e-03  5.03617151e-03  6.89882626e-03
 -2.26970817e-04  8.20075895e-03  1.31956655e-02  5.88755185e-03
  2.01436668e-03  4.89065012e-04 -1.60875265e-03  8.66382959e-03
 -1.75417654e-03  6.31219663e-03  5.51202986e-03  9.71171842e-03
  8.62339519e-03  7.39342858e-03 -4.69978837e-03 -4.69978837e-03
 -4.69978837e-03 -4.69978837e-03 -4.69978837e-03 -4.69978837e-03
 -4.69978837e-03 -4.69978837e-03 -4.69978837e-03 -4.69978837e-03
 -4.69978837e-03 -4.69978837e-03 -4.69978837e-03 -4.69978837e-03
 -4.69978837e-03 -4.69978837e-03]",467951
1086493047,Vip-IRES-Cre,False,familiar,"[-3.83772817e-03 -3.17933642e-03  2.58722573e-03  2.13437317e-03
  1.71814518e-03 -4.98341787e-04  1.32140927e-03  3.55868838e-03
  1.33531396e-03  8.79108647e-04  5.25710096e-03  3.45822652e-03
  2.15051887e-03  8.09640885e-04 -9.57492509e-04  3.45491342e-03
 -8.32317545e-04 -1.97443324e-03 -2.16699035e-04  1.79299589e-03
 -8.46701180e-04  1.01789250e-03 -1.31489639e-03  1.31825051e-03
 -6.11778021e-04 -1.89497792e-03 -1.56156392e-03 -4.01467303e-03
 -4.96461171e-03 -6.08825299e-03 -8.78058399e-04  5.35934046e-05
 -1.97379024e-03 -1.06411599e-03  8.06863260e-03  8.61781854e-03
  2.49634112e-03  1.45453385e-03  5.48920509e-03  3.64252742e-03
  5.94740268e-04  3.19153128e-03  2.46566113e-03 -1.12463893e-03
  3.14114696e-03  8.19150001e-03 -1.30136967e-03  7.64992022e-03
 -2.61070251e-03  7.34187092e-04  3.78760920e-03  1.36342056e-04
  2.62352662e-03  1.20559515e-03  1.59423357e-03  5.31383860e-03
  5.49426457e-03  1.29862716e-03  1.42856458e-03  3.40907053e-03
  1.80955274e-04 -2.08549780e-03  3.93909253e-03  3.27254818e-03
 -1.69093360e-03 -1.33673477e-03  7.03422721e-04  5.44745669e-04
 -7.84987817e-04 -3.17096033e-04  2.54561810e-03  3.83628657e-03
  1.37080992e-03 -1.01664538e-03  4.20194299e-03  4.20194299e-03
  4.20194299e-03  4.20194299e-03  4.20194299e-03  4.20194299e-03
  4.20194299e-03  4.20194299e-03  4.20194299e-03  4.20194299e-03
  4.20194299e-03  4.20194299e-03  4.20194299e-03  4.20194299e-03
  4.20194299e-03  4.20194299e-03]",467951
1086493047,Vip-IRES-Cre,True,familiar,"[-3.70074113e-03 -2.92585894e-03  3.54592702e-03  2.48987804e-05
 -2.46965101e-03  3.30899894e-03 -7.13786498e-04 -2.30396194e-03
  2.17743653e-03 -1.94623458e-03 -6.04194799e-03  3.62373362e-04
  6.74602426e-03  5.19038385e-03  3.98020741e-03  3.69590184e-04
  2.87722320e-03 -2.00379363e-03  4.70138054e-03 -1.10942629e-03
  2.42749164e-03  1.17918171e-03 -1.70033603e-03 -4.27922808e-03
  5.29658067e-04 -9.28312136e-04 -5.14013423e-03  1.02276078e-03
 -3.87585835e-04 -2.79253792e-03 -1.69048262e-03 -2.84491781e-03
 -3.03566069e-03  2.10588992e-06  1.25839455e-03  4.47477841e-03
  4.03336790e-03  1.15718972e-03 -9.64452355e-04 -2.29065809e-04
  5.97466877e-03  1.00119295e-03 -8.73767763e-05  1.25803394e-03
  3.69020541e-03  9.61579904e-03  1.10537416e-02  1.07651927e-02
  1.13350035e-02  8.55860100e-03  9.92996364e-03  8.92524513e-03
  1.27139750e-02  1.28197000e-02  8.89353395e-03  8.77987526e-03
  1.21148524e-02  1.23381606e-02  1.34807994e-02  1.42954278e-02
  1.41820601e-02  1.42152959e-02  9.47006485e-03  1.51218897e-02
  9.47359900e-03  1.05314289e-02  6.84386531e-03  7.85846474e-03
  5.35678506e-03  3.25063066e-03  1.10766483e-02  3.21944979e-03
  6.77897929e-04  6.91731494e-03 -3.18947486e-03 -3.18947486e-03
 -3.18947486e-03 -3.18947486e-03 -3.18947486e-03 -3.18947486e-03
 -3.18947486e-03 -3.18947486e-03 -3.18947486e-03 -3.18947486e-03
 -3.18947486e-03 -3.18947486e-03 -3.18947486e-03 -3.18947486e-03
 -3.18947486e-03 -3.18947486e-03]",467951
1086495170,Vip-IRES-Cre,False,familiar,"[-2.13982061e-03 -1.82568988e-03 -8.17671467e-04 -9.57122695e-03
 -9.52454586e-04  1.23483687e-03  1.18737081e-03  2.53086146e-03
  4.09718862e-03  5.00995495e-03  6.64526233e-03 -1.15447763e-03
 -3.48512880e-03 -1.21744524e-02 -6.40017416e-03 -1.61722546e-03
 -1.42643408e-03 -7.38294070e-04  5.72279703e-03  1.02602313e-03
 -2.87070181e-03 -4.00085846e-03 -3.91713198e-03  1.72136209e-05
  1.97170217e-04  1.75041738e-03  1.67463153e-03  3.58975248e-03
  1.11916950e-02  7.21656689e-03  6.45364616e-03  4.07612225e-03
  7.59512585e-03  1.01725647e-02  1.39520451e-03  3.14179003e-03
  6.64151846e-03  4.96782479e-03  7.16023507e-03  7.49617914e-03
  1.00694776e-02  5.25600024e-03  5.66526896e-03  5.21641212e-03
  5.28761068e-03  4.59277593e-04  4.38056985e-03 -3.32653908e-03
 -3.86889068e-03  4.85992996e-03  1.32584622e-02  1.93517852e-03
  3.65135629e-04  2.68264574e-03  5.26017780e-04 -3.52432347e-03
  4.56896275e-04 -9.25420111e-04 -5.74815145e-03 -2.59950082e-03
  1.12201300e-03  3.53591394e-03  3.40573819e-03  6.96731255e-03
 -2.89636264e-03 -7.17188522e-03 -7.42404279e-04 -9.73177550e-04
  2.01111569e-03 -6.20643888e-03 -7.57813319e-03 -6.47597870e-03
 -6.69932292e-04 -2.95561261e-03 -7.34020926e-03 -7.34020926e-03
 -7.34020926e-03 -7.34020926e-03 -7.34020926e-03 -7.34020926e-03
 -7.34020926e-03 -7.34020926e-03 -7.34020926e-03 -7.34020926e-03
 -7.34020926e-03 -7.34020926e-03 -7.34020926e-03 -7.34020926e-03
 -7.34020926e-03 -7.34020926e-03]",467953
1086495170,Vip-IRES-Cre,False,novel,"[-7.37881837e-03 -7.29905742e-03 -5.56578049e-03  1.45592121e-03
  3.59538034e-03  6.47274209e-04  8.33181582e-03  6.60761500e-03
  1.00977860e-02  6.06426663e-03 -3.02044609e-03 -9.61693996e-03
 -1.32196122e-02 -1.09712545e-02 -3.99625467e-03  9.75284445e-04
  7.19387394e-03  1.14016159e-02  1.55095667e-02 -1.35952738e-03
  3.77787989e-03 -9.73418900e-03 -1.24168216e-02 -4.28265381e-03
  2.47216893e-03 -9.78491308e-03 -4.30008553e-03  6.05458564e-03
  6.50659519e-03  1.22547243e-02  1.14504390e-02  1.10884750e-02
  1.00499125e-02  1.11852066e-02  8.07343389e-03  1.62931667e-02
  2.18146190e-02  3.41903680e-02  5.17852992e-02  6.36064408e-02
  6.13237652e-02  5.51041804e-02  4.22645643e-02  3.83314984e-02
  2.65541977e-02  2.67258835e-02  2.61166647e-02  2.42351771e-02
  7.55128726e-03  8.91778635e-03 -3.30141627e-03  7.46070989e-03
  6.77877015e-03  9.39817518e-03  8.64207017e-03  3.81180692e-03
  4.67693295e-03  3.02817750e-03 -5.32501298e-03 -5.08335414e-03
  3.22217701e-03  4.84568271e-03  5.77061099e-03  9.01223850e-03
  1.17205247e-02  9.21003676e-04  2.62497703e-05 -7.91058072e-03
 -1.41436581e-02 -7.90936472e-03  1.78564558e-03 -5.69778370e-03
 -5.88575779e-03 -9.31538269e-03 -1.16970172e-02 -1.16970172e-02
 -1.16970172e-02 -1.16970172e-02 -1.16970172e-02 -1.16970172e-02
 -1.16970172e-02 -1.16970172e-02 -1.16970172e-02 -1.16970172e-02
 -1.16970172e-02 -1.16970172e-02 -1.16970172e-02 -1.16970172e-02
 -1.16970172e-02 -1.16970172e-02]",467953
1086495170,Vip-IRES-Cre,True,familiar,"[ 8.55664819e-03  7.89514004e-03  1.68739133e-03 -2.47254719e-04
  3.57610234e-04  2.08397394e-03  3.39127933e-03  5.95193239e-03
  3.20230381e-03 -2.45916115e-03 -3.81107971e-03 -1.35005136e-03
 -4.87261477e-03 -5.49168035e-03 -1.83221445e-03 -2.48714482e-03
 -3.67537362e-06 -7.40011744e-04 -9.11798099e-05  1.19469969e-03
  5.11030061e-03 -1.45858678e-02 -3.89103726e-03 -1.87000976e-03
 -1.14408799e-03 -6.35538567e-03  3.99812206e-03  2.23983330e-03
  7.14133243e-04  4.84908859e-03  8.56424292e-04  9.68712953e-03
  1.20353175e-02  5.79298532e-03  7.74670636e-03  9.05923439e-03
  1.36409348e-02  1.28516964e-02  1.68363937e-02  2.13335214e-02
  3.10892288e-02  2.22001027e-02  2.03651580e-02  2.31359020e-02
  2.15135234e-02  2.99573667e-02  2.65504652e-02  2.83524649e-02
  3.38735969e-02  4.30347475e-02  4.43926384e-02  4.33916502e-02
  4.15556846e-02  4.30406452e-02  3.74903620e-02  3.52852812e-02
  2.73325452e-02  1.64752923e-02  1.45392267e-02  1.76488633e-02
  1.81949369e-02  2.03619350e-02  1.42019337e-02  1.37517653e-02
  1.73035738e-02  1.52151173e-02  1.67867507e-02  8.22141865e-03
  1.06675891e-02  1.83195580e-03  1.39001244e-02  1.52733060e-02
  5.77816208e-03  7.46300282e-03  1.99032257e-02  1.99032257e-02
  1.99032257e-02  1.99032257e-02  1.99032257e-02  1.99032257e-02
  1.99032257e-02  1.99032257e-02  1.99032257e-02  1.99032257e-02
  1.99032257e-02  1.99032257e-02  1.99032257e-02  1.99032257e-02
  1.99032257e-02  1.99032257e-02]",467953
1086495170,Vip-IRES-Cre,True,novel,"[-0.00447361 -0.00367712  0.00369139  0.0074802   0.01048368  0.00267436
  0.00354728  0.00664822  0.00284729 -0.00049249 -0.00331899 -0.00578358
 -0.0030978  -0.00807253 -0.01468168 -0.01057737  0.00400051  0.00604452
  0.01166491  0.01375015 -0.00553113  0.00073017  0.0067603  -0.00645197
 -0.00966492 -0.00576979 -0.00534916  0.00260498  0.00151231  0.00250186
  0.00675463  0.01508148  0.00938287  0.00620599  0.00478563  0.00059026
 -0.00264394  0.00644778  0.00574595  0.0064711   0.0140975   0.0188529
  0.02916316  0.02509162  0.021718    0.02770524  0.02877723  0.02927086
  0.02847099  0.03392603  0.03881076  0.03672254  0.03603426  0.04774487
  0.05224358  0.04429461  0.03999279  0.04052881  0.03830043  0.03353607
  0.03355118  0.03835281  0.03718212  0.03368803  0.02924541  0.02950947
  0.02129458  0.01024031  0.01096937 -0.0019522   0.0218787   0.01799401
 -0.00530902 -0.00543004  0.00359045  0.00359045  0.00359045  0.00359045
  0.00359045  0.00359045  0.00359045  0.00359045  0.00359045  0.00359045
  0.00359045  0.00359045  0.00359045  0.00359045  0.00359045  0.00359045]",467953
1086495264,Vip-IRES-Cre,False,familiar,"[ 0.00806339  0.00713785 -0.00063062  0.00259048  0.0043381   0.00142387
 -0.00247026 -0.00353587 -0.00042379  0.00725325  0.0007682  -0.00414867
  0.00015477 -0.00563852 -0.00776756 -0.00033258  0.00542421  0.00512259
 -0.00756242 -0.00773036 -0.00158771 -0.00151211  0.00175325 -0.00306934
 -0.00560064 -0.00556811  0.01003485  0.00396754 -0.00477032  0.00431652
  0.00969014  0.00104782  0.00197956  0.00488521  0.00421022 -0.00501922
 -0.00257154 -0.00154568  0.00811794  0.00668121  0.00513424  0.00132577
 -0.00352018  0.00214902 -0.01313716 -0.00862586 -0.00476121 -0.00201307
 -0.00849411 -0.00309921 -0.00242054  0.00188777 -0.00332968 -0.01581722
 -0.00972245 -0.01071853 -0.00811865 -0.00363103 -0.00711551 -0.01818025
 -0.00793717 -0.00644451 -0.00639377 -0.0077057  -0.00188174 -0.00885521
 -0.00576328  0.00059388 -0.01165017  0.00264104  0.00517167  0.00438854
 -0.00643474  0.00106545 -0.01557265 -0.01557265 -0.01557265 -0.01557265
 -0.01557265 -0.01557265 -0.01557265 -0.01557265 -0.01557265 -0.01557265
 -0.01557265 -0.01557265 -0.01557265 -0.01557265 -0.01557265 -0.01557265]",467953
1086495264,Vip-IRES-Cre,False,novel,"[-0.0004745   0.00018193  0.00593282  0.00247594 -0.0101801  -0.00172131
 -0.0064667  -0.01067167 -0.01755158 -0.01047302 -0.00320302  0.00166914
  0.00234546  0.00495715  0.00343982  0.00649971  0.00679113  0.00967904
  0.00540694  0.00471506 -0.00238267  0.0023597  -0.00623553  0.00310914
  0.00711725  0.00263584  0.00053754  0.00290451 -0.00377545  0.00037741
 -0.00181601 -0.00572936  0.00676907  0.01060233  0.01336902  0.01560643
  0.02239642  0.01737692  0.01689737  0.01608291  0.0096139   0.00651206
 -0.00029343  0.00186613 -0.00994297 -0.01338517 -0.01315097 -0.01665484
 -0.01982321 -0.01452611 -0.02612666 -0.02385108 -0.02679933 -0.02475864
 -0.02601609 -0.0247045  -0.02366593 -0.02188829 -0.01992765 -0.0127507
 -0.01594633 -0.02000158 -0.02467135 -0.02997112 -0.03520688 -0.02810974
 -0.03521004 -0.03128019 -0.03326201 -0.03420418 -0.03680485 -0.03688784
 -0.03309655 -0.03979608 -0.04638763 -0.04638763 -0.04638763 -0.04638763
 -0.04638763 -0.04638763 -0.04638763 -0.04638763 -0.04638763 -0.04638763
 -0.04638763 -0.04638763 -0.04638763 -0.04638763 -0.04638763 -0.04638763]",467953
1086495264,Vip-IRES-Cre,True,familiar,"[ 4.38074125e-03  3.92491983e-03  1.69634569e-03  1.06778723e-02
  4.28340188e-03  3.03924884e-03 -9.40958600e-03  6.39892148e-03
  5.93043991e-03 -5.14125291e-03 -2.62559373e-03 -7.67394360e-03
 -5.97806008e-03 -3.22010100e-04 -3.92475650e-03 -3.09350198e-03
 -2.90603352e-03 -8.60689655e-03 -8.21945871e-03  5.03648520e-03
 -1.89845441e-03  9.30131059e-03 -1.51362506e-05  7.97564797e-03
 -3.21357431e-03 -9.70656171e-03  4.31374169e-03  9.68427384e-04
  5.08847748e-03 -2.81161153e-04 -4.98405028e-03 -1.25663697e-03
  7.97008313e-03  7.36866902e-03  5.81446434e-03  9.99213006e-03
  6.34079592e-03  2.71168331e-03  1.25736341e-02  8.10856770e-03
  4.09550989e-03  1.69895374e-02  1.41986097e-02  2.45763568e-02
  2.52348960e-02  3.13273794e-02  2.41365535e-02  2.77513940e-02
  2.51362298e-02  2.56429686e-02  3.77421188e-02  4.46161805e-02
  4.75361233e-02  4.21080321e-02  5.22006690e-02  5.38060958e-02
  4.72386104e-02  3.83816818e-02  3.51850415e-02  3.75307714e-02
  3.90971507e-02  4.31825330e-02  4.40845984e-02  3.63713097e-02
  4.34324969e-02  2.97064898e-02  2.68133324e-02  2.45789879e-02
  3.42128346e-02  2.76665900e-02  1.63265894e-02  1.83061321e-02
  2.87314240e-02  2.45600002e-02  2.63031123e-02  2.63031123e-02
  2.63031123e-02  2.63031123e-02  2.63031123e-02  2.63031123e-02
  2.63031123e-02  2.63031123e-02  2.63031123e-02  2.63031123e-02
  2.63031123e-02  2.63031123e-02  2.63031123e-02  2.63031123e-02
  2.63031123e-02  2.63031123e-02]",467953
1086495264,Vip-IRES-Cre,True,novel,"[ 0.01299985  0.01238684  0.00620623  0.00043096 -0.00051714  0.00610285
  0.00130586 -0.00355418 -0.01310092 -0.01075401 -0.00451329  0.00039859
  0.01102658  0.01024004  0.0108486   0.0046698  -0.00186776 -0.00536577
 -0.00046737 -0.00131489 -0.0029846  -0.01323016 -0.00467539 -0.00664067
  0.00502644  0.00867467  0.00566896 -0.00381747 -0.00854327 -0.01463941
 -0.01143992 -0.01308441 -0.02095526 -0.02454141 -0.02068358 -0.0166188
 -0.01931471 -0.02323902 -0.02532993 -0.0280975  -0.02290849 -0.02783356
 -0.02695254 -0.03010405 -0.0482532  -0.02643774 -0.02361053 -0.03180767
 -0.03100173 -0.02055524 -0.01636997 -0.01548151 -0.02315329 -0.02062796
 -0.00874774 -0.01219347 -0.0025617   0.00634112  0.00485943  0.00275603
  0.00170031  0.00587158  0.00199372 -0.00200606  0.00757473  0.00982358
 -0.0053864  -0.00149287 -0.00257853  0.00205737 -0.00626534 -0.01101602
 -0.00760399 -0.01183301 -0.01985864 -0.01985864 -0.01985864 -0.01985864
 -0.01985864 -0.01985864 -0.01985864 -0.01985864 -0.01985864 -0.01985864
 -0.01985864 -0.01985864 -0.01985864 -0.01985864 -0.01985864 -0.01985864]",467953
1086495377,Vip-IRES-Cre,False,familiar,"[-0.00357171 -0.00371766 -0.00499174 -0.00550838 -0.00736838  0.00141883
  0.01609092  0.01902335  0.02766059  0.03619033  0.0371367   0.02471112
  0.0182057   0.01608211  0.00953197  0.00937594  0.00014714 -0.00512825
 -0.01227618 -0.02079083 -0.01855049 -0.03036786 -0.02348228 -0.02109938
 -0.01611199 -0.0170641  -0.01097028 -0.00749986 -0.00845633  0.00138099
  0.02044711  0.02790907  0.03295126  0.03180494  0.02359398  0.02068765
  0.01407904  0.01047057  0.01665892  0.01011175  0.00754047  0.0053643
  0.00472976 -0.00186985 -0.00480981 -0.01286702 -0.0193092  -0.01806481
 -0.02978953 -0.02805492 -0.0326952  -0.03295625 -0.0292951  -0.0289821
 -0.03641201 -0.04134302 -0.04713278 -0.05311555 -0.05304278 -0.06225811
 -0.06693871 -0.07204295 -0.08356082 -0.0838533  -0.08470778 -0.08906255
 -0.08323932 -0.08889565 -0.09056011 -0.08846621 -0.09092853 -0.09877983
 -0.09989129 -0.0961505  -0.10334068 -0.10334068 -0.10334068 -0.10334068
 -0.10334068 -0.10334068 -0.10334068 -0.10334068 -0.10334068 -0.10334068
 -0.10334068 -0.10334068 -0.10334068 -0.10334068 -0.10334068 -0.10334068]",467953
1086495377,Vip-IRES-Cre,False,novel,"[-0.01357703 -0.01433648 -0.02108352 -0.02159428 -0.02236369 -0.0299258
 -0.03423694 -0.04414441 -0.05039441 -0.04916389 -0.02831591  0.00019391
  0.01498302  0.02504938  0.03094373  0.03901386  0.04283497  0.04124458
  0.04187347  0.02807115  0.02929834  0.02051056  0.00301045  0.00538072
  0.00935367  0.0056231   0.00480717  0.00339721 -0.00337422 -0.01307871
 -0.02225538 -0.02035528 -0.0015502   0.02351111  0.0419515   0.0565743
  0.06724034  0.06585071  0.07975021  0.08875354  0.08847828  0.088459
  0.08490097  0.07520799  0.06295104  0.05651845  0.04050888  0.03402704
  0.03099486  0.01428586  0.0092838   0.0010162  -0.01397137 -0.02069375
 -0.00779639  0.00764874  0.0176509   0.03085963  0.03988477  0.04426562
  0.04907291  0.05200158  0.0484661   0.0407589   0.03406092  0.02960052
  0.01611328  0.01218383  0.01107675 -0.00070632 -0.00405261 -0.01673757
 -0.02445676 -0.03088557 -0.02884402 -0.02884402 -0.02884402 -0.02884402
 -0.02884402 -0.02884402 -0.02884402 -0.02884402 -0.02884402 -0.02884402
 -0.02884402 -0.02884402 -0.02884402 -0.02884402 -0.02884402 -0.02884402]",467953
1086495377,Vip-IRES-Cre,True,familiar,"[-0.00247087 -0.00193939  0.00322764  0.00591141  0.00748699  0.00986058
  0.00537254  0.01169291  0.01918863  0.02550728  0.03771885  0.03832232
  0.02320772  0.02141952  0.01385858  0.00155118  0.00970454  0.00341877
 -0.01520939 -0.02558798 -0.02632665 -0.02449006 -0.03036836 -0.0245968
 -0.02776882 -0.0282852  -0.0111329  -0.01030193 -0.00663808 -0.00233301
  0.00344651  0.01406835  0.02044095  0.02160487  0.01937627  0.02292355
  0.02713039  0.02403176  0.02992883  0.04946117  0.068576    0.08365904
  0.11193455  0.12935377  0.14530693  0.17052236  0.19379551  0.21776789
  0.23883327  0.26510618  0.29600596  0.33744962  0.36547393  0.39466217
  0.42221498  0.41780422  0.41002622  0.39609134  0.38213506  0.36142503
  0.34534805  0.33678464  0.31890447  0.30269818  0.28488878  0.27079317
  0.26043399  0.24090752  0.2377999   0.24601614  0.22662408  0.22225191
  0.21910146  0.21216434  0.21963075  0.21963075  0.21963075  0.21963075
  0.21963075  0.21963075  0.21963075  0.21963075  0.21963075  0.21963075
  0.21963075  0.21963075  0.21963075  0.21963075  0.21963075  0.21963075]",467953
1086495377,Vip-IRES-Cre,True,novel,"[ 0.02008961  0.01853481  0.00417583 -0.00118899 -0.00731106 -0.02097029
 -0.0230265  -0.02677213 -0.0311975  -0.03465698 -0.02637887 -0.0121533
 -0.00032062  0.01337786  0.02930882  0.03722364  0.03165319  0.03312322
  0.01880168  0.020004    0.01572538  0.00994744  0.0036995   0.00507871
  0.00194929 -0.0039971  -0.0156835  -0.01234764 -0.01777371 -0.02891479
 -0.03411047 -0.04908684 -0.05346389 -0.05158783 -0.05690573 -0.06530143
 -0.06720905 -0.06978935 -0.0627263  -0.06842689 -0.0599656  -0.06618232
 -0.06926325 -0.07697145 -0.06893882 -0.07326139 -0.06921253 -0.07199077
 -0.063087   -0.07013917 -0.06778693 -0.06347473 -0.0589919  -0.06064959
 -0.04467998 -0.01918509  0.00564392  0.02487411  0.03989587  0.04901273
  0.04989818  0.04575293  0.04313822  0.0365036   0.0320933   0.02691022
  0.01565672  0.01566934  0.0091489  -0.00597753 -0.01657872 -0.01469678
 -0.02817761 -0.02955563 -0.03346079 -0.03346079 -0.03346079 -0.03346079
 -0.03346079 -0.03346079 -0.03346079 -0.03346079 -0.03346079 -0.03346079
 -0.03346079 -0.03346079 -0.03346079 -0.03346079 -0.03346079 -0.03346079]",467953
1086495458,Vip-IRES-Cre,False,familiar,"[-0.00912487 -0.00858727 -0.00372551 -0.00114501  0.0083606   0.01114953
  0.01252145  0.01036556  0.01662481  0.01800454  0.01132657  0.00215014
 -0.0060147  -0.01161785 -0.00316801  0.00336276  0.00518611  0.00340479
  0.00122324 -0.00814016 -0.01540785 -0.00981962 -0.0168333  -0.01055279
 -0.00721795 -0.00549335 -0.00056313 -0.00558466  0.00576036  0.01355555
  0.01587939  0.01551358  0.02409088  0.02428832  0.02097554  0.02654953
  0.02777317  0.03391325  0.0345956   0.02943973  0.011818   -0.00253033
 -0.01827908 -0.01633243 -0.02421555 -0.03176532 -0.03313057 -0.03931494
 -0.02682631 -0.02394258 -0.01742539 -0.01810966 -0.01840001 -0.01332163
 -0.01327332 -0.02463866 -0.03363317 -0.03391828 -0.03766946 -0.03242196
 -0.0296001  -0.03552075 -0.03601042 -0.04042055 -0.04133602 -0.03589515
 -0.04002084 -0.03757692 -0.04255495 -0.04802093 -0.04219247 -0.03462208
 -0.04111635 -0.03622017 -0.02848973 -0.02848973 -0.02848973 -0.02848973
 -0.02848973 -0.02848973 -0.02848973 -0.02848973 -0.02848973 -0.02848973
 -0.02848973 -0.02848973 -0.02848973 -0.02848973 -0.02848973 -0.02848973]",467953
1086495458,Vip-IRES-Cre,False,novel,"[ 0.01695051  0.01588837  0.00692667  0.00866958  0.00830015  0.00372194
 -0.00066513 -0.00535618 -0.01297514 -0.01603986 -0.01736459 -0.01301663
 -0.0128355  -0.01330192 -0.00588644  0.00533519  0.01277533  0.01398652
  0.01966378  0.00447164  0.00402159 -0.00830047  0.00230225  0.00474319
 -0.00378418  0.00970497 -0.00242325 -0.00428618 -0.01140475 -0.00982149
 -0.01375594 -0.01850555 -0.01006835  0.00547764  0.01645309  0.0248909
  0.03679576  0.05119874  0.05944035  0.06507401  0.06326247  0.05809941
  0.0441963   0.03392474  0.01488167  0.01115949  0.0004302  -0.01850865
 -0.02042646 -0.01976797 -0.02745487 -0.03689961 -0.03957734 -0.04493184
 -0.04699217 -0.04384378 -0.04257363 -0.0418161  -0.0353055  -0.03078973
 -0.02415686 -0.01897682 -0.01982153 -0.02895045 -0.03105305 -0.03624223
 -0.0459641  -0.04949762 -0.05173054 -0.04174998 -0.05043228 -0.05257624
 -0.05414396 -0.0556118  -0.05875352 -0.05875352 -0.05875352 -0.05875352
 -0.05875352 -0.05875352 -0.05875352 -0.05875352 -0.05875352 -0.05875352
 -0.05875352 -0.05875352 -0.05875352 -0.05875352 -0.05875352 -0.05875352]",467953
1086495458,Vip-IRES-Cre,True,familiar,"[-2.07348168e-03 -2.00919132e-03 -7.02739908e-05  6.31567617e-03
  1.48314047e-03  8.10481329e-03  1.83684756e-03  5.93652651e-03
  1.11074550e-02  6.04482424e-03  2.64726198e-03 -1.80413344e-04
 -3.44314922e-03 -6.77635677e-03 -3.39337375e-03  7.22145522e-03
  1.32857665e-02  1.07285769e-02  1.55579540e-02  2.83390122e-03
 -1.82280625e-03 -4.73821297e-03 -2.36894595e-03 -8.46175320e-03
 -9.33408218e-03 -1.49826063e-02 -1.23367709e-02 -2.31517749e-03
 -8.97174049e-03 -9.82586316e-03 -6.45569142e-03  2.06630782e-03
  2.09794361e-03 -1.41574502e-03  7.31166604e-03  1.05586840e-02
  7.34884918e-03  2.23690154e-02  2.69464632e-02  1.87942774e-02
  4.30827528e-02  5.14009032e-02  5.35330473e-02  7.51027596e-02
  6.29629783e-02  9.24790188e-02  8.43854166e-02  9.94934971e-02
  9.56878952e-02  9.96499283e-02  1.09037080e-01  1.36105860e-01
  1.53727934e-01  1.67183682e-01  1.81528923e-01  1.69591786e-01
  1.59040793e-01  1.43918294e-01  1.39889889e-01  1.43949125e-01
  1.52065101e-01  1.52716872e-01  1.49744135e-01  1.33578007e-01
  1.11554481e-01  1.07526698e-01  9.21305236e-02  8.41160748e-02
  6.26382833e-02  8.06494807e-02  5.96107669e-02  4.65626735e-02
  4.57764599e-02  5.85105034e-02  5.56178482e-02  5.56178482e-02
  5.56178482e-02  5.56178482e-02  5.56178482e-02  5.56178482e-02
  5.56178482e-02  5.56178482e-02  5.56178482e-02  5.56178482e-02
  5.56178482e-02  5.56178482e-02  5.56178482e-02  5.56178482e-02
  5.56178482e-02  5.56178482e-02]",467953
1086495458,Vip-IRES-Cre,True,novel,"[ 0.01210291  0.00991314 -0.00677101  0.00747523  0.00797357  0.00113275
 -0.00745728 -0.01150565 -0.01296816 -0.02202995 -0.02698642 -0.02777124
 -0.01584288 -0.00455897  0.00251242  0.01109245  0.02572252  0.02615014
  0.01801676  0.01915981  0.00547055  0.00147092 -0.00339596 -0.00593437
  0.00613162  0.01366487  0.00107031  0.0010814  -0.00528357 -0.01963589
 -0.01850646 -0.01410298 -0.01470246 -0.01644051 -0.01891122 -0.01697743
 -0.02287452 -0.02509776 -0.02651835 -0.02809859 -0.02526576 -0.02490301
 -0.02877725 -0.0248774  -0.03147262 -0.03085549 -0.03122331 -0.02651915
 -0.01045009 -0.01205646 -0.016643   -0.00799766 -0.00563918  0.00072622
  0.00652543  0.0102443   0.01781825  0.02599912  0.03491221  0.03832693
  0.04269471  0.04251506  0.0411003   0.03590183  0.02321616  0.02427485
  0.02685984  0.00697601  0.01006713 -0.00957488 -0.01667797 -0.01483107
 -0.02094554 -0.02898012 -0.03920717 -0.03920717 -0.03920717 -0.03920717
 -0.03920717 -0.03920717 -0.03920717 -0.03920717 -0.03920717 -0.03920717
 -0.03920717 -0.03920717 -0.03920717 -0.03920717 -0.03920717 -0.03920717]",467953
1086495538,Vip-IRES-Cre,False,familiar,"[-3.08759697e-04  7.90797889e-05  2.28986547e-03 -3.47295764e-03
  2.97364538e-03  3.38384041e-03  8.15683936e-03  9.44100744e-03
  8.60291874e-03  2.54617634e-03 -1.72458225e-03 -9.89493758e-03
 -1.39064141e-02 -1.04299036e-02 -8.52634619e-03 -4.04367007e-03
  7.81672583e-04  2.01170200e-03 -3.58632480e-03 -1.52319037e-02
 -1.72474417e-02 -4.63427243e-03 -5.90589695e-03 -7.50430584e-03
  3.01581703e-03  1.09939938e-02  1.18535924e-02  1.32173166e-02
  1.28312191e-02  1.42390303e-02  8.07832037e-03  6.27603823e-03
  7.37436665e-03  6.60143341e-03  2.85552853e-03  7.33098282e-04
  5.83564906e-03  4.56670056e-03 -6.63189441e-04 -2.55937364e-03
 -3.18320763e-03 -9.65604135e-03 -1.58260681e-02 -1.36091538e-02
 -1.94616594e-02 -2.60271569e-02 -1.42419611e-02 -1.78192899e-02
 -1.98090928e-02 -2.42238078e-02 -2.21911130e-02 -1.89354035e-02
 -1.84191097e-02 -2.51659707e-02 -2.61740338e-02 -2.84491606e-02
 -2.66365256e-02 -2.77919541e-02 -3.14106784e-02 -2.76836507e-02
 -2.25771901e-02 -2.46909443e-02 -2.88815473e-02 -2.40088332e-02
 -2.55275371e-02 -2.88365523e-02 -2.41457939e-02 -2.57707374e-02
 -2.03692169e-02 -7.60352598e-03 -2.25609755e-02 -1.44229633e-02
 -1.95468154e-02 -1.70747133e-02 -1.63345148e-02 -1.63345148e-02
 -1.63345148e-02 -1.63345148e-02 -1.63345148e-02 -1.63345148e-02
 -1.63345148e-02 -1.63345148e-02 -1.63345148e-02 -1.63345148e-02
 -1.63345148e-02 -1.63345148e-02 -1.63345148e-02 -1.63345148e-02
 -1.63345148e-02 -1.63345148e-02]",467953
1086495538,Vip-IRES-Cre,False,novel,"[-0.00314249 -0.00260258  0.00120768 -0.00511576 -0.0078207  -0.0002827
  0.00298921  0.00406684 -0.00273599  0.00161715 -0.00237577 -0.0026685
  0.00570093  0.00866594  0.00689495  0.00580697  0.00967534 -0.00019977
  0.00173133 -0.01073865 -0.0037397  -0.00038141 -0.00429104 -0.00939067
 -0.00306615  0.00624928  0.0039123  -0.0030142   0.00168552  0.00136265
  0.00099175  0.00527812  0.00663257  0.01455916  0.02606569  0.0343932
  0.03143105  0.02909602  0.02042971  0.01763121  0.01154048  0.00390095
 -0.01072025 -0.02680931 -0.01693545 -0.03450884 -0.03147534 -0.02319729
 -0.03670927 -0.0366931  -0.0363573  -0.04085588 -0.04617764 -0.04729444
 -0.04515879 -0.04468127 -0.04022697 -0.03599994 -0.02768867 -0.03483617
 -0.03883358 -0.03412481 -0.03700647 -0.03527573 -0.03538827 -0.03573194
 -0.04200833 -0.03534893 -0.03928078 -0.03472477 -0.03055243 -0.03666918
 -0.03487613 -0.04048261 -0.03308529 -0.03308529 -0.03308529 -0.03308529
 -0.03308529 -0.03308529 -0.03308529 -0.03308529 -0.03308529 -0.03308529
 -0.03308529 -0.03308529 -0.03308529 -0.03308529 -0.03308529 -0.03308529]",467953
1086495538,Vip-IRES-Cre,True,familiar,"[-0.0004238   0.00139663  0.01545469  0.00510198  0.01146728  0.00435914
  0.01343586  0.01107899  0.01189328  0.00362722 -0.00300149 -0.00572134
 -0.00935234 -0.01015346 -0.00569235 -0.00410784 -0.00315309 -0.00259261
 -0.01261345 -0.01504995 -0.00735652 -0.00611961 -0.00313563 -0.0036982
  0.00309191  0.00376989  0.00274468  0.0058143  -0.00171229  0.00064813
  0.01076845  0.01104834  0.00851661  0.00471846  0.00310813  0.01191047
  0.01436803  0.00689768  0.01985722  0.01827293  0.0199313   0.02404006
  0.03100824  0.03365505  0.03243788  0.03975299  0.04542459  0.04863408
  0.04791723  0.05613673  0.05958769  0.07187355  0.07563674  0.07319762
  0.06423569  0.06392555  0.05467097  0.03880618  0.04015395  0.03704971
  0.03793379  0.03883065  0.03388738  0.03611253  0.0355479   0.02255293
  0.03043412  0.02075607  0.02858125  0.01224285  0.02602056  0.02781664
  0.01823045  0.01357661  0.02875147  0.02875147  0.02875147  0.02875147
  0.02875147  0.02875147  0.02875147  0.02875147  0.02875147  0.02875147
  0.02875147  0.02875147  0.02875147  0.02875147  0.02875147  0.02875147]",467953
1086495538,Vip-IRES-Cre,True,novel,"[ 0.01023688  0.0097847   0.00501338 -0.00058723 -0.00073373  0.00595868
 -0.00245255 -0.0009682   0.00022553 -0.00758433 -0.01014688 -0.01104403
 -0.00541923 -0.00896321 -0.00204045 -0.00282283 -0.00457719 -0.00820034
 -0.00679413 -0.00765911  0.00568188  0.00403957 -0.0105703   0.00546834
  0.00466469 -0.00357707  0.00437515  0.00645183  0.01529615  0.01694402
  0.01096876  0.00961138  0.00961272  0.00819926  0.01308029  0.00652683
  0.00263191  0.00602127  0.00368481  0.00871038  0.01039841  0.02091013
  0.01446572  0.01433332  0.02284167  0.0311632   0.02057382  0.02803026
  0.02534333  0.03023087  0.03648026  0.04911958  0.05215706  0.05797064
  0.0594654   0.05647116  0.06348859  0.05993585  0.05598872  0.05370941
  0.05042774  0.03747644  0.03080148  0.03446283  0.02431416  0.02185904
  0.01671154  0.00587704  0.01287406  0.00575204 -0.00246896 -0.01516589
 -0.00785918 -0.01920023 -0.02299909 -0.02299909 -0.02299909 -0.02299909
 -0.02299909 -0.02299909 -0.02299909 -0.02299909 -0.02299909 -0.02299909
 -0.02299909 -0.02299909 -0.02299909 -0.02299909 -0.02299909 -0.02299909]",467953
1086495646,Vip-IRES-Cre,False,novel,"[ 0.00620114  0.00570946 -0.00024949 -0.0093611  -0.00756262 -0.01296223
 -0.01551926 -0.01554553 -0.01794736 -0.02397495 -0.01816357  0.00046839
  0.00818628  0.01091171  0.01428875  0.01951162  0.0214873   0.02488775
  0.02196564  0.0081308   0.01304113  0.0122019   0.00649442  0.00437653
 -0.00164926 -0.00286966 -0.00912447 -0.01250262 -0.01310999 -0.0173207
 -0.01627746 -0.01416485  0.00215458  0.03276421  0.05494561  0.06582648
  0.07300698  0.07122402  0.07394419  0.06977507  0.06190515  0.05000268
  0.05254598  0.03373304  0.02571269  0.01534115  0.01523555  0.00794359
  0.00213436  0.00132873  0.00176724 -0.00557279 -0.01162133 -0.01559491
 -0.01567238 -0.00297671  0.00843786  0.01353388  0.01574375  0.01340398
  0.012352    0.01034208  0.01386809  0.0135092   0.00890264  0.00074191
 -0.01319795 -0.01128051 -0.01178233 -0.0100022  -0.01285441 -0.01878439
 -0.02164848 -0.02522901 -0.02207111 -0.02207111 -0.02207111 -0.02207111
 -0.02207111 -0.02207111 -0.02207111 -0.02207111 -0.02207111 -0.02207111
 -0.02207111 -0.02207111 -0.02207111 -0.02207111 -0.02207111 -0.02207111]",467953
1086495646,Vip-IRES-Cre,True,novel,"[ 0.00187913  0.0023458   0.00526298 -0.00184137 -0.00271473 -0.00129423
 -0.00703461 -0.01284846 -0.01590716 -0.0131202  -0.0117594   0.00125813
  0.01305609  0.02247697  0.01687804  0.01866574  0.01833688  0.01715995
  0.01547515  0.01078294  0.01477155  0.00410927 -0.005941   -0.00867596
 -0.00945355 -0.00426502 -0.00883107 -0.01290254 -0.02076311 -0.02510621
 -0.02754882 -0.02776038 -0.03035496 -0.03594429 -0.03958829 -0.03358834
 -0.04081184 -0.04574938 -0.04393886 -0.04359277 -0.04102582 -0.03747365
 -0.03639378 -0.04410563 -0.04407726 -0.04173039 -0.04184034 -0.04606784
 -0.04151553 -0.04552875 -0.049715   -0.04378007 -0.0423609  -0.03581499
 -0.03515155 -0.02198663  0.00375584  0.01639714  0.02548466  0.026702
  0.02330919  0.01913447  0.01795238  0.01558264  0.00077687  0.00175602
 -0.00563629 -0.01029798 -0.01662462 -0.01447048 -0.01779397 -0.02428096
 -0.02478699 -0.02791219 -0.03196203 -0.03196203 -0.03196203 -0.03196203
 -0.03196203 -0.03196203 -0.03196203 -0.03196203 -0.03196203 -0.03196203
 -0.03196203 -0.03196203 -0.03196203 -0.03196203 -0.03196203 -0.03196203]",467953
1086495728,Vip-IRES-Cre,False,familiar,"[ 1.92801862e-03  1.99295885e-03  1.79255179e-03 -2.29830077e-03
 -9.92278281e-04 -3.02633567e-03 -2.85741719e-05  5.03450239e-04
  4.66678794e-03  5.15422170e-03  2.77937656e-03 -1.36216936e-03
 -2.59703818e-03 -3.36053335e-03 -5.48837696e-03 -7.94588838e-03
 -3.79886220e-03 -5.03264564e-03  1.88223381e-03  8.21098460e-04
 -1.60178073e-03 -3.00811804e-03 -1.14845220e-02 -3.51924087e-03
  9.19561856e-04  3.13615833e-03  4.20802727e-03  7.86848915e-03
  6.03502283e-03  1.18567072e-02  5.23213660e-03 -1.41974992e-03
  3.54998541e-03  1.58187438e-03 -3.26251148e-03 -2.81492369e-03
 -2.28120322e-03 -3.11557907e-03  3.71267080e-03  1.25521204e-02
  6.10370947e-03 -5.31477935e-04  1.28662463e-04  2.89335193e-03
  1.27149862e-03 -1.10321080e-03  1.41992785e-03 -1.01166929e-02
  1.39257354e-03 -4.65120007e-03 -3.68047851e-03  2.67504967e-03
 -9.26710105e-04 -5.68936573e-03 -2.97858647e-03 -2.05534266e-03
 -3.81434363e-03 -7.77415205e-03 -1.35636531e-02 -1.09118039e-02
 -6.29361876e-03 -1.36606297e-03  2.49546415e-03 -3.18513820e-04
 -4.83138884e-03 -3.06409096e-03 -3.54517154e-03 -9.00744383e-03
 -7.90285858e-03 -8.26520887e-03 -7.01747446e-04  2.98107261e-03
 -5.93819782e-03 -1.03051402e-02 -1.08110611e-02 -1.08110611e-02
 -1.08110611e-02 -1.08110611e-02 -1.08110611e-02 -1.08110611e-02
 -1.08110611e-02 -1.08110611e-02 -1.08110611e-02 -1.08110611e-02
 -1.08110611e-02 -1.08110611e-02 -1.08110611e-02 -1.08110611e-02
 -1.08110611e-02 -1.08110611e-02]",467953
1086495728,Vip-IRES-Cre,True,familiar,"[ 0.01106042  0.00939763 -0.00450044  0.00198513  0.00807467  0.00890416
  0.00374157  0.00589146  0.01332659  0.00640574 -0.00162353 -0.00785508
 -0.00379765  0.00366405 -0.00445554 -0.0127621  -0.00504157  0.00210952
 -0.0034003  -0.00289479 -0.00595439 -0.00115981  0.01105133 -0.00410201
 -0.0105376  -0.00835389 -0.00038712 -0.00641352 -0.00351622  0.0011433
 -0.00443588 -0.0029897   0.00128172  0.00659952  0.01030939  0.00742217
  0.01208484  0.01308032  0.01189041  0.01905526  0.02086266  0.01772685
  0.01250028  0.01500608  0.03521149  0.04933528  0.02794802  0.03301037
  0.03422011  0.04633985  0.0492677   0.04540742  0.05345948  0.05080062
  0.05141159  0.05189819  0.04348524  0.03569578  0.03008558  0.02655313
  0.03215451  0.0380177   0.03570694  0.03793661  0.03321864  0.02582045
  0.01855686  0.02540329  0.00898528  0.01601891  0.01351326  0.01723353
  0.02252742  0.00870099  0.00982176  0.00982176  0.00982176  0.00982176
  0.00982176  0.00982176  0.00982176  0.00982176  0.00982176  0.00982176
  0.00982176  0.00982176  0.00982176  0.00982176  0.00982176  0.00982176]",467953
1086495784,Vip-IRES-Cre,False,familiar,"[-0.00547252 -0.00517501 -0.00214596  0.00085265  0.00525212  0.01010019
  0.01086872  0.01235158  0.01468287  0.00718597  0.00590416  0.00431546
 -0.00365881 -0.00699409 -0.01582073 -0.01752134 -0.01496865 -0.02107471
 -0.01641804 -0.0191526  -0.01535749 -0.01576211 -0.01412669 -0.00449846
  0.00782044  0.00920716  0.0234858   0.02030964  0.0232272   0.02258326
  0.02862312  0.02515492  0.02595301  0.01896258  0.01561308  0.01226181
  0.0022935   0.00070232  0.00287218 -0.00576281 -0.0095464  -0.00772772
 -0.01096178 -0.00946165 -0.01331639 -0.00954187 -0.01311607 -0.00729234
 -0.01643698 -0.00990698 -0.00739819 -0.0050808  -0.00977755 -0.01744862
 -0.01653608 -0.02004359 -0.01982639 -0.02355161 -0.02925112 -0.02870844
 -0.0274114  -0.03061731 -0.02832833 -0.03295841 -0.03268323 -0.03856377
 -0.0314695  -0.02654836 -0.01790728 -0.02640438 -0.02553847 -0.0223612
 -0.02219415 -0.02021873 -0.02445198 -0.02445198 -0.02445198 -0.02445198
 -0.02445198 -0.02445198 -0.02445198 -0.02445198 -0.02445198 -0.02445198
 -0.02445198 -0.02445198 -0.02445198 -0.02445198 -0.02445198 -0.02445198]",467953
1086495784,Vip-IRES-Cre,True,familiar,"[ 0.00342761  0.00320578  0.00079071 -0.00120103  0.00372703  0.01014974
  0.01035224  0.01694061  0.01621143  0.00945428  0.00775736  0.00580301
 -0.00056093 -0.0011872  -0.00375423 -0.01222951 -0.00988132 -0.00710301
 -0.00651611 -0.01188026 -0.01985218 -0.01972165 -0.00787944 -0.00181315
 -0.00573275 -0.00394451 -0.00159646  0.00703002  0.01096656  0.00903737
  0.01029854  0.01028236  0.01169009  0.01210075  0.01092012  0.00812024
  0.01089954  0.01248832  0.01987408  0.01922794  0.02481573  0.02600344
  0.03502368  0.04296307  0.04070122  0.05391324  0.04556758  0.0642833
  0.06703348  0.07666506  0.07407702  0.08307447  0.09437501  0.09177083
  0.09064856  0.08886952  0.07774519  0.06774837  0.05827939  0.05198736
  0.05432934  0.04207723  0.03701518  0.03259672  0.03047062  0.03152866
  0.03050032  0.03254217  0.03293162  0.03746265  0.03435869  0.03186996
  0.02770848  0.02886494  0.02912287  0.02912287  0.02912287  0.02912287
  0.02912287  0.02912287  0.02912287  0.02912287  0.02912287  0.02912287
  0.02912287  0.02912287  0.02912287  0.02912287  0.02912287  0.02912287]",467953
1086495925,Vip-IRES-Cre,False,familiar,"[-8.04439348e-04 -1.46002720e-03 -5.38949040e-03  5.42454541e-03
  2.27170272e-03 -1.26860564e-03  9.20476605e-04  1.84733051e-03
 -1.98536071e-03 -5.76194679e-03 -8.41799557e-03 -7.40946882e-03
 -6.04514852e-03 -6.78072283e-03 -3.82223910e-04  1.05978730e-05
 -4.43471680e-04  2.35939882e-03  9.18373376e-03  2.82915493e-03
 -5.20725164e-03  5.42813217e-03 -7.72144669e-04  8.45968196e-03
  2.19711742e-03  7.32243494e-03  1.10430270e-03 -3.07158995e-03
  2.45116847e-03  3.39010940e-03  3.69371853e-03  3.31781771e-03
  4.55490570e-03 -2.43585508e-03 -5.52865482e-04  6.78767016e-03
  6.16648805e-03  6.31800262e-03  2.04719149e-03  4.50294578e-04
  3.15746365e-03  1.23080459e-03 -8.79336673e-04  2.87013330e-04
 -7.36549168e-03 -3.06779972e-03 -7.51511234e-03 -6.64550566e-03
 -7.64976918e-03 -7.85693917e-03 -6.76277140e-03 -1.23857352e-02
 -1.62343881e-02 -1.28787527e-02 -1.65759759e-02 -1.75692059e-02
 -1.41721922e-02 -1.46945917e-02 -1.46447067e-02 -8.89015801e-03
 -7.72980852e-03 -7.96385780e-03 -7.65980821e-03 -1.12351720e-02
 -8.46707887e-03 -1.72513952e-02 -8.55017853e-03 -5.26254789e-03
 -1.14852856e-02 -7.83555071e-03 -6.92571551e-03 -1.25637022e-02
 -1.18185350e-02 -1.43535519e-02 -9.95536704e-03 -9.95536704e-03
 -9.95536704e-03 -9.95536704e-03 -9.95536704e-03 -9.95536704e-03
 -9.95536704e-03 -9.95536704e-03 -9.95536704e-03 -9.95536704e-03
 -9.95536704e-03 -9.95536704e-03 -9.95536704e-03 -9.95536704e-03
 -9.95536704e-03 -9.95536704e-03]",467953
1086495925,Vip-IRES-Cre,False,novel,"[ 0.0043002   0.00390643  0.00039681 -0.0012296  -0.00301252  0.00602874
  0.00093884 -0.00577148 -0.01098275 -0.01363418 -0.01346471 -0.01060101
 -0.00063221  0.00786856  0.01179158  0.01453953  0.00845507  0.00836481
  0.00991786  0.00492374  0.00794043  0.00434547 -0.00239697 -0.00289344
 -0.0072692  -0.01097487  0.00332697 -0.00504897 -0.00263322 -0.00649994
 -0.00868997 -0.0051931  -0.01411654 -0.00446234  0.01245334  0.025021
  0.0322009   0.03637003  0.03619501  0.03466611  0.03669617  0.03666803
  0.02789323  0.02365103  0.01829166  0.01898917  0.01447532  0.00771205
 -0.00297411 -0.00213284 -0.00551621 -0.00358617 -0.01089323 -0.01935476
 -0.02026793 -0.01596482 -0.01165661 -0.00417606  0.00359205  0.01043825
  0.00305461  0.0028129   0.00205024 -0.0019262  -0.00109718 -0.00227144
 -0.00601722 -0.00703328 -0.00834146 -0.00609845 -0.00995369 -0.015998
 -0.01925748 -0.0182486  -0.01781814 -0.01781814 -0.01781814 -0.01781814
 -0.01781814 -0.01781814 -0.01781814 -0.01781814 -0.01781814 -0.01781814
 -0.01781814 -0.01781814 -0.01781814 -0.01781814 -0.01781814 -0.01781814]",467953
1086495925,Vip-IRES-Cre,True,familiar,"[ 4.28556440e-04 -2.46078469e-05 -3.22578089e-03  8.46034541e-04
 -3.64162927e-03 -5.19145973e-03  1.31885442e-03  4.33092777e-03
 -8.64233000e-04 -1.19238237e-03 -5.49230179e-03 -3.76937008e-03
  2.67602777e-03 -1.87035043e-03 -2.31418243e-03 -2.01990840e-03
  5.02483935e-03  3.73542178e-03  2.60993220e-03  7.88996265e-03
  4.84595152e-04 -5.25001563e-03 -4.75707967e-03  1.18028127e-03
 -7.19402708e-04  2.01760997e-03  2.83640990e-03  4.79775906e-03
  1.04526584e-03 -8.89773853e-04  2.36272661e-03  2.21896798e-03
  2.68041997e-03 -2.86351669e-04  4.98370092e-04  2.34975184e-03
  2.54311525e-03 -3.12681673e-03 -7.03462156e-04  5.11682519e-03
  7.69304067e-03  1.31299130e-03  1.18886431e-02  7.96551690e-03
  1.47136116e-02  3.64710744e-03  1.58189465e-02  1.17130735e-02
  7.98469479e-03  1.49788850e-02  9.80775242e-03  1.57542134e-02
  2.31883288e-02  1.68508517e-02  1.41937073e-02  1.82266459e-02
  1.95054828e-02  1.68051474e-02  1.52265088e-02  1.82724160e-02
  1.98838511e-02  2.43968962e-02  2.41315298e-02  2.71796011e-02
  1.52610319e-02  1.57167755e-02  1.16321219e-02  1.76265791e-02
  1.54563560e-02  8.55651840e-03  1.10780740e-02  5.54124485e-03
  4.73513848e-03  7.69829023e-03  1.13074328e-02  1.13074328e-02
  1.13074328e-02  1.13074328e-02  1.13074328e-02  1.13074328e-02
  1.13074328e-02  1.13074328e-02  1.13074328e-02  1.13074328e-02
  1.13074328e-02  1.13074328e-02  1.13074328e-02  1.13074328e-02
  1.13074328e-02  1.13074328e-02]",467953
1086495925,Vip-IRES-Cre,True,novel,"[ 9.46444040e-05 -1.65373619e-03 -1.50141506e-02 -3.85603857e-03
 -1.93782470e-03 -2.19399094e-03 -4.03679398e-03 -2.84965749e-03
 -1.17932506e-02 -1.60670531e-02 -1.70961722e-02 -1.57820657e-02
 -9.19725022e-03  5.30457874e-03  8.62224002e-03  1.35044940e-02
  7.90015695e-03  1.24403368e-02  7.14329119e-03  2.27858950e-03
  1.86497081e-02  6.36397215e-03  9.28533154e-03  7.77645825e-03
  6.28070542e-03  7.15862768e-04  7.35281451e-03  1.28905359e-03
 -7.84230033e-03 -5.68195335e-03 -6.89992324e-03 -1.31798711e-02
 -1.70308533e-02 -1.72507870e-02 -1.57488033e-02 -1.79707956e-02
 -1.89752529e-02 -1.73819771e-02 -1.73650542e-02 -2.09546884e-02
 -2.07778412e-02 -1.95611570e-02 -2.02730329e-02 -2.63623659e-02
 -1.58794754e-02 -1.84972321e-02 -1.75926158e-02 -3.08383037e-02
 -2.48309657e-02 -8.59983421e-03 -1.76363149e-02 -2.07903642e-02
 -2.06888572e-02 -1.53584481e-02 -2.14950170e-02 -1.98324471e-02
 -9.53813610e-03  2.43508305e-03  1.61943125e-02  1.63423802e-02
  2.36338065e-02  3.16861452e-02  2.55696978e-02  2.27120453e-02
  1.18193952e-02  8.88227067e-03  1.51621306e-02  6.14036307e-03
  7.62136375e-03 -2.43840888e-03 -2.72420387e-03 -1.80466409e-02
 -1.13783300e-02 -1.65964991e-02 -1.38294120e-02 -1.38294120e-02
 -1.38294120e-02 -1.38294120e-02 -1.38294120e-02 -1.38294120e-02
 -1.38294120e-02 -1.38294120e-02 -1.38294120e-02 -1.38294120e-02
 -1.38294120e-02 -1.38294120e-02 -1.38294120e-02 -1.38294120e-02
 -1.38294120e-02 -1.38294120e-02]",467953
1086496018,Vip-IRES-Cre,False,novel,"[-6.59400539e-03 -5.29860832e-03  5.39240561e-03 -1.13125510e-03
 -1.32246751e-02 -8.41936958e-03 -1.00803608e-02 -1.17085457e-02
 -1.26198421e-02 -1.88094327e-02 -1.55953330e-02 -8.56583506e-03
 -1.84302002e-05  2.18613798e-03  3.77767019e-03 -4.63963568e-04
  3.43437459e-03  5.49842495e-03  1.06533063e-02  1.06641576e-02
  7.81459474e-03  9.20104838e-03  1.44677520e-02  9.98561493e-03
  1.19337670e-02  1.23459802e-02  5.23652404e-03  1.95968434e-03
 -1.79754287e-05 -2.00381081e-03 -4.68312640e-03 -6.89016660e-03
 -1.89748820e-03  1.52084505e-02  2.76418715e-02  3.23745848e-02
  3.45455735e-02  2.55888828e-02  1.89579763e-02  1.68493001e-02
  1.24554492e-02  1.07246567e-02  1.03077876e-02  1.40314880e-03
 -2.87743614e-03 -8.73140137e-03 -1.36786681e-02 -1.79212834e-02
 -2.19301944e-02 -1.88858962e-02 -2.74783729e-02 -3.62409691e-02
 -3.62541846e-02 -3.99566349e-02 -4.47543947e-02 -4.16114580e-02
 -3.45198626e-02 -3.11024259e-02 -2.62410370e-02 -2.85403802e-02
 -3.11596009e-02 -3.04785989e-02 -3.07927639e-02 -2.71813321e-02
 -2.93855315e-02 -2.75281863e-02 -2.82241489e-02 -3.13675804e-02
 -2.94308661e-02 -2.38026473e-02 -3.42420852e-02 -3.43665538e-02
 -4.32247823e-02 -3.84467647e-02 -4.23395918e-02 -4.23395918e-02
 -4.23395918e-02 -4.23395918e-02 -4.23395918e-02 -4.23395918e-02
 -4.23395918e-02 -4.23395918e-02 -4.23395918e-02 -4.23395918e-02
 -4.23395918e-02 -4.23395918e-02 -4.23395918e-02 -4.23395918e-02
 -4.23395918e-02 -4.23395918e-02]",467953
1086496018,Vip-IRES-Cre,True,novel,"[ 0.00440306  0.00375997 -0.00102628  0.00260673 -0.00389326 -0.01092878
 -0.01543622 -0.01959741 -0.01385079 -0.01003046 -0.01833523 -0.01544199
 -0.00060801  0.01214204  0.01701412  0.01841442  0.01268121  0.01571699
  0.01335456  0.01112201  0.00932344 -0.00020523  0.00443305  0.00630791
 -0.00027995  0.00528392 -0.00077999 -0.01479869 -0.00642883 -0.00492231
 -0.01775887 -0.01929398 -0.02065726 -0.01808058 -0.01926477 -0.0214397
 -0.02191927 -0.03027321 -0.02965696 -0.02377847 -0.02305551 -0.03261635
 -0.02036302 -0.02274938 -0.02965512 -0.03452081 -0.03407447 -0.0316626
 -0.03587693 -0.02909473 -0.03562962 -0.03005601 -0.03866602 -0.03950209
 -0.03676829 -0.02864836 -0.01297316  0.00249265  0.00417712  0.00997022
  0.01587428  0.01058425  0.0070153   0.01053276  0.00603259 -0.00164962
 -0.00401215 -0.00992373 -0.00384928 -0.01299461 -0.02421051 -0.02427927
 -0.02564443 -0.02370208 -0.03139055 -0.03139055 -0.03139055 -0.03139055
 -0.03139055 -0.03139055 -0.03139055 -0.03139055 -0.03139055 -0.03139055
 -0.03139055 -0.03139055 -0.03139055 -0.03139055 -0.03139055 -0.03139055]",467953
1086496225,Vip-IRES-Cre,False,familiar,"[ 0.00690935  0.0071607   0.00760552 -0.0033737  -0.0051836  -0.00615561
 -0.00872356 -0.01207059 -0.01002968 -0.00915357 -0.00250601 -0.00210464
 -0.00530905 -0.00722634 -0.00537332  0.00401009  0.00983806  0.01222125
  0.00430944  0.01305057  0.00606409  0.0121353   0.00503189  0.00978839
  0.01180678  0.00106741 -0.00358929 -0.01200516 -0.00985336 -0.00834136
 -0.01789868 -0.01311897 -0.00268106 -0.00306684 -0.00158581 -0.0026231
  0.00149057  0.00988888  0.00557012  0.00615249  0.00638863 -0.0021513
 -0.00561811 -0.00923154 -0.01006625 -0.01367467 -0.01649977 -0.02652383
 -0.02455833 -0.02266422 -0.02900287 -0.02984174 -0.03933279 -0.03896895
 -0.03573823 -0.03511475 -0.03295384 -0.0351302  -0.03377879 -0.03464018
 -0.03246377 -0.02628281 -0.02834575 -0.02925498 -0.03349941 -0.04106078
 -0.03298105 -0.02592785 -0.03116183 -0.02503651 -0.03585736 -0.02877049
 -0.03051323 -0.03231905 -0.02391071 -0.02391071 -0.02391071 -0.02391071
 -0.02391071 -0.02391071 -0.02391071 -0.02391071 -0.02391071 -0.02391071
 -0.02391071 -0.02391071 -0.02391071 -0.02391071 -0.02391071 -0.02391071]",467953
1086496225,Vip-IRES-Cre,False,novel,"[ 8.98489328e-03  7.57389472e-03 -5.28137910e-03 -8.57144499e-03
 -1.07464496e-02 -2.15751952e-02 -2.57009759e-02 -2.63032741e-02
 -3.38597801e-02 -3.58342097e-02 -2.03990095e-02  4.16622599e-05
  1.21833775e-02  2.14306066e-02  2.53888494e-02  2.68857899e-02
  2.65875030e-02  2.67786523e-02  2.72003049e-02  2.46664094e-02
  2.35718500e-02  1.87067484e-02  5.33687153e-03  4.83262187e-03
  3.11998902e-03 -5.35518008e-03 -1.40060345e-02 -1.69097777e-02
 -1.84128592e-02 -2.03344543e-02 -3.18711454e-02 -2.51371179e-02
  4.54637063e-03  3.83760002e-02  6.31112272e-02  7.06277260e-02
  7.46510475e-02  7.44754013e-02  6.98284733e-02  7.70699242e-02
  7.06213921e-02  6.38211557e-02  5.89004273e-02  4.87693351e-02
  4.07880566e-02  2.41277565e-02  2.37039316e-02  7.60223441e-03
  4.45220329e-03 -1.85284830e-03 -1.17691911e-02 -1.41129007e-02
 -2.36942537e-02 -3.07644412e-02 -2.53819166e-02 -7.98670726e-03
  3.24527190e-03  1.70207643e-02  2.24604887e-02  1.85807875e-02
  1.83131637e-02  1.71296091e-02  9.96631155e-03  2.22655121e-03
 -1.81406964e-03 -1.00808925e-02 -1.26072204e-02 -2.18772079e-02
 -2.37181360e-02 -2.69572427e-02 -3.49993419e-02 -3.24209372e-02
 -3.96307521e-02 -4.49419549e-02 -4.53589459e-02 -4.53589459e-02
 -4.53589459e-02 -4.53589459e-02 -4.53589459e-02 -4.53589459e-02
 -4.53589459e-02 -4.53589459e-02 -4.53589459e-02 -4.53589459e-02
 -4.53589459e-02 -4.53589459e-02 -4.53589459e-02 -4.53589459e-02
 -4.53589459e-02 -4.53589459e-02]",467953
1086496225,Vip-IRES-Cre,True,familiar,"[ 5.44457971e-03  6.00969068e-03  1.01728083e-02  3.95449477e-03
  1.16880408e-03  4.76941330e-03 -1.64671879e-03  3.45151137e-03
  3.27096171e-04 -4.55361247e-03 -3.18290115e-03 -2.64898669e-03
 -1.32475939e-03 -1.92859449e-03 -1.42792386e-03  3.75767084e-03
  9.15463979e-03  9.63248647e-03  7.05974925e-03 -2.09506309e-03
 -1.60323207e-03  1.61418578e-03 -8.09997124e-04 -6.63944648e-03
 -1.02310968e-02 -1.00219572e-02 -8.71855657e-03  3.90237522e-03
 -3.19210857e-03 -1.03945510e-02 -9.73844264e-03 -1.26030493e-02
 -5.49664912e-03 -5.62525208e-03 -3.29821168e-03 -7.66927219e-05
 -5.81678936e-04  1.56205926e-03  5.13826119e-04  4.31618909e-03
  2.57313896e-03  2.16912531e-02  2.10393999e-02  1.66300693e-02
  3.21379918e-02  2.91620132e-02  3.50150380e-02  4.04410029e-02
  5.11509254e-02  6.30869395e-02  6.01051488e-02  6.81440628e-02
  6.65573695e-02  6.00098147e-02  7.55898274e-02  8.75093589e-02
  7.79272820e-02  6.98845352e-02  7.15772373e-02  7.66967780e-02
  8.11675971e-02  8.51566021e-02  8.85662017e-02  8.98361787e-02
  9.58720834e-02  8.92289929e-02  9.04267645e-02  9.63261719e-02
  9.05597931e-02  8.23427217e-02  8.34279711e-02  7.32848220e-02
  6.66490813e-02  6.43446151e-02  6.95974910e-02  6.95974910e-02
  6.95974910e-02  6.95974910e-02  6.95974910e-02  6.95974910e-02
  6.95974910e-02  6.95974910e-02  6.95974910e-02  6.95974910e-02
  6.95974910e-02  6.95974910e-02  6.95974910e-02  6.95974910e-02
  6.95974910e-02  6.95974910e-02]",467953
1086496225,Vip-IRES-Cre,True,novel,"[ 0.0098439   0.0091695   0.00180821 -0.00983678 -0.02156206 -0.01955188
 -0.02403286 -0.03424816 -0.03525949 -0.03354826 -0.02888161 -0.01284498
  0.00728845  0.02590751  0.02877824  0.0391057   0.03401571  0.04116701
  0.03366992  0.02901291  0.01155786  0.01474074  0.00314384  0.00250137
  0.01628491 -0.00794296 -0.01564862 -0.01451692 -0.02177513 -0.02834604
 -0.0339691  -0.03919127 -0.04394132 -0.04622787 -0.04750387 -0.0486866
 -0.05215441 -0.05123372 -0.05612049 -0.05956748 -0.06305806 -0.05440963
 -0.05365805 -0.0598834  -0.057159   -0.05399575 -0.04923683 -0.05591546
 -0.05265987 -0.04916478 -0.04967684 -0.04973566 -0.05467096 -0.0523865
 -0.03271672 -0.00914106  0.0095018   0.03056974  0.03894015  0.05016245
  0.04843371  0.04194984  0.04381812  0.03443934  0.03434914  0.03136126
  0.02333792  0.01315935  0.00126761 -0.0077512  -0.00863891 -0.00575012
 -0.01544321 -0.0182809  -0.03718644 -0.03718644 -0.03718644 -0.03718644
 -0.03718644 -0.03718644 -0.03718644 -0.03718644 -0.03718644 -0.03718644
 -0.03718644 -0.03718644 -0.03718644 -0.03718644 -0.03718644 -0.03718644]",467953
1086496286,Vip-IRES-Cre,False,familiar,"[-0.00428829 -0.00327304  0.00552386  0.00291149 -0.00101474  0.00242786
 -0.00197258  0.00226865  0.00182185 -0.00840155 -0.00620654 -0.00108808
 -0.0037834  -0.00852001 -0.00621251 -0.00303472  0.00364513  0.00766707
  0.00799769 -0.00158084  0.00791633 -0.00081426  0.00181325 -0.00477204
  0.00476151  0.00422296  0.00046189 -0.00153413  0.00229532  0.00076186
  0.00148375  0.00668019  0.00815673  0.00081343 -0.00175308 -0.00475463
 -0.00058716  0.00584978  0.00136384  0.00677849  0.00164815  0.00222188
  0.00538801 -0.00356463 -0.00569835 -0.00109647 -0.00669929 -0.01183508
 -0.01426696 -0.0090329   0.00155412 -0.00448073 -0.00904161 -0.00891635
 -0.00852063 -0.00844911 -0.01291992 -0.01373597 -0.01504079 -0.01373001
 -0.00548546 -0.00562021 -0.00668586 -0.01318826 -0.00578625 -0.00112219
 -0.00051657 -0.00078854 -0.01056983 -0.00274783 -0.00692275 -0.00727876
 -0.00134362 -0.00788899 -0.01439796 -0.01439796 -0.01439796 -0.01439796
 -0.01439796 -0.01439796 -0.01439796 -0.01439796 -0.01439796 -0.01439796
 -0.01439796 -0.01439796 -0.01439796 -0.01439796 -0.01439796 -0.01439796]",467953
1086496286,Vip-IRES-Cre,True,familiar,"[-0.00134168 -0.00045625  0.00845366  0.01326672  0.00615451  0.00611512
  0.01189784  0.00286941 -0.00015059 -0.00429261 -0.00205261 -0.00174008
 -0.00538228 -0.0065516  -0.00558492 -0.00685005  0.00169734  0.00628047
  0.0008836  -0.00031817  0.00546647 -0.00083928 -0.00041152 -0.00607033
 -0.00541386 -0.00331313 -0.00483131 -0.00048143 -0.00496858 -0.00203487
 -0.00130918  0.00429106  0.00452564  0.00293162  0.00248593  0.00083944
  0.00418225  0.00412285  0.00598708  0.00732196  0.00896856  0.01164552
  0.01542664  0.01647231  0.02798222  0.03009277  0.02686727  0.02746826
  0.04739533  0.04652911  0.05450145  0.0459674   0.05050099  0.0500666
  0.05409058  0.04454779  0.04247197  0.04219076  0.03209359  0.03657372
  0.03847794  0.03429738  0.0340148   0.03841265  0.03778266  0.0219097
  0.01636735  0.01759081  0.01061795  0.01675034  0.01438073  0.00979237
  0.00514212  0.00776551  0.01004159  0.01004159  0.01004159  0.01004159
  0.01004159  0.01004159  0.01004159  0.01004159  0.01004159  0.01004159
  0.01004159  0.01004159  0.01004159  0.01004159  0.01004159  0.01004159]",467953
1086496359,Vip-IRES-Cre,False,familiar,"[ 0.00544771  0.00563849  0.00699775  0.00448098  0.00255009  0.00379303
  0.00197203 -0.00405396 -0.00625827 -0.00722447 -0.00748579 -0.00787925
 -0.0076606  -0.00998851 -0.01031096 -0.0019521   0.00016175  0.00487007
 -0.00248803 -0.00050321  0.00129033  0.00177911 -0.00157711  0.00967778
  0.00393466  0.00422549  0.00228423  0.00326967  0.00312844  0.00188062
  0.00144198 -0.00189519 -0.00432389 -0.00049827 -0.00082079 -0.00269427
 -0.00523502 -0.00120286  0.00069997 -0.00048808 -0.00176281 -0.00039913
  0.00040432 -0.00155369 -0.0062345  -0.00358611 -0.00827836 -0.0086301
 -0.01126638 -0.00830665 -0.00889411 -0.00858418 -0.01442847 -0.01546542
 -0.01331049 -0.01881905 -0.01830381 -0.01831225 -0.01970309 -0.01425678
 -0.01156223 -0.0122181  -0.01136406 -0.00910999 -0.00699069 -0.00893702
 -0.00920741 -0.013386   -0.00805177 -0.00748609 -0.01059242 -0.01215138
 -0.00871541 -0.01085339 -0.01003289 -0.01003289 -0.01003289 -0.01003289
 -0.01003289 -0.01003289 -0.01003289 -0.01003289 -0.01003289 -0.01003289
 -0.01003289 -0.01003289 -0.01003289 -0.01003289 -0.01003289 -0.01003289]",467953
1086496359,Vip-IRES-Cre,False,novel,"[ 1.07303488e-02  1.03912812e-02  5.67542491e-03 -4.95005639e-03
 -6.35536343e-03 -6.85686068e-03 -6.96702978e-03 -9.78336905e-03
 -1.45373387e-02 -1.42265088e-02 -1.24400606e-02 -7.17517895e-03
 -7.09511521e-03 -4.36966052e-03 -2.97933610e-03  1.94388196e-03
  7.17032220e-03  3.65207281e-03  5.83112147e-03  7.44968763e-03
  6.95446029e-03  7.80337252e-03  4.04895381e-03  9.93982553e-03
  2.47407177e-03  1.13522432e-02  2.02716478e-03 -1.37195640e-03
  1.62597989e-03  3.76218911e-05 -7.58807028e-03 -9.22289825e-03
 -2.93945309e-03 -3.03005815e-04  5.56636425e-03  9.34065468e-03
  1.23967066e-02  1.31595579e-02  8.40721130e-03  1.68953742e-02
  1.53885410e-02  7.55460227e-03  5.43318930e-03  3.32471849e-03
 -7.66793649e-03 -1.27276273e-02 -1.94905404e-02 -2.43024303e-02
 -1.81803593e-02 -2.24335305e-02 -2.92162016e-02 -3.19246848e-02
 -3.16828462e-02 -3.77945451e-02 -3.45121252e-02 -3.02501386e-02
 -2.81781803e-02 -2.39854333e-02 -2.46845437e-02 -2.51481386e-02
 -2.73901085e-02 -2.27904389e-02 -2.06181798e-02 -1.74155103e-02
 -1.83040142e-02 -1.72731077e-02 -1.89476114e-02 -2.86696662e-02
 -2.25849984e-02 -2.56695492e-02 -2.50055491e-02 -3.02939277e-02
 -3.34292801e-02 -3.17173928e-02 -2.61159704e-02 -2.61159704e-02
 -2.61159704e-02 -2.61159704e-02 -2.61159704e-02 -2.61159704e-02
 -2.61159704e-02 -2.61159704e-02 -2.61159704e-02 -2.61159704e-02
 -2.61159704e-02 -2.61159704e-02 -2.61159704e-02 -2.61159704e-02
 -2.61159704e-02 -2.61159704e-02]",467953
1086496359,Vip-IRES-Cre,True,familiar,"[ 5.14571170e-03  4.92498729e-03  3.28007295e-03  5.62328222e-03
  5.42863979e-03 -9.78938405e-04  3.31559095e-03  4.83795727e-03
 -2.82704087e-03 -2.95614727e-03 -1.34728062e-04 -4.34320570e-03
 -7.77651917e-03 -6.01483634e-03 -8.71074468e-03 -5.84062635e-03
  4.67804058e-03  5.92174767e-03  4.92650402e-03  2.40751848e-04
 -5.40594595e-04  1.57658545e-03  3.94001579e-03 -3.31685221e-03
 -3.10369527e-03 -2.35526968e-03 -2.20768057e-03 -5.34498329e-05
  5.24567343e-04 -3.20412586e-03 -5.62204788e-04  8.22795075e-04
 -3.00684956e-03  3.81038784e-03  2.87949725e-03 -1.56199295e-03
 -1.61647967e-03  1.67100974e-03  1.97393650e-03  4.65882302e-03
  8.12187523e-03  1.04760451e-02  1.09501265e-02  6.98371348e-03
  1.25084749e-02  1.44708257e-02  1.29926525e-02  1.14619509e-02
  1.68230814e-02  2.05033909e-02  2.27503132e-02  2.56527877e-02
  2.23218819e-02  2.47841354e-02  2.40718919e-02  2.54584072e-02
  2.04100819e-02  1.37430568e-02  1.52891426e-02  1.27273671e-02
  2.09270945e-02  2.48715718e-02  2.10536530e-02  2.53519462e-02
  2.12102047e-02  1.91107688e-02  2.14761706e-02  1.65351874e-02
  2.13804042e-02  1.52969561e-02  1.18839255e-02  8.78701331e-03
  1.71281482e-03  3.66663806e-03 -3.97956231e-03 -3.97956231e-03
 -3.97956231e-03 -3.97956231e-03 -3.97956231e-03 -3.97956231e-03
 -3.97956231e-03 -3.97956231e-03 -3.97956231e-03 -3.97956231e-03
 -3.97956231e-03 -3.97956231e-03 -3.97956231e-03 -3.97956231e-03
 -3.97956231e-03 -3.97956231e-03]",467953
1086496359,Vip-IRES-Cre,True,novel,"[-0.00333646 -0.00280865  0.00196605  0.00164025 -0.00083378  0.006358
 -0.00639292 -0.00798766 -0.00552323 -0.00804503 -0.01059608 -0.00578737
 -0.00423228  0.00427362  0.00362274  0.00161259  0.00428757  0.01531375
  0.01214288  0.00919029  0.00689351  0.0131207   0.00504856 -0.00140724
  0.00282762 -0.00525599 -0.0047635  -0.00067946 -0.00875189 -0.01189656
 -0.01368268 -0.01645304 -0.01548624 -0.02452455 -0.02551571 -0.02771055
 -0.02614319 -0.02745925 -0.02956455 -0.02923401 -0.02674597 -0.02455989
 -0.02209865 -0.03478841 -0.01584462 -0.0238208  -0.01974697 -0.02061882
 -0.01715434 -0.01041611 -0.01979277 -0.0128639  -0.01012546 -0.00521271
 -0.00432578 -0.0090668  -0.00012433  0.00115966  0.00251458  0.00911357
  0.00949815  0.01120449  0.01914576  0.01971269  0.01563719  0.00691227
  0.00907553  0.01132172 -0.00667791 -0.00778597 -0.0043831  -0.02005427
 -0.02718028 -0.02010055 -0.024517   -0.024517   -0.024517   -0.024517
 -0.024517   -0.024517   -0.024517   -0.024517   -0.024517   -0.024517
 -0.024517   -0.024517   -0.024517   -0.024517   -0.024517   -0.024517  ]",467953
1086496368,Sst-IRES-Cre,False,novel,"[-6.21250645e-03 -5.54081104e-03 -4.43217350e-04 -5.50833975e-03
 -5.36504749e-03  6.29341772e-04 -4.17977106e-03  1.85859225e-03
 -8.74443200e-04 -8.75705824e-03 -8.22569402e-03 -3.69107712e-03
  5.85551551e-04  7.07881474e-04  8.91295850e-03  1.55002401e-02
  1.26358161e-02  9.28719603e-03  3.14681465e-03  4.13489592e-03
 -2.46658779e-03 -1.14352212e-03 -8.31101239e-05 -3.15047662e-03
 -1.08415469e-03  9.15677687e-03 -1.36461716e-03 -1.32517963e-03
 -3.62993461e-03 -3.51051676e-03  4.34247872e-04 -2.69623218e-03
 -3.13297486e-03  3.71868700e-03  9.95098842e-03  5.73883918e-03
  1.17176265e-02  1.78696519e-02  1.27869552e-02  1.10636949e-02
  1.37090335e-02  1.14435388e-02  7.87695588e-03  3.87058280e-03
  1.41154006e-02  8.52740147e-03  1.13944714e-02 -6.95881824e-03
  1.24034426e-02  3.38444374e-03 -3.01131107e-03  9.94573430e-03
  5.02053290e-03  2.81845289e-03 -6.11271415e-03  4.83837814e-04
  5.91300479e-03  1.27930189e-02  1.61445490e-02  1.67770510e-02
  1.90400688e-02  1.91369846e-02  2.75337895e-02  1.52338520e-02
  2.07438212e-02  4.16121752e-03  8.93571953e-03  1.49530558e-02
  4.59220513e-03  8.21076805e-05  3.65432170e-03  2.04426641e-03
 -5.49871592e-03 -3.81534480e-03 -5.73673843e-03 -5.73673843e-03
 -5.73673843e-03 -5.73673843e-03 -5.73673843e-03 -5.73673843e-03
 -5.73673843e-03 -5.73673843e-03 -5.73673843e-03 -5.73673843e-03
 -5.73673843e-03 -5.73673843e-03 -5.73673843e-03 -5.73673843e-03
 -5.73673843e-03 -5.73673843e-03]",476970
1086496368,Sst-IRES-Cre,True,novel,"[ 5.01219465e-03  3.33006982e-03 -1.00682524e-02 -1.35526433e-03
  6.15826393e-04 -6.01997338e-03  2.74637322e-03 -2.74637711e-03
 -9.85207851e-03 -1.14251849e-02 -1.02955629e-02 -6.59163661e-03
  4.01402419e-03  6.46886823e-03  1.93486709e-03  7.60959073e-03
  6.19912647e-03  2.68523013e-03  1.11375826e-04  4.31470364e-03
  1.12687617e-02  5.23402037e-03 -8.70741039e-03  3.60983754e-03
  1.23947550e-02 -6.56633944e-03 -2.57578104e-04  1.08495040e-03
  1.59314457e-03 -6.34206186e-03 -1.23490139e-02 -3.16571919e-03
  4.62956812e-03 -4.17397655e-03 -8.09037090e-03 -3.50605110e-03
  3.93886154e-03  1.52438076e-03  1.88378303e-03  1.37525208e-02
 -1.49019236e-03  9.12427624e-03  6.50148882e-03 -3.28617406e-03
 -4.72793091e-03 -1.55973425e-02 -5.48322387e-03  5.23624309e-05
 -1.63285109e-02  8.34528967e-04 -3.93819673e-03 -9.18007678e-04
 -2.54535852e-03 -3.42876171e-03 -8.85189506e-03 -4.41069402e-03
 -7.28594403e-03 -1.04129268e-02 -3.98906840e-03  7.89610198e-03
  2.32477870e-03  1.20320235e-02  9.94716314e-03  1.07617315e-02
  3.41613583e-03  4.34329712e-04 -1.78427572e-03  1.26822327e-02
 -1.28924840e-02  1.97440320e-03  1.03381171e-02 -2.21208253e-03
  7.40145919e-03  4.12503521e-03 -8.75387249e-03 -8.75387249e-03
 -8.75387249e-03 -8.75387249e-03 -8.75387249e-03 -8.75387249e-03
 -8.75387249e-03 -8.75387249e-03 -8.75387249e-03 -8.75387249e-03
 -8.75387249e-03 -8.75387249e-03 -8.75387249e-03 -8.75387249e-03
 -8.75387249e-03 -8.75387249e-03]",476970
1086496472,Vip-IRES-Cre,False,familiar,"[-0.01487842 -0.0134376  -0.00071468 -0.00109825 -0.0002331   0.00023305
 -0.00046977  0.00448187  0.00329867  0.00195501  0.00928904  0.00644975
  0.00439307 -0.00120677 -0.01023953 -0.00631508  0.0019866   0.00220822
  0.00342918  0.00234313  0.00442568  0.00102577 -0.00847854 -0.0053048
 -0.00251952  0.00132363  0.00204609  0.00072826  0.00762894  0.00765009
  0.01183898  0.01227904  0.00658616  0.00413232  0.00949786  0.00479953
  0.00356033  0.01270243  0.01739637  0.01770813  0.01175025  0.01479274
  0.01828677  0.01577097  0.0085961   0.01105458  0.00548395  0.00011407
 -0.00294109  0.00987787  0.00666107 -0.00348883  0.00156026 -0.0019854
 -0.00447572 -0.00924729 -0.01164176 -0.0043024  -0.00343358 -0.00551117
 -0.00368156 -0.00737459 -0.00719348 -0.00930304 -0.00848338 -0.00642458
 -0.01115884 -0.01553215 -0.00462029 -0.01063142 -0.01455598 -0.01942829
 -0.01387191 -0.01098754 -0.00237486 -0.00237486 -0.00237486 -0.00237486
 -0.00237486 -0.00237486 -0.00237486 -0.00237486 -0.00237486 -0.00237486
 -0.00237486 -0.00237486 -0.00237486 -0.00237486 -0.00237486 -0.00237486]",467953
1086496472,Vip-IRES-Cre,False,novel,"[-4.62632392e-03 -4.60719073e-03 -3.94498561e-03 -1.08020512e-03
 -2.75155737e-03 -6.89475729e-03 -3.50471268e-03  7.47168256e-05
 -1.14201470e-03 -5.22190361e-03 -3.21030715e-03 -9.19362702e-04
  8.93186249e-04 -2.18966028e-03 -2.12856058e-03  9.23978266e-03
  9.17426576e-03  1.14593126e-02  5.75973777e-03  5.38551954e-03
  1.36172056e-03  1.52507291e-03 -2.94856094e-03 -1.02819515e-03
 -5.09894563e-03  3.32743667e-04  1.17326087e-03  6.19139897e-03
  6.08891137e-04 -1.88236605e-03  6.79801100e-04  1.37694253e-03
  5.46705456e-03  8.80252414e-03  1.84603443e-02  2.25432598e-02
  2.28912050e-02  2.85154064e-02  2.55991353e-02  3.18572185e-02
  2.06756091e-02  2.56441103e-02  2.21657261e-02  2.16126339e-02
  1.68172635e-02  1.24416517e-02  7.74828722e-03  5.57020459e-03
  9.94945987e-03  2.47108829e-03 -1.61787145e-03  3.25879116e-03
 -3.44637883e-03 -3.78501795e-03 -3.18960374e-03 -5.31964621e-03
  1.71190814e-04  1.99893217e-03  1.34188340e-03  2.28255598e-03
  4.07551086e-04 -1.83417863e-03 -1.14627311e-03 -3.42693670e-05
  2.87210523e-03  1.07309916e-03 -1.15125123e-02 -1.48357079e-02
 -7.56252688e-03 -1.96022354e-03 -1.00231232e-02 -1.38860673e-02
 -6.45872379e-03 -7.89633265e-03 -5.00349939e-03 -5.00349939e-03
 -5.00349939e-03 -5.00349939e-03 -5.00349939e-03 -5.00349939e-03
 -5.00349939e-03 -5.00349939e-03 -5.00349939e-03 -5.00349939e-03
 -5.00349939e-03 -5.00349939e-03 -5.00349939e-03 -5.00349939e-03
 -5.00349939e-03 -5.00349939e-03]",467953
1086496472,Vip-IRES-Cre,True,familiar,"[-2.85769889e-03 -2.26749188e-03  2.86042814e-03  1.98503994e-03
  2.67688975e-03  7.04150896e-03  7.02096625e-03  6.55773015e-03
 -2.67036121e-03 -5.41766566e-03  6.91226192e-04  3.80051278e-03
 -2.65991273e-03 -1.47996523e-03 -2.57184082e-03 -4.18876712e-03
  2.80058542e-03  6.64533401e-03 -2.32448953e-03  1.32352674e-03
  1.61306311e-03 -1.14734835e-02 -2.30431165e-03 -2.12033477e-03
  2.97262420e-05 -1.12388163e-03  5.37648798e-03  2.78774566e-03
 -6.07042783e-03 -3.68013889e-03  3.11485898e-03  8.02423202e-03
  4.37069793e-03  1.51488329e-03  7.80423771e-03  6.54644222e-03
  5.03211003e-03  4.04850219e-03  1.43779890e-02  1.77088358e-02
  1.35650303e-02  1.54329401e-02  1.91035846e-02  1.91644570e-02
  3.09829971e-02  2.20361093e-02  3.30726698e-02  3.04369508e-02
  2.63569462e-02  3.49433714e-02  4.14644712e-02  4.20562200e-02
  4.62098872e-02  3.71547298e-02  3.86751398e-02  4.43310976e-02
  4.30510247e-02  3.36047755e-02  3.28302220e-02  3.45591699e-02
  2.80357414e-02  3.07119779e-02  2.97414785e-02  3.09784810e-02
  2.60550599e-02  2.06653200e-02  2.19089459e-02  2.13025535e-02
  2.29678478e-02  9.92541100e-03  1.56511424e-02  2.01110447e-02
  1.19295052e-02  8.33515893e-03  1.24249689e-02  1.24249689e-02
  1.24249689e-02  1.24249689e-02  1.24249689e-02  1.24249689e-02
  1.24249689e-02  1.24249689e-02  1.24249689e-02  1.24249689e-02
  1.24249689e-02  1.24249689e-02  1.24249689e-02  1.24249689e-02
  1.24249689e-02  1.24249689e-02]",467953
1086496472,Vip-IRES-Cre,True,novel,"[ 0.00251821  0.00093249 -0.0102272   0.00258784 -0.00646264 -0.00168325
 -0.00701596 -0.00595045 -0.00015301  0.00114699 -0.00247238 -0.00095737
 -0.0023927  -0.00236252  0.00027301  0.00118505  0.00936977  0.00716761
  0.00746886  0.00818803  0.00335656 -0.00723338  0.00514561  0.00230704
  0.00329864  0.00051329  0.0017983  -0.0035563  -0.00114466 -0.00564548
 -0.0054316  -0.00450176 -0.01145143 -0.00701518 -0.0012041  -0.00098138
 -0.00249938 -0.00766561 -0.00419313 -0.00182006  0.00657164  0.00652854
 -0.00112928  0.00686281 -0.00448996  0.00429768 -0.00126423  0.01055635
  0.00508467  0.01014309  0.00550047  0.01045569  0.01854002  0.01517525
  0.0054987   0.00805529  0.01704151  0.01684502  0.01849128  0.02319347
  0.02909571  0.02904353  0.02269555  0.01666604  0.00651397  0.01645268
  0.00766517  0.01275964  0.00625696  0.00181378  0.0033826  -0.0090603
 -0.00354834  0.00158372 -0.01091677 -0.01091677 -0.01091677 -0.01091677
 -0.01091677 -0.01091677 -0.01091677 -0.01091677 -0.01091677 -0.01091677
 -0.01091677 -0.01091677 -0.01091677 -0.01091677 -0.01091677 -0.01091677]",467953
1086496500,Sst-IRES-Cre,False,familiar,"[-0.00063254 -0.00135346 -0.0071013  -0.00555716 -0.01446324 -0.01786805
 -0.02328664 -0.02173299 -0.0211848  -0.0177233  -0.00518746  0.01592981
  0.02706156  0.0308802   0.03212084  0.03336533  0.0354829   0.029212
  0.02655803  0.01344868  0.00894781  0.00273171 -0.00766477 -0.00819582
 -0.01244628 -0.0133689  -0.01428848 -0.01923615 -0.01981398 -0.02463356
 -0.02646849 -0.0241272  -0.00756304  0.01439518  0.03282111  0.04998266
  0.06540268  0.07393479  0.07515433  0.06587832  0.054622    0.04412403
  0.02847476  0.02216974  0.01595796  0.00300388  0.00512399 -0.00621645
 -0.01046064 -0.01765829 -0.01780843 -0.02230755 -0.02948999 -0.02261772
 -0.00264895  0.02154575  0.0475556   0.05813636  0.06790415  0.07635623
  0.07961761  0.0752405   0.0608788   0.04360921  0.03208257  0.02495684
  0.01446937  0.00875513 -0.00615861 -0.00834009 -0.00646215 -0.01168389
 -0.01932055 -0.02176637 -0.02540285 -0.02540285 -0.02540285 -0.02540285
 -0.02540285 -0.02540285 -0.02540285 -0.02540285 -0.02540285 -0.02540285
 -0.02540285 -0.02540285 -0.02540285 -0.02540285 -0.02540285 -0.02540285]",476970
1086496500,Sst-IRES-Cre,False,novel,"[-0.00463751 -0.00439583 -0.0027063  -0.00513902 -0.00524565 -0.00798973
 -0.01172874 -0.00893654 -0.01003271 -0.00888593 -0.00579914  0.00177756
  0.00698995  0.01044659  0.01408408  0.01721158  0.02105897  0.0182244
  0.01507945  0.01517716  0.00352381 -0.00183586 -0.00445096  0.0027667
 -0.00497104 -0.00932611 -0.00672721 -0.00560763 -0.00902892 -0.00889542
 -0.01435748 -0.01098377 -0.00477344  0.0004961   0.00542262  0.01197616
  0.01798442  0.02278554  0.02474104  0.02465408  0.02925783  0.02471699
  0.01411038  0.00755113  0.0098175   0.00762274 -0.00154541 -0.0043793
 -0.00619988 -0.00615949 -0.00957635 -0.01475343 -0.01640955 -0.01322624
 -0.00885288  0.00209153  0.01045296  0.01754754  0.0276983   0.03188766
  0.03443627  0.03401489  0.02694763  0.02446397  0.01514479  0.00507213
  0.01370004  0.00492443 -0.00208652 -0.00108595 -0.00847615 -0.00655863
 -0.00838037 -0.00785031 -0.00816402 -0.00816402 -0.00816402 -0.00816402
 -0.00816402 -0.00816402 -0.00816402 -0.00816402 -0.00816402 -0.00816402
 -0.00816402 -0.00816402 -0.00816402 -0.00816402 -0.00816402 -0.00816402]",476970
1086496500,Sst-IRES-Cre,True,familiar,"[-0.01186171 -0.01262383 -0.01994774 -0.02239502 -0.01871785 -0.02555677
 -0.02723771 -0.02653795 -0.02812038 -0.03094469 -0.01916843  0.00167811
  0.02697301  0.04548586  0.04937696  0.04644145  0.04695326  0.04767686
  0.03798556  0.03239645  0.01516936  0.00567932 -0.00308802 -0.00646871
 -0.00976329 -0.01214051 -0.0176316  -0.014343   -0.02339024 -0.02587876
 -0.02848829 -0.03093311 -0.02868242 -0.03011863 -0.03179391 -0.03116572
 -0.03764226 -0.04262638 -0.04712158 -0.04558831 -0.04310834 -0.03945094
 -0.04339866 -0.04589378 -0.04468813 -0.04416038 -0.03841521 -0.04325775
 -0.03450371 -0.03493982 -0.04360023 -0.04367615 -0.03344835 -0.0404496
 -0.04223387 -0.02357258  0.00285547  0.02424364  0.03072781  0.03655279
  0.03946495  0.03690698  0.02710193  0.01963827  0.00312431  0.00417648
 -0.00646585 -0.00282391 -0.01996731 -0.03228731 -0.02350459 -0.031208
 -0.03137456 -0.02597684 -0.0350983  -0.0350983  -0.0350983  -0.0350983
 -0.0350983  -0.0350983  -0.0350983  -0.0350983  -0.0350983  -0.0350983
 -0.0350983  -0.0350983  -0.0350983  -0.0350983  -0.0350983  -0.0350983 ]",476970
1086496500,Sst-IRES-Cre,True,novel,"[-0.00054835 -0.00088645 -0.00431536 -0.00633208 -0.00565944 -0.01584131
 -0.01728072 -0.01283749 -0.01258723 -0.01444029 -0.0162099  -0.00721252
  0.00835252  0.02061784  0.02095127  0.02171605  0.02383996  0.02337852
  0.01462972  0.02295463  0.01820411 -0.00437666  0.00661489  0.0021307
 -0.00954114 -0.01077724 -0.00845637 -0.01592735 -0.00918701 -0.01097331
 -0.01431083 -0.02008771 -0.01790154 -0.02048781 -0.01575932 -0.01971092
 -0.02838962 -0.02654317 -0.02376845 -0.01528452 -0.01734414 -0.02654407
 -0.0208733  -0.02250864 -0.01574374 -0.02171517 -0.02255225 -0.02148254
 -0.01914285 -0.01876346 -0.0227634  -0.02202641 -0.02048955 -0.02437453
 -0.0210731  -0.016273   -0.00438072  0.00573164  0.00924565  0.01025683
  0.01562383  0.02205068  0.01318567  0.00985029  0.00793401 -0.01525386
 -0.00570413 -0.00801073 -0.01230658 -0.00456461 -0.01466976 -0.00823197
 -0.01295632 -0.00927554 -0.01442298 -0.01442298 -0.01442298 -0.01442298
 -0.01442298 -0.01442298 -0.01442298 -0.01442298 -0.01442298 -0.01442298
 -0.01442298 -0.01442298 -0.01442298 -0.01442298 -0.01442298 -0.01442298]",476970
1086496547,Vip-IRES-Cre,False,familiar,"[ 0.00395316  0.00315097 -0.00335391 -0.00028742 -0.00324477 -0.00508212
 -0.00551886 -0.00115117 -0.00801055 -0.01217284 -0.00692307 -0.00468744
 -0.00444816 -0.00363385 -0.00441491  0.00031723  0.00219147 -0.00567719
  0.01159893  0.00921684  0.00694897  0.00467445 -0.00690463  0.00288588
  0.00565829  0.00092197  0.00343435  0.00737565  0.00775791  0.0054248
  0.00513543  0.00833684  0.01458973  0.01924636  0.02193304  0.02290613
  0.0190833   0.01783649  0.01929625  0.01682278  0.00964715  0.00910925
  0.01392738  0.01035026  0.00857583  0.00744707 -0.00659354 -0.01061359
 -0.0083656  -0.00277594 -0.01492521 -0.01763517 -0.01492953 -0.01483477
 -0.01837762 -0.02727941 -0.02987863 -0.0270102  -0.02904332 -0.03321126
 -0.02894427 -0.03373567 -0.0304139  -0.03042638 -0.04269507 -0.0419442
 -0.04013551 -0.04420313 -0.03451139 -0.0283626  -0.03927247 -0.04065337
 -0.03412897 -0.04026092 -0.03686405 -0.03686405 -0.03686405 -0.03686405
 -0.03686405 -0.03686405 -0.03686405 -0.03686405 -0.03686405 -0.03686405
 -0.03686405 -0.03686405 -0.03686405 -0.03686405 -0.03686405 -0.03686405]",467953
1086496547,Vip-IRES-Cre,False,novel,"[-1.21877647e-03 -1.66447231e-03 -5.20674777e-03 -3.69584706e-03
 -6.57567307e-03 -1.06703566e-02 -1.14492073e-02 -4.88225721e-03
 -2.93495258e-03 -1.01825699e-02 -9.85054000e-03 -3.68675419e-03
  3.01081576e-03  1.30275369e-03  7.79496550e-03  1.52367505e-02
  7.53507980e-03  5.52792913e-03  9.62604204e-03  6.46508879e-03
  1.16142694e-02  8.72621953e-04  7.15544999e-03  2.54386717e-03
 -1.84864134e-03  2.61675947e-03 -2.38560386e-03 -1.74660284e-03
 -2.97665885e-03 -3.26731801e-04 -4.25476828e-05 -3.70936193e-03
 -6.46195813e-04  4.78757658e-03  1.40893197e-02  2.33972797e-02
  3.01330063e-02  3.16214216e-02  2.87063363e-02  2.89477065e-02
  2.51346605e-02  2.52598054e-02  2.07914069e-02  1.29875792e-02
  1.27072012e-02  1.66322082e-02  1.43670573e-02  3.33071164e-03
  7.96510983e-03  5.28342098e-03  8.33005801e-03  3.28434526e-03
 -7.00761728e-03 -1.01807380e-02 -7.22940442e-03 -4.58726802e-03
 -4.72895782e-03  2.02453957e-04  3.46289615e-03  2.64176557e-03
  1.05271793e-03  1.27692641e-03  2.00152371e-03  3.09450448e-03
 -1.62763194e-03 -2.22531930e-03 -6.90110175e-03 -5.72050850e-03
 -5.80859829e-03 -5.47744692e-03 -1.01904817e-02 -1.89666679e-02
 -1.28912826e-02 -1.21532663e-02 -1.41919132e-02 -1.41919132e-02
 -1.41919132e-02 -1.41919132e-02 -1.41919132e-02 -1.41919132e-02
 -1.41919132e-02 -1.41919132e-02 -1.41919132e-02 -1.41919132e-02
 -1.41919132e-02 -1.41919132e-02 -1.41919132e-02 -1.41919132e-02
 -1.41919132e-02 -1.41919132e-02]",467953
1086496547,Vip-IRES-Cre,True,familiar,"[ 0.01615431  0.01652791  0.01778213  0.00659266  0.00871054  0.0025505
  0.00401541 -0.0065848   0.00057241  0.00358935 -0.00299213  0.00086997
  0.00047868 -0.00303561 -0.00233631 -0.00443122  0.00237639  0.00937709
 -0.00053532  0.00173787 -0.01140846 -0.00608488 -0.00706531 -0.01691661
 -0.00169569 -0.00920816 -0.00472212 -0.00199967 -0.00228071 -0.01003824
 -0.00373928 -0.00686275 -0.01046484 -0.0064975   0.00105519  0.00703198
  0.00159003 -0.00124884  0.00130717  0.00405598  0.00528389  0.00220819
  0.01281285  0.01219827  0.00478553  0.01300439  0.01976549  0.02172368
  0.02388452  0.02777402  0.04181163  0.04538383  0.04852981  0.04408169
  0.03685933  0.03731648  0.04263601  0.04682063  0.05629373  0.05356673
  0.0457502   0.04784515  0.04826727  0.04905412  0.04530006  0.0408355
  0.03322     0.03410174  0.02228588  0.018069    0.01106223  0.00946431
  0.00184127  0.0118209  -0.00035737 -0.00035737 -0.00035737 -0.00035737
 -0.00035737 -0.00035737 -0.00035737 -0.00035737 -0.00035737 -0.00035737
 -0.00035737 -0.00035737 -0.00035737 -0.00035737 -0.00035737 -0.00035737]",467953
1086496547,Vip-IRES-Cre,True,novel,"[ 0.00776488  0.0083028   0.01126533  0.00368132  0.01304808  0.00575222
 -0.00485788 -0.00406559  0.00153611 -0.00465184 -0.01018046 -0.01205165
 -0.00355334  0.00192447  0.0053445   0.01343289  0.00561889  0.00317512
  0.00522006 -0.00211775  0.01546992 -0.00178941 -0.004948    0.0056205
 -0.00151773 -0.00832384 -0.00916498 -0.01369756 -0.01291388 -0.01332317
 -0.00763574 -0.00987131 -0.01803798 -0.01137167 -0.00832883 -0.01610795
 -0.01572395 -0.0197377  -0.01449124 -0.00782801 -0.00762389 -0.01167288
 -0.00986905 -0.00063804 -0.01149383  0.00673027 -0.00894246  0.00217067
  0.0008101   0.00352378  0.00499168  0.0053849   0.00917795  0.0090327
  0.00460752  0.00430549  0.01399839  0.02828063  0.03458444  0.03156569
  0.0302654   0.03601753  0.03294859  0.02873378  0.03062152  0.0175756
  0.02344492  0.01569043  0.01227505  0.01709219  0.01190645  0.01954127
  0.01142154  0.00384873 -0.00015248 -0.00015248 -0.00015248 -0.00015248
 -0.00015248 -0.00015248 -0.00015248 -0.00015248 -0.00015248 -0.00015248
 -0.00015248 -0.00015248 -0.00015248 -0.00015248 -0.00015248 -0.00015248]",467953
1086496681,Vip-IRES-Cre,False,familiar,"[-0.00090125 -0.00120596 -0.00419335 -0.0054606  -0.00276303 -0.00079008
 -0.00266515 -0.00056372  0.00044898  0.00612429 -0.0021233  -0.00563317
 -0.00355799 -0.00777404 -0.00718069 -0.00476351  0.00141641  0.00432366
 -0.00646956 -0.00049847 -0.00071273  0.00048031  0.00061015 -0.00272897
  0.0033316   0.00033551  0.00945228  0.00686713  0.01515884  0.01143641
  0.01245792  0.01473872  0.01359919  0.00723311  0.00233152 -0.00354827
 -0.00613905 -0.00596729  0.00025442  0.00096905 -0.00081706  0.00148449
 -0.00187324 -0.00997548 -0.00833781 -0.00918486 -0.01711388 -0.00702263
 -0.00416382 -0.01126621 -0.01290064 -0.00806931 -0.01381759 -0.01707075
 -0.017738   -0.01646403 -0.01616661 -0.01754334 -0.02478337 -0.02794761
 -0.02089073 -0.0190614  -0.02213943 -0.01720189 -0.01819847 -0.02399941
 -0.01424285 -0.01503843 -0.02055378 -0.02035514 -0.02340493 -0.02201756
 -0.02436957 -0.01762025 -0.01738399 -0.01738399 -0.01738399 -0.01738399
 -0.01738399 -0.01738399 -0.01738399 -0.01738399 -0.01738399 -0.01738399
 -0.01738399 -0.01738399 -0.01738399 -0.01738399 -0.01738399 -0.01738399]",467953
1086496681,Vip-IRES-Cre,False,novel,"[ 0.00580473  0.00622484  0.00944696  0.00587063  0.00308936  0.00793903
  0.00474746  0.00056325 -0.00190238 -0.00474964 -0.01175626 -0.01046988
 -0.00853236 -0.00942307 -0.00943154 -0.01315866 -0.00513852 -0.00466055
 -0.00617152  0.00374259  0.00134695 -0.00750008  0.00192414  0.00531563
  0.00523835  0.00837858  0.01193708  0.00261875  0.00691821  0.00178792
  0.00914213  0.00566879  0.00121661  0.00119612  0.0041724   0.00674411
  0.00492794  0.01104202  0.01695455  0.0161255   0.01217488  0.01579374
  0.01719855  0.02201806  0.01519915  0.01286659  0.00555837  0.01532985
  0.00637623 -0.00028454 -0.00328014 -0.00831482 -0.00974863 -0.01126178
 -0.01235349 -0.01812861 -0.01838678 -0.01793156 -0.01679106 -0.01666898
 -0.01593604 -0.01403068 -0.01586395 -0.00882279 -0.01569665 -0.01625942
 -0.01728896 -0.02092712 -0.01960511 -0.02166357 -0.01491551 -0.0252278
 -0.02522785 -0.02706414 -0.02167602 -0.02167602 -0.02167602 -0.02167602
 -0.02167602 -0.02167602 -0.02167602 -0.02167602 -0.02167602 -0.02167602
 -0.02167602 -0.02167602 -0.02167602 -0.02167602 -0.02167602 -0.02167602]",467953
1086496681,Vip-IRES-Cre,True,familiar,"[-2.69322397e-05  4.32600477e-05  1.89151500e-03  8.92034700e-03
  5.40569286e-03 -1.14645252e-03  2.37681246e-03  1.89526286e-03
  4.18668642e-03  3.03556628e-03  7.37176703e-05 -1.82739925e-03
  2.11571738e-03  2.34911745e-03 -6.99960429e-03 -9.65880957e-03
 -1.55472513e-03 -1.21187564e-03  6.93318259e-03 -2.36974359e-04
 -7.77365969e-03 -8.26196769e-03  4.48462804e-03  3.79997956e-03
  4.64511404e-03 -1.18184878e-02 -2.10343415e-03 -3.23603543e-03
 -8.02967031e-04  4.50272514e-03  3.61285070e-03 -1.12526648e-03
  3.56813738e-03  3.06204110e-04  4.38504781e-03 -3.76929377e-04
 -2.67164603e-04 -3.14462966e-04  7.37469377e-03  1.38893603e-02
 -9.33282999e-04  3.92538655e-03  1.43004637e-02  8.81899107e-03
  5.04251969e-03  1.08508229e-02  9.32109097e-03  7.44002186e-03
  8.75974825e-03  3.18591505e-03  1.82383494e-02  2.66464805e-02
  2.40705771e-02  2.10494981e-02  2.56047244e-02  2.30775861e-02
  2.31476506e-02  2.15165267e-02  1.96930997e-02  1.50644136e-02
  1.60215950e-02  1.95238636e-02  2.47992737e-02  1.97983056e-02
  1.79434270e-02  3.91928386e-03  1.15601814e-02  6.41064359e-03
  6.50225545e-03  7.09749725e-03  7.72316433e-03  2.29568677e-03
  4.54033405e-03  2.09886545e-03  4.52097636e-03  4.52097636e-03
  4.52097636e-03  4.52097636e-03  4.52097636e-03  4.52097636e-03
  4.52097636e-03  4.52097636e-03  4.52097636e-03  4.52097636e-03
  4.52097636e-03  4.52097636e-03  4.52097636e-03  4.52097636e-03
  4.52097636e-03  4.52097636e-03]",467953
1086496681,Vip-IRES-Cre,True,novel,"[ 0.00269011  0.00353153  0.01036739  0.00727048  0.00566139  0.00401837
  0.00346386 -0.00144896 -0.00500577  0.0018753  -0.00354865 -0.0099197
 -0.01119419 -0.01055557 -0.00539839 -0.00829731 -0.00859546 -0.00250037
 -0.00699506 -0.00901161  0.0022279  -0.00108146  0.00548843  0.00805503
  0.00663725  0.00724362  0.0064891   0.00131839  0.00431891  0.00289543
 -0.00262981 -0.00685908 -0.005942   -0.00554153 -0.01434249 -0.01926681
 -0.01831783 -0.01917095 -0.02289041 -0.02688436 -0.02951248 -0.02491745
 -0.03012738 -0.03849783 -0.0355235  -0.03197754 -0.03130614 -0.02918848
 -0.02264929 -0.02643493 -0.02802691 -0.02969296 -0.02525615 -0.02552404
 -0.01939221 -0.02419986 -0.0199743  -0.01649619 -0.0128149  -0.00422443
 -0.00491842  0.00112313  0.00352506  0.0069444   0.00197889  0.00926444
  0.01351445  0.0040099   0.00828263  0.00938576  0.00594724 -0.0007537
 -0.00431155 -0.00341624 -0.0148567  -0.0148567  -0.0148567  -0.0148567
 -0.0148567  -0.0148567  -0.0148567  -0.0148567  -0.0148567  -0.0148567
 -0.0148567  -0.0148567  -0.0148567  -0.0148567  -0.0148567  -0.0148567 ]",467953
1086496689,Sst-IRES-Cre,False,familiar,"[-0.02105309 -0.02244216 -0.03448914 -0.03371589 -0.03589644 -0.03873467
 -0.04482118 -0.04434334 -0.0526894  -0.04214912 -0.00942678  0.03670134
  0.06961325  0.09459513  0.10195653  0.10311702  0.09791664  0.07670756
  0.05277237  0.0269525   0.00766315 -0.00284519 -0.0151924  -0.01805608
 -0.0288993  -0.03705527 -0.04046201 -0.04646575 -0.048851   -0.05040725
 -0.04985608 -0.04817198 -0.02988617  0.01179934  0.05629623  0.10079736
  0.13651292  0.16032893  0.17076742  0.15566129  0.12408072  0.08701217
  0.04859409  0.02886724  0.00702761 -0.00674706 -0.01456948 -0.01928159
 -0.03421725 -0.03149239 -0.03795788 -0.04855606 -0.04831622 -0.04783049
 -0.02768735  0.02891408  0.09569788  0.14287918  0.16627381  0.17984619
  0.17889306  0.16344013  0.1268928   0.08787182  0.05810779  0.02889924
  0.00199562 -0.00130275 -0.02271924 -0.0301979  -0.03649177 -0.0467934
 -0.04544184 -0.05072732 -0.05784902 -0.05784902 -0.05784902 -0.05784902
 -0.05784902 -0.05784902 -0.05784902 -0.05784902 -0.05784902 -0.05784902
 -0.05784902 -0.05784902 -0.05784902 -0.05784902 -0.05784902 -0.05784902]",476970
1086496689,Sst-IRES-Cre,True,familiar,"[-0.04877034 -0.04816473 -0.04357842 -0.05014121 -0.05847825 -0.05848772
 -0.06138944 -0.06202376 -0.07015853 -0.0685352  -0.05171556  0.00165846
  0.07366488  0.11645561  0.14037395  0.15252348  0.15135598  0.13019519
  0.09943128  0.06950964  0.03962879  0.01258625 -0.01128724 -0.02870655
 -0.03831903 -0.04425625 -0.05650863 -0.06080497 -0.06033986 -0.06571781
 -0.07807784 -0.07338007 -0.07517854 -0.08332526 -0.09201161 -0.09188878
 -0.09025116 -0.08491712 -0.09025358 -0.09555722 -0.09595983 -0.09094844
 -0.09400059 -0.09027686 -0.08752823 -0.09498161 -0.08960968 -0.08443059
 -0.07292463 -0.08117661 -0.08379798 -0.08562986 -0.08860338 -0.0923935
 -0.08683896 -0.04713055  0.02584993  0.07454832  0.09838822  0.10609313
  0.11625557  0.10277132  0.08020491  0.04859001  0.02619901 -0.00478841
 -0.02221713 -0.0315682  -0.05082232 -0.05780983 -0.0571715  -0.07130823
 -0.0749796  -0.0763082  -0.07432912 -0.07432912 -0.07432912 -0.07432912
 -0.07432912 -0.07432912 -0.07432912 -0.07432912 -0.07432912 -0.07432912
 -0.07432912 -0.07432912 -0.07432912 -0.07432912 -0.07432912 -0.07432912]",476970
1086496763,Vip-IRES-Cre,False,novel,"[-3.49017144e-03 -3.66891814e-03 -5.09867645e-03 -2.95053130e-03
  9.03486448e-04 -4.67899834e-03  5.42189578e-04  1.05377864e-03
  1.44209273e-04 -2.08361240e-03 -6.44208367e-03 -8.32671340e-03
 -3.85092528e-03  4.69077234e-04 -3.81983160e-04  1.16150454e-03
  8.28347858e-03  5.47839476e-03  5.99533363e-03  3.20592901e-03
  4.36134244e-03  9.73328108e-04 -4.62416378e-04  2.34172306e-03
  1.96451141e-03  3.08617247e-04  1.23903415e-04  3.77716870e-04
 -5.06486382e-04  4.25299209e-03 -1.12209054e-05  2.98608760e-03
  1.53262725e-03  5.47612176e-03  9.90821557e-03  1.33580053e-02
  1.38101177e-02  1.15669500e-02  9.58089407e-03  5.31537608e-03
  3.41268808e-03 -3.63408471e-04 -3.11875036e-03 -5.12686501e-03
 -7.00801074e-03 -7.80745074e-03 -7.12387561e-03 -1.04759509e-02
 -1.10649377e-02 -1.22337389e-02 -1.20990922e-02 -1.36664378e-02
 -1.36542447e-02 -1.00562579e-02 -1.07073720e-02 -1.29654130e-02
 -1.33607284e-02 -1.21800779e-02 -1.21003303e-02 -1.39012312e-02
 -1.13805009e-02 -1.35921302e-02 -1.30931289e-02 -1.38252106e-02
 -1.76431915e-02 -2.36462938e-02 -1.78471862e-02 -9.77759668e-03
 -1.35139786e-02 -2.16115686e-02 -1.63362370e-02 -1.52372068e-02
 -1.56275751e-02 -1.67837692e-02 -1.51735964e-02 -1.51735964e-02
 -1.51735964e-02 -1.51735964e-02 -1.51735964e-02 -1.51735964e-02
 -1.51735964e-02 -1.51735964e-02 -1.51735964e-02 -1.51735964e-02
 -1.51735964e-02 -1.51735964e-02 -1.51735964e-02 -1.51735964e-02
 -1.51735964e-02 -1.51735964e-02]",467953
1086496763,Vip-IRES-Cre,True,novel,"[-4.46285724e-03 -4.64819301e-03 -5.56939486e-03 -1.24391215e-03
  1.03396357e-03  5.31392770e-03  2.21783741e-03 -7.72614643e-03
 -2.97513196e-03  1.64104918e-03 -2.05299300e-03 -3.64237378e-03
 -7.34392678e-03 -2.75158190e-03  2.35368543e-03 -3.19317417e-03
  7.88189122e-03  7.17834256e-03  5.19204475e-03  1.97335775e-03
 -4.81278665e-03  7.02586920e-03  4.22386323e-03  3.71545252e-03
  2.77191694e-03 -2.36530238e-04 -4.38577512e-03  4.05340581e-03
  2.69654250e-03 -4.22837247e-03  1.53957214e-03  2.97520455e-03
  2.11547021e-03 -7.04819321e-03 -4.43736773e-03  4.88983335e-04
 -1.16587727e-03 -1.65591769e-03  6.06321980e-04  1.56349194e-03
 -1.85313493e-04  2.75329916e-03  3.65156306e-03  1.05304020e-02
 -3.27355307e-05  7.23136537e-03  1.47991265e-03  9.73113871e-03
  9.75332928e-03  1.25782993e-02  9.50183995e-03  1.03510931e-02
  9.69023839e-03  9.87866747e-03  1.29391173e-02  1.07586352e-02
  1.57065016e-02  2.14396982e-02  1.93022096e-02  1.63548065e-02
  1.20170268e-02  1.33691678e-02  1.09090998e-02  1.07901966e-02
  6.03828860e-03  8.62338929e-03  1.30406332e-03  3.05486088e-04
  1.58291717e-03  4.93638345e-03 -9.94757777e-03 -8.09725765e-03
 -6.05426126e-03 -6.52033112e-03 -5.59377707e-03 -5.59377707e-03
 -5.59377707e-03 -5.59377707e-03 -5.59377707e-03 -5.59377707e-03
 -5.59377707e-03 -5.59377707e-03 -5.59377707e-03 -5.59377707e-03
 -5.59377707e-03 -5.59377707e-03 -5.59377707e-03 -5.59377707e-03
 -5.59377707e-03 -5.59377707e-03]",467953
1086496844,Vip-IRES-Cre,False,familiar,"[-1.21068157e-02 -1.21987944e-02 -1.18017291e-02 -4.93596399e-03
 -5.15951623e-03  5.25235260e-04  3.97469417e-03  8.77728884e-03
  1.59926094e-02  9.94389751e-03  8.22567247e-03  4.37332652e-03
 -7.61961554e-04 -1.83750502e-03 -3.72257149e-03 -4.63548577e-03
 -7.11654461e-03 -9.07212189e-03 -3.80737881e-03 -5.02228055e-03
 -1.09522192e-02 -1.34458415e-02 -6.47410123e-03  2.58573939e-03
  2.71501287e-03  1.52516629e-03  8.19074006e-03  7.46462231e-03
  1.79436654e-02  2.08131605e-02  2.42693935e-02  1.92542202e-02
  2.23708710e-02  2.37157130e-02  1.61836856e-02  9.90023023e-03
  2.10660579e-03 -6.94442322e-04  5.03721508e-05 -4.13153688e-03
 -1.55113144e-02 -7.94952078e-03 -5.45963753e-03 -1.24055508e-02
 -1.76990842e-02 -2.31342140e-02 -1.95622786e-02 -1.56750274e-02
 -1.47267987e-02 -1.74018601e-02 -2.32079690e-02 -2.43475332e-02
 -2.50241344e-02 -2.74054194e-02 -1.73522007e-02 -2.02435527e-02
 -2.66769576e-02 -3.34828442e-02 -3.57107350e-02 -3.37697192e-02
 -3.24486369e-02 -3.54040420e-02 -3.13440339e-02 -3.54361437e-02
 -3.08964975e-02 -3.44070258e-02 -3.44817237e-02 -4.09023017e-02
 -2.91710533e-02 -2.75289947e-02 -2.46248446e-02 -2.77072633e-02
 -3.06964354e-02 -3.20549541e-02 -2.08687949e-02 -2.08687949e-02
 -2.08687949e-02 -2.08687949e-02 -2.08687949e-02 -2.08687949e-02
 -2.08687949e-02 -2.08687949e-02 -2.08687949e-02 -2.08687949e-02
 -2.08687949e-02 -2.08687949e-02 -2.08687949e-02 -2.08687949e-02
 -2.08687949e-02 -2.08687949e-02]",467953
1086496844,Vip-IRES-Cre,False,novel,"[-0.01212357 -0.01224547 -0.01150529 -0.00221094 -0.00780628 -0.00514374
  0.00210488 -0.00170474  0.00057973 -0.00158113 -0.00498367 -0.00352399
 -0.00059607 -0.00344665 -0.0056135   0.00154116  0.00320168 -0.00236556
  0.00130798  0.00695532 -0.00333815  0.0101589   0.00797228  0.00362548
  0.00734138  0.00409082  0.00489947  0.01178417  0.00585959  0.00676592
  0.01192468  0.01184642  0.01355154  0.01406185  0.02782641  0.03345837
  0.02799332  0.02598095  0.02232731  0.01532715  0.01744026  0.01571524
  0.0136784   0.01033302  0.0113402   0.00277469  0.00279746 -0.00407488
  0.00351387 -0.00667726 -0.00862012 -0.0077137  -0.01037772 -0.01613558
 -0.01746048 -0.01386764 -0.01458598 -0.01282722 -0.01235118 -0.0137804
 -0.01767043 -0.01940277 -0.02002375 -0.02265221 -0.02526531 -0.02442344
 -0.02431818 -0.02542979 -0.01452731 -0.01987772 -0.0165244  -0.01839824
 -0.01646993 -0.01689987 -0.01355168 -0.01355168 -0.01355168 -0.01355168
 -0.01355168 -0.01355168 -0.01355168 -0.01355168 -0.01355168 -0.01355168
 -0.01355168 -0.01355168 -0.01355168 -0.01355168 -0.01355168 -0.01355168]",467953
1086496844,Vip-IRES-Cre,True,familiar,"[ 0.0028262   0.00340251  0.0101153   0.01890458  0.01479129  0.0103622
  0.00731887  0.00541878  0.01211181  0.01551974  0.01049245  0.0057511
  0.00701324  0.00396189  0.00030628  0.00453336 -0.00412561 -0.01201459
 -0.00730374 -0.01118755 -0.00885125 -0.01574755 -0.0099223  -0.01250421
 -0.0094455  -0.01529272 -0.00717219 -0.00522079 -0.00960042 -0.0044412
 -0.00082531  0.00864607  0.00918559  0.00743709  0.00685642  0.0153764
  0.02124269  0.02278222  0.02315221  0.02563594  0.03026994  0.02892453
  0.03705086  0.0428165   0.03896367  0.03492562  0.04545892  0.05629853
  0.06142702  0.05888552  0.06383781  0.06461838  0.06958883  0.07821195
  0.08022178  0.07543916  0.07971431  0.06945421  0.0580728   0.0570961
  0.0458832   0.04885335  0.04737598  0.04383284  0.03740966  0.03148428
  0.02853413  0.0332777   0.02401798  0.01610412  0.02114736  0.02816513
  0.02072332  0.0175454   0.01720009  0.01720009  0.01720009  0.01720009
  0.01720009  0.01720009  0.01720009  0.01720009  0.01720009  0.01720009
  0.01720009  0.01720009  0.01720009  0.01720009  0.01720009  0.01720009]",467953
1086496844,Vip-IRES-Cre,True,novel,"[ 1.02271949e-02  8.69618299e-03 -5.06490689e-03 -5.29302493e-03
  5.17102131e-03  4.80569771e-03  3.00663461e-04 -1.81201356e-03
 -6.07591657e-03 -7.83168081e-03  4.02954710e-04 -3.10108090e-04
 -2.02169162e-03  3.79951605e-03  7.66639410e-03  1.83282912e-05
  3.68158920e-03 -2.24150623e-03 -1.11956467e-02  2.41019789e-03
  2.12238180e-03 -7.12777660e-03 -9.80701067e-03 -9.43616868e-03
  4.85062344e-03  1.01192314e-03  2.39345942e-03  3.17902134e-03
  1.65196374e-03  5.82833787e-03  3.44750691e-03  2.92072693e-03
  4.14422675e-03  4.29474727e-03 -6.01502983e-03  3.65573139e-03
  1.07953723e-02  1.07188473e-02  4.10371914e-03  4.19150023e-03
  1.04528669e-02  9.81395545e-03  1.73099010e-02  9.24616791e-03
  9.31532246e-03  1.94440888e-02  1.49015614e-02  1.25129921e-02
  1.57369158e-02  2.11661358e-02  1.66510640e-02  2.55734106e-02
  2.05389009e-02  3.19024322e-02  2.85031213e-02  3.17272223e-02
  3.46006807e-02  3.91734510e-02  4.73537680e-02  3.88889249e-02
  3.15145670e-02  2.72043292e-02  2.95549220e-02  2.21143192e-02
  2.07393608e-02  2.92438818e-02  2.13413848e-02  1.42171198e-02
  1.29645627e-02  1.29454450e-02  6.95538499e-03  8.49720393e-03
  1.71440165e-03 -7.87087286e-04  2.76317848e-03  2.76317848e-03
  2.76317848e-03  2.76317848e-03  2.76317848e-03  2.76317848e-03
  2.76317848e-03  2.76317848e-03  2.76317848e-03  2.76317848e-03
  2.76317848e-03  2.76317848e-03  2.76317848e-03  2.76317848e-03
  2.76317848e-03  2.76317848e-03]",467953
1086496921,Vip-IRES-Cre,False,novel,"[-7.77876808e-03 -7.82274552e-03 -7.44836980e-03 -4.20995581e-03
 -6.46751228e-03  2.53278642e-03  1.57516262e-03  4.53045987e-06
 -4.38129932e-03 -5.64005412e-03 -3.33162341e-03  2.04070114e-03
  3.88564696e-03  5.90413823e-03  2.39848573e-03  2.39984289e-03
  4.74297435e-03  7.78209900e-03  1.37919333e-02  4.58820259e-03
  9.69234310e-04 -3.62393299e-03 -7.80001926e-03 -7.84827003e-03
 -4.15688172e-03  1.67666604e-03  3.91672971e-03  2.94362648e-03
  5.00580658e-03  4.35086549e-03  4.72610945e-03  8.22787194e-03
  1.66576720e-02  2.73021689e-02  3.17855922e-02  3.81413330e-02
  3.46746573e-02  3.23234337e-02  3.63726639e-02  3.21479839e-02
  3.27384914e-02  2.28665198e-02  1.62393194e-02 -3.89757240e-03
 -2.47993155e-03 -1.60254536e-02 -1.30168629e-02 -1.87587242e-02
 -1.98812686e-02 -2.44736709e-02 -2.94755716e-02 -2.86984044e-02
 -3.06044573e-02 -2.90373452e-02 -2.74629580e-02 -2.43420024e-02
 -2.44449820e-02 -2.35353776e-02 -2.75871908e-02 -2.66625315e-02
 -2.81440386e-02 -2.38164633e-02 -1.66961783e-02 -1.41280753e-02
 -2.37618139e-02 -2.49894864e-02 -3.28109824e-02 -3.77738558e-02
 -3.45102109e-02 -2.51926127e-02 -3.59413174e-02 -3.60519398e-02
 -3.69145042e-02 -3.82283792e-02 -3.54898295e-02 -3.54898295e-02
 -3.54898295e-02 -3.54898295e-02 -3.54898295e-02 -3.54898295e-02
 -3.54898295e-02 -3.54898295e-02 -3.54898295e-02 -3.54898295e-02
 -3.54898295e-02 -3.54898295e-02 -3.54898295e-02 -3.54898295e-02
 -3.54898295e-02 -3.54898295e-02]",467953
1086496921,Vip-IRES-Cre,True,novel,"[ 0.00068465  0.00125225  0.0064438   0.00835482  0.0096684   0.00720103
  0.00494014  0.00722608  0.008215    0.0055584   0.00613011  0.00536796
  0.00497825  0.00629874  0.0070132  -0.00068931 -0.00051502  0.00663612
  0.01898994  0.00644567  0.00584219 -0.00444103 -0.00263845 -0.01571365
 -0.01099948 -0.01676829 -0.0171186  -0.02331629 -0.01915748 -0.01588917
 -0.02302508 -0.01947356 -0.02179515 -0.02236652 -0.01935251 -0.01776857
 -0.01994603 -0.01306013 -0.01559165 -0.02081078 -0.00570306 -0.01008684
 -0.00891093 -0.0060473   0.0001948   0.00160136  0.00502219  0.01262367
  0.01480478  0.0150082   0.01968089  0.02933803  0.03266452  0.03174013
  0.0347933   0.04055337  0.04825313  0.05107794  0.05023378  0.04523875
  0.03618002  0.03846192  0.04072837  0.02789985  0.0237118   0.02038905
  0.00826751  0.00345132 -0.00315774 -0.00062957 -0.00389013 -0.01415027
 -0.01126449 -0.01741435 -0.02093019 -0.02093019 -0.02093019 -0.02093019
 -0.02093019 -0.02093019 -0.02093019 -0.02093019 -0.02093019 -0.02093019
 -0.02093019 -0.02093019 -0.02093019 -0.02093019 -0.02093019 -0.02093019]",467953
1086497031,Vip-IRES-Cre,False,familiar,"[-0.00434631 -0.00412755 -0.0020894  -0.00087026  0.00134859  0.0007254
  0.00442763  0.00555917  0.00667308  0.00113603 -0.00036849  0.00096148
  0.00179222 -0.00322386 -0.00661848 -0.00782836 -0.00505878 -0.00381004
  0.00549795 -0.00107004 -0.00641287 -0.00073202  0.00100636 -0.0001283
 -0.00209474  0.00094873  0.00625026  0.00304777  0.00324133  0.00616349
  0.00818569  0.0042062   0.00839178  0.00830385  0.00721986  0.00444958
  0.00201724  0.00101893  0.00648285  0.00159707  0.00462061  0.00176277
 -0.00433901  0.00034636  0.00120494 -0.01194232 -0.00437265 -0.01347137
 -0.00820938 -0.01089674 -0.01405259 -0.0085962  -0.0136026  -0.01402495
 -0.01222744 -0.01557697 -0.01395805 -0.01918749 -0.02018989 -0.0136555
 -0.00789746 -0.01103548 -0.01225188 -0.01649897 -0.0191564  -0.0161149
 -0.01525548 -0.01048937 -0.01532478 -0.00606971 -0.02020873 -0.0115806
 -0.01240006 -0.0143193  -0.00927422 -0.00927422 -0.00927422 -0.00927422
 -0.00927422 -0.00927422 -0.00927422 -0.00927422 -0.00927422 -0.00927422
 -0.00927422 -0.00927422 -0.00927422 -0.00927422 -0.00927422 -0.00927422]",467953
1086497031,Vip-IRES-Cre,False,novel,"[-0.00216668 -0.00318165 -0.01179903 -0.00974286 -0.00731145 -0.00953562
 -0.00866958 -0.01360744 -0.01039142 -0.00866    -0.00232526  0.00409187
  0.00667547  0.00963791  0.0102729   0.00714899  0.01134183  0.01970409
  0.02081836  0.00823444  0.00922115  0.00103194  0.00143925 -0.0060381
 -0.00522007 -0.00563301  0.00143007 -0.00435489  0.00220606 -0.00461727
 -0.00250858  0.00048614  0.01159114  0.02697699  0.04058564  0.05259326
  0.05504981  0.05332597  0.05768332  0.05639209  0.05637317  0.04902826
  0.04345579  0.03533787  0.02490391  0.01985002  0.01256546  0.00435715
 -0.00170652 -0.01152231 -0.01012789 -0.00753621 -0.01301138 -0.01717205
 -0.00920141 -0.00564087 -0.0017515   0.00462737  0.00573312  0.00103991
  0.00065738 -0.00074524  0.00763583  0.00481705 -0.00106686 -0.00953258
 -0.0086671  -0.01010777 -0.01811398 -0.010499   -0.01954844 -0.01478223
 -0.01871303 -0.01431837 -0.01663306 -0.01663306 -0.01663306 -0.01663306
 -0.01663306 -0.01663306 -0.01663306 -0.01663306 -0.01663306 -0.01663306
 -0.01663306 -0.01663306 -0.01663306 -0.01663306 -0.01663306 -0.01663306]",467953
1086497031,Vip-IRES-Cre,True,familiar,"[ 0.00652789  0.00541148 -0.00215843  0.00976312  0.00287032  0.0102128
  0.00981754  0.00308011 -0.00081593  0.00089793  0.00334151  0.00598343
  0.00312146 -0.00234818 -0.00474514 -0.0118035  -0.0043751  -0.00217592
 -0.00758626 -0.00864407 -0.00260283 -0.00777832  0.00354207 -0.0068602
 -0.0048197  -0.00063176  0.00169829  0.0029785   0.00085471 -0.00275581
 -0.00633904 -0.00431476 -0.00318799 -0.00057799  0.00429975  0.00395169
  0.00735473  0.0145285   0.01130056  0.0118701   0.02028215  0.02344337
  0.02585746  0.02525303  0.02668365  0.04161975  0.04257728  0.04038174
  0.03862752  0.04681103  0.05826194  0.06010606  0.06406824  0.0614814
  0.05709641  0.05712444  0.06167728  0.06011794  0.05348545  0.03906092
  0.03492631  0.04555416  0.04658127  0.04490909  0.04381592  0.03286984
  0.03288356  0.02670683  0.02302154  0.03249787  0.01572958  0.01135179
  0.01377497  0.01705435  0.02218658  0.02218658  0.02218658  0.02218658
  0.02218658  0.02218658  0.02218658  0.02218658  0.02218658  0.02218658
  0.02218658  0.02218658  0.02218658  0.02218658  0.02218658  0.02218658]",467953
1086497031,Vip-IRES-Cre,True,novel,"[ 0.01488131  0.01454437  0.01139059  0.00702825 -0.00388741  0.00207882
 -0.00323043 -0.00431005 -0.0008608  -0.00298425 -0.00368083  0.00760843
  0.01367305  0.01151769  0.00498326  0.0089002   0.0077038   0.00162422
  0.00535841  0.00525466  0.00036995 -0.00518294 -0.00451138 -0.01086082
 -0.01445024 -0.02124322 -0.01222233 -0.0045469  -0.01300244 -0.01194299
 -0.02132372 -0.0240171  -0.02170812 -0.01985776 -0.01862408 -0.01410088
 -0.01848828 -0.01519632 -0.01516998 -0.00981363 -0.00873813 -0.00030513
 -0.000789    0.0081424   0.00946737  0.01961069  0.02035184  0.02597831
  0.03076782  0.04303846  0.04421406  0.05555247  0.06463477  0.06797415
  0.0706236   0.08537538  0.10049891  0.09827898  0.09202715  0.08516215
  0.08137159  0.0826546   0.08859512  0.07975501  0.06662064  0.05576552
  0.04681484  0.03531428  0.02283192  0.03371349  0.0232476   0.00118528
  0.00253207 -0.00660041 -0.0007403  -0.0007403  -0.0007403  -0.0007403
 -0.0007403  -0.0007403  -0.0007403  -0.0007403  -0.0007403  -0.0007403
 -0.0007403  -0.0007403  -0.0007403  -0.0007403  -0.0007403  -0.0007403 ]",467953
1086497034,Sst-IRES-Cre,False,familiar,"[-0.00747752 -0.00751029 -0.00795076 -0.00882715 -0.00812141 -0.01250883
 -0.01423523 -0.01328952 -0.01659949 -0.00828053  0.00584653  0.01844991
  0.02370103  0.02270666  0.02939023  0.03644368  0.02915087  0.01541403
  0.01734949  0.00775784 -0.00157759 -0.00371    -0.00260154 -0.00864482
 -0.00727985 -0.01958655 -0.01438389 -0.01423727 -0.01400615 -0.01538184
 -0.0205588  -0.01738048 -0.01090987  0.01507758  0.03232142  0.04707177
  0.06196638  0.06475283  0.06275178  0.05672197  0.0401024   0.02942688
  0.02673967  0.01292252  0.01510173  0.0077865   0.00135313  0.00491507
 -0.00397609 -0.00584574  0.00132773 -0.00600439 -0.01267633 -0.01106557
  0.00821041  0.029379    0.04401812  0.05743864  0.07181433  0.06873661
  0.0648813   0.06195159  0.0440183   0.0364269   0.02014123  0.01592707
  0.00932191  0.00336167 -0.00693249 -0.0131178  -0.00865609 -0.00796832
 -0.0156288  -0.00752135 -0.01511965 -0.01511965 -0.01511965 -0.01511965
 -0.01511965 -0.01511965 -0.01511965 -0.01511965 -0.01511965 -0.01511965
 -0.01511965 -0.01511965 -0.01511965 -0.01511965 -0.01511965 -0.01511965]",476970
1086497034,Sst-IRES-Cre,False,novel,"[ 0.00116351  0.00055359 -0.00538783 -0.0113183  -0.01953277 -0.01252741
 -0.01179937 -0.01701622 -0.0130409  -0.01359527 -0.01506483 -0.00290618
  0.00452427  0.01948393  0.03298739  0.04036723  0.03532014  0.02842264
  0.01875829  0.02273845  0.0109559  -0.00790894 -0.00188344 -0.01083992
 -0.00693603 -0.00413476 -0.0102685  -0.01687422 -0.01516375 -0.01907669
 -0.01151675 -0.00806951 -0.01420466 -0.00567397  0.01173295  0.02529478
  0.04350732  0.06596561  0.07426452  0.08237711  0.06075256  0.05173558
  0.0278409   0.03037908  0.02073842  0.00821073  0.00612458 -0.01073307
 -0.00410761 -0.00595561  0.00175824 -0.02167258 -0.01843851 -0.0148364
 -0.01240495  0.00090586  0.02051992  0.04225052  0.05658855  0.06958414
  0.08226545  0.07111796  0.05868341  0.04795911  0.03098036  0.01992914
  0.01960961  0.00634802  0.0041724  -0.00494469 -0.00074315 -0.01665555
 -0.01381056 -0.01151961 -0.01471599 -0.01471599 -0.01471599 -0.01471599
 -0.01471599 -0.01471599 -0.01471599 -0.01471599 -0.01471599 -0.01471599
 -0.01471599 -0.01471599 -0.01471599 -0.01471599 -0.01471599 -0.01471599]",476970
1086497034,Sst-IRES-Cre,True,familiar,"[-0.0124024  -0.01264117 -0.01421493 -0.01288914 -0.02166954 -0.02209654
 -0.02176625 -0.02441487 -0.02558023 -0.02122612 -0.01432186  0.00553068
  0.02291088  0.0308685   0.04088219  0.04698726  0.04401061  0.04813115
  0.03222215  0.03102034  0.01801637  0.00934993  0.00868742 -0.01148218
 -0.01866588 -0.02279047 -0.01669473 -0.01835432 -0.02394633 -0.02346051
 -0.02427472 -0.02607698 -0.02518998 -0.02159252 -0.02903894 -0.02949538
 -0.02206646 -0.02961122 -0.03866517 -0.03983592 -0.03939552 -0.03155589
 -0.04143048 -0.0357532  -0.02985163 -0.03476556 -0.0218699  -0.03365502
 -0.02707433 -0.02711993 -0.03245873 -0.03035193 -0.03470663 -0.0300856
 -0.02716247 -0.01160042  0.01075318  0.02372906  0.03143497  0.04304057
  0.03938046  0.03744985  0.03204304  0.01716525  0.00998151 -0.00252348
 -0.0115418  -0.00988315 -0.01264191 -0.01549516 -0.01829949 -0.02184993
 -0.02127519 -0.01889722 -0.02152675 -0.02152675 -0.02152675 -0.02152675
 -0.02152675 -0.02152675 -0.02152675 -0.02152675 -0.02152675 -0.02152675
 -0.02152675 -0.02152675 -0.02152675 -0.02152675 -0.02152675 -0.02152675]",476970
1086497034,Sst-IRES-Cre,True,novel,"[-0.00210391 -0.00290101 -0.01056752 -0.01413811 -0.01503056 -0.02031898
 -0.00865746 -0.01608211 -0.01623683 -0.01746843 -0.01302461 -0.00091667
  0.00839757  0.01752381  0.02553373  0.03363169  0.04362341  0.03041922
  0.02764508  0.02181743  0.00496867  0.00400658  0.00316901 -0.01384937
  0.00022393 -0.0160746  -0.00482947 -0.01196096 -0.01400295 -0.0227966
 -0.02403159 -0.01742399 -0.02867817 -0.02380921 -0.02534899 -0.02419752
 -0.02307254 -0.02558443 -0.02627918 -0.03232234 -0.03198421 -0.03247118
 -0.02480543 -0.03278617 -0.01948241 -0.01922437 -0.02422382 -0.02806552
 -0.02005066 -0.01826007 -0.03689907 -0.03749125 -0.03178948 -0.03014233
 -0.02629047 -0.02465225 -0.0185083   0.00426661  0.01870039  0.03592189
  0.04803968  0.0438659   0.0307707   0.01547093  0.00986789 -0.00370815
  0.00130919  0.00434376 -0.00773197 -0.00475209 -0.0079834  -0.01051294
 -0.01879531 -0.00468525 -0.00538706 -0.00538706 -0.00538706 -0.00538706
 -0.00538706 -0.00538706 -0.00538706 -0.00538706 -0.00538706 -0.00538706
 -0.00538706 -0.00538706 -0.00538706 -0.00538706 -0.00538706 -0.00538706]",476970
1086497129,Sst-IRES-Cre,False,familiar,"[-0.03643547 -0.037365   -0.04744869 -0.06066794 -0.0719111  -0.08231101
 -0.08546283 -0.09106117 -0.09455802 -0.05712936  0.01851832  0.09396609
  0.1417031   0.16762734  0.17942256  0.1723005   0.15268023  0.11660632
  0.08089247  0.04821161  0.017847   -0.0041938  -0.02008575 -0.04226086
 -0.05095037 -0.06418794 -0.07591592 -0.08148445 -0.09053045 -0.09581542
 -0.10604898 -0.08773263 -0.031403    0.04360728  0.11044505  0.15912019
  0.19912622  0.22426533  0.23099475  0.19927447  0.1466607   0.10226471
  0.06094005  0.01820552 -0.00055575 -0.01827591 -0.03437708 -0.05028018
 -0.06590728 -0.07769147 -0.08471278 -0.09471917 -0.10056179 -0.0805183
  0.00309307  0.11494189  0.20233216  0.25008433  0.28521173  0.30871245
  0.30586425  0.269565    0.2161787   0.16122529  0.11140105  0.07368599
  0.03540667  0.01339025 -0.00617895 -0.02676128 -0.04274848 -0.05447649
 -0.06608946 -0.07784903 -0.08414623 -0.08414623 -0.08414623 -0.08414623
 -0.08414623 -0.08414623 -0.08414623 -0.08414623 -0.08414623 -0.08414623
 -0.08414623 -0.08414623 -0.08414623 -0.08414623 -0.08414623 -0.08414623]",476970
1086497129,Sst-IRES-Cre,False,novel,"[-0.00288847 -0.00349076 -0.00848911 -0.00809496 -0.01288482 -0.01159955
 -0.01020932 -0.01265617 -0.01243287 -0.00729274  0.00340773  0.00717064
  0.01411418  0.01923016  0.02999565  0.03231546  0.02880963  0.02302807
  0.01787521  0.01019755  0.00451412  0.00208994 -0.00220474 -0.0154466
 -0.01349594 -0.01052128 -0.00940556 -0.01571839 -0.01539187 -0.02052521
 -0.0205481  -0.01060692 -0.00460386 -0.00195576  0.00244796  0.00692525
  0.02168748  0.02877831  0.03019386  0.03165342  0.02156139  0.01746656
  0.01038058  0.00049252 -0.00504604 -0.00198743 -0.00651055 -0.00583039
 -0.00638228 -0.01117559 -0.00692705 -0.01423709 -0.01039712 -0.01065966
  0.00300268  0.01688999  0.02614493  0.03474569  0.03865297  0.0373671
  0.04613281  0.04319208  0.02962049  0.0254384   0.01850674  0.00701671
  0.00497594 -0.0009547  -0.00335049 -0.01220856 -0.00728103 -0.01227292
 -0.01748061 -0.01639544 -0.01267278 -0.01267278 -0.01267278 -0.01267278
 -0.01267278 -0.01267278 -0.01267278 -0.01267278 -0.01267278 -0.01267278
 -0.01267278 -0.01267278 -0.01267278 -0.01267278 -0.01267278 -0.01267278]",476970
1086497129,Sst-IRES-Cre,True,familiar,"[-0.05379087 -0.05558603 -0.07280631 -0.08252457 -0.09260579 -0.11001117
 -0.11358167 -0.12013751 -0.12717295 -0.10950456 -0.02569776  0.08459234
  0.17069963  0.20644814  0.22231314  0.22460779  0.20745095  0.17258642
  0.13071584  0.08499066  0.0446063   0.00693849 -0.01225658 -0.02975123
 -0.06239931 -0.0744079  -0.09019429 -0.09453355 -0.10700932 -0.12197832
 -0.13321393 -0.1336971  -0.14418771 -0.15035006 -0.15381502 -0.16115646
 -0.17013108 -0.1713208  -0.17082689 -0.16916055 -0.17748164 -0.18157096
 -0.17562679 -0.18146744 -0.18524744 -0.18781493 -0.18423671 -0.18429724
 -0.17870955 -0.18211999 -0.18724611 -0.1866221  -0.19247593 -0.18327177
 -0.13796664 -0.03045356  0.06991234  0.12501596  0.14967162  0.16351663
  0.16405202  0.14115825  0.10178601  0.05655792  0.02283102 -0.00829409
 -0.03724503 -0.05691474 -0.08078073 -0.10196173 -0.11083431 -0.11947997
 -0.12946343 -0.13466952 -0.14175543 -0.14175543 -0.14175543 -0.14175543
 -0.14175543 -0.14175543 -0.14175543 -0.14175543 -0.14175543 -0.14175543
 -0.14175543 -0.14175543 -0.14175543 -0.14175543 -0.14175543 -0.14175543]",476970
1086497129,Sst-IRES-Cre,True,novel,"[-1.28739569e-02 -1.25447499e-02 -1.05840927e-02 -1.85360862e-02
 -2.72082013e-02 -1.88548528e-02 -2.11865525e-02 -2.61938742e-02
 -2.19424915e-02 -1.36086064e-02 -2.51578099e-03  1.45513033e-02
  2.86391266e-02  2.82089775e-02  3.24320228e-02  3.71958596e-02
  4.22398870e-02  3.75509019e-02  2.46051739e-02  1.24287882e-02
  1.55030210e-02  1.45158736e-03  5.18389394e-03 -6.69348809e-03
 -1.52016119e-02 -1.29218145e-02 -1.17422757e-02 -1.44991972e-02
 -1.27719533e-02 -2.01109571e-02 -1.98356592e-02 -2.35067947e-02
 -1.95897263e-02 -2.37104057e-02 -2.73974076e-02 -2.97071590e-02
 -3.03083238e-02 -3.13683702e-02 -2.38408812e-02 -3.22242525e-02
 -3.01520679e-02 -2.34791458e-02 -2.54942905e-02 -2.51678389e-02
 -3.31106479e-02 -2.97359372e-02 -2.36279702e-02 -2.87055109e-02
 -1.90268117e-02 -2.76728910e-02 -3.54315647e-02 -3.28644478e-02
 -3.83641938e-02 -3.18814577e-02 -1.38775590e-02 -1.01691494e-03
  9.41961488e-03  1.31557619e-02  1.59291153e-02  2.02522996e-02
  3.11871378e-02  3.52830166e-02  2.27640646e-02  1.10366729e-02
 -5.65805343e-05  5.62714597e-04 -2.12804071e-03 -7.50796626e-03
 -8.13210321e-03 -9.93231862e-03 -1.81593266e-02 -1.80978223e-02
 -1.59356299e-02 -2.28606214e-02 -2.91527065e-02 -2.91527065e-02
 -2.91527065e-02 -2.91527065e-02 -2.91527065e-02 -2.91527065e-02
 -2.91527065e-02 -2.91527065e-02 -2.91527065e-02 -2.91527065e-02
 -2.91527065e-02 -2.91527065e-02 -2.91527065e-02 -2.91527065e-02
 -2.91527065e-02 -2.91527065e-02]",476970
1086497149,Vip-IRES-Cre,False,novel,"[-0.00610296 -0.00547487 -0.00029024 -0.00065464  0.00333187 -0.00123528
  0.0006431   0.00349164  0.00170196  0.0017061   0.00559443  0.00940741
  0.01377569  0.0114558   0.01157046  0.00618121  0.00501733 -0.00034344
  0.00167624  0.0006597  -0.00834982 -0.01248133 -0.0049942  -0.00801692
 -0.00478029 -0.00956139 -0.00686395 -0.00145006 -0.00197098 -0.00364255
 -0.0040297   0.00093571  0.00896305  0.01947355  0.02345073  0.02571392
  0.02190224  0.02124713  0.01570357  0.01133332  0.01161455  0.00120814
 -0.00614037 -0.01741779 -0.0239422  -0.02674647 -0.03124429 -0.03391157
 -0.03790662 -0.03510617 -0.0416103  -0.04384766 -0.04226903 -0.04278494
 -0.04374517 -0.03426944 -0.02487273 -0.02505835 -0.02733916 -0.02943379
 -0.02869605 -0.0325624  -0.03366033 -0.02877734 -0.0358918  -0.03631273
 -0.03706598 -0.03712993 -0.03502837 -0.03766411 -0.03690199 -0.04088009
 -0.03732304 -0.03512752 -0.03836694 -0.03836694 -0.03836694 -0.03836694
 -0.03836694 -0.03836694 -0.03836694 -0.03836694 -0.03836694 -0.03836694
 -0.03836694 -0.03836694 -0.03836694 -0.03836694 -0.03836694 -0.03836694]",467953
1086497149,Vip-IRES-Cre,True,novel,"[-0.00538062 -0.00446833  0.00301363 -0.00129272 -0.00724325 -0.00223711
  0.00160588  0.00179134 -0.00082572  0.0024501   0.00518477  0.01066289
  0.01333536  0.01661999  0.01367217  0.00396343  0.00621082  0.00135651
  0.0081977   0.00077093 -0.00586991 -0.00035271 -0.00167571 -0.01294986
 -0.00784487 -0.00607378 -0.01040824 -0.01053407 -0.00607572 -0.0056029
 -0.00710887 -0.00663891 -0.00683109 -0.00668849 -0.00482891 -0.00377023
 -0.00574568 -0.00510879  0.00039767 -0.00131267  0.00560655  0.00533297
  0.00491508  0.01802529  0.01534648  0.03041952  0.01835928  0.02976079
  0.04068851  0.0435209   0.05453805  0.06867932  0.08147346  0.10217315
  0.10926678  0.1136706   0.11254666  0.11767044  0.11036661  0.10185948
  0.09009691  0.07318858  0.06466989  0.06014011  0.05318795  0.0442447
  0.02681353  0.02868975  0.02066658  0.0166661   0.01268045  0.00214812
  0.00920847 -0.00336576 -0.00735729 -0.00735729 -0.00735729 -0.00735729
 -0.00735729 -0.00735729 -0.00735729 -0.00735729 -0.00735729 -0.00735729
 -0.00735729 -0.00735729 -0.00735729 -0.00735729 -0.00735729 -0.00735729]",467953
1086497235,Vip-IRES-Cre,False,familiar,"[-1.36802865e-02 -1.34875767e-02 -1.02262080e-02 -7.06780557e-05
  4.40643346e-03  7.59102792e-03  1.54213984e-02  2.15939894e-02
  2.30384364e-02  2.23150941e-02  1.82168479e-02  5.42197595e-03
 -2.16369040e-03 -1.10486143e-02 -1.57764357e-02 -1.95132445e-02
 -1.87363470e-02 -2.16321072e-02 -2.40805863e-02 -2.43027176e-02
 -2.13544833e-02 -2.23494024e-02 -1.14180044e-02 -3.33496456e-03
  2.55965653e-03  1.52813509e-02  1.60400672e-02  2.25875045e-02
  2.81344768e-02  3.05670876e-02  3.63025781e-02  3.54558997e-02
  3.54120137e-02  2.36760313e-02  1.60518170e-02  1.38180079e-02
  8.05873333e-03  1.97316767e-03 -2.79284420e-03 -2.92551101e-03
 -4.78676092e-03 -1.63920378e-02 -1.63038414e-02 -1.40438834e-02
 -1.84126813e-02 -1.76796621e-02 -1.02972360e-02 -1.55200737e-02
 -1.03354021e-02 -1.56682352e-02 -1.12717048e-02 -1.16041051e-02
 -1.51029889e-02 -1.29614118e-02 -1.36463743e-02 -1.32225975e-02
 -1.68320990e-02 -2.32426805e-02 -2.80974009e-02 -2.82300013e-02
 -2.55998010e-02 -2.65202889e-02 -3.39563069e-02 -3.02885834e-02
 -3.15650038e-02 -3.69830540e-02 -2.58535088e-02 -2.39668716e-02
 -2.45898738e-02 -2.33649452e-02 -2.10663041e-02 -1.96178102e-02
 -2.12953122e-02 -1.52000737e-02 -1.56285306e-02 -1.56285306e-02
 -1.56285306e-02 -1.56285306e-02 -1.56285306e-02 -1.56285306e-02
 -1.56285306e-02 -1.56285306e-02 -1.56285306e-02 -1.56285306e-02
 -1.56285306e-02 -1.56285306e-02 -1.56285306e-02 -1.56285306e-02
 -1.56285306e-02 -1.56285306e-02]",467953
1086497235,Vip-IRES-Cre,True,familiar,"[ 0.00160622  0.00178808  0.00549117  0.01907132  0.02185119  0.01398884
  0.01621308  0.02017893  0.01659534  0.014917    0.01671993  0.00867658
  0.00136284 -0.00838074 -0.01459397 -0.01659236 -0.01934443 -0.01646106
 -0.01804519 -0.02685267 -0.01704321 -0.00949745 -0.00663661 -0.00793684
 -0.00546325 -0.00361892 -0.00610129  0.00417097  0.00529759  0.00863891
  0.01511707  0.01463163  0.01596187  0.01967448  0.01998969  0.03090579
  0.03367368  0.03672615  0.04248767  0.04557035  0.0479887   0.05983587
  0.06752209  0.05951474  0.0791311   0.07142305  0.07433951  0.08468706
  0.09638745  0.093617    0.10130978  0.11705792  0.11055298  0.11910033
  0.11918649  0.11198302  0.09317572  0.07881127  0.07166522  0.06284548
  0.04599818  0.04576757  0.04347242  0.03195264  0.02148578  0.02261017
  0.02261207  0.01451232  0.01569666  0.01289057  0.02411792  0.02200719
  0.01730422  0.01815861  0.01803718  0.01803718  0.01803718  0.01803718
  0.01803718  0.01803718  0.01803718  0.01803718  0.01803718  0.01803718
  0.01803718  0.01803718  0.01803718  0.01803718  0.01803718  0.01803718]",467953
1086497264,Vip-IRES-Cre,False,novel,"[ 2.28500751e-03  1.12972564e-03 -8.10793119e-03 -5.28549418e-03
 -1.17549926e-02 -7.58974703e-03 -1.05211375e-02 -8.21138330e-03
 -7.80674894e-03 -4.07999948e-03 -1.25945062e-03  9.90810629e-04
  4.34995779e-04  4.46894113e-03  8.09205742e-03  1.02794226e-02
  6.12196514e-03  6.50324793e-03  9.08675155e-03  8.97972387e-03
  4.06160794e-03  1.29552743e-04  6.95782518e-03  3.02622153e-04
  9.39768673e-03 -1.56627977e-03  9.69637262e-04 -5.42281381e-03
 -4.79424940e-03 -3.79135332e-03 -1.36414838e-04 -2.78670348e-03
  4.33962003e-03  1.32835726e-02  2.88926338e-02  3.70117447e-02
  3.08682665e-02  2.52518196e-02  2.44059805e-02  2.39213212e-02
  2.90055637e-02  2.34203545e-02  2.06439325e-02  1.82268632e-02
  4.43704531e-03  9.95110530e-03  9.84762121e-04 -5.48672962e-04
 -8.35050614e-03 -4.93596139e-03 -1.10959090e-02 -8.06564745e-03
 -1.58268421e-02 -1.58599951e-02 -8.28758355e-03 -7.75491050e-03
 -7.48807278e-03 -4.11437477e-03  3.67604118e-03  2.55921195e-03
 -6.44108208e-05  1.34555429e-03  3.06046067e-03 -6.04883759e-04
  2.49356272e-03  1.21138173e-03 -5.08734676e-03 -8.48287420e-03
  8.66677129e-04 -3.64412811e-03 -8.82156983e-03  2.50022374e-03
 -1.01213850e-02 -9.52964694e-03 -2.72834051e-03 -2.72834051e-03
 -2.72834051e-03 -2.72834051e-03 -2.72834051e-03 -2.72834051e-03
 -2.72834051e-03 -2.72834051e-03 -2.72834051e-03 -2.72834051e-03
 -2.72834051e-03 -2.72834051e-03 -2.72834051e-03 -2.72834051e-03
 -2.72834051e-03 -2.72834051e-03]",467953
1086497264,Vip-IRES-Cre,True,novel,"[ 1.59267296e-03  1.65515822e-03  9.22656972e-04 -6.16419702e-03
 -6.58458413e-03 -1.39847295e-02 -1.26277939e-02 -7.82466306e-03
 -7.34508351e-03 -3.45248924e-03 -4.70648683e-03 -4.41249643e-04
  5.51137635e-03  2.89534348e-03  8.92144079e-03  1.48605065e-02
  5.28898503e-03  1.50959933e-02  2.09434066e-04  1.02561077e-02
  1.19932955e-02 -1.37866397e-02  2.12822508e-03  7.51330370e-03
  3.97020695e-03 -1.32427949e-03 -2.66372100e-03 -2.89220916e-03
 -2.86620165e-03 -6.15037879e-03 -8.37017700e-04 -5.16316644e-03
 -1.29768102e-02 -1.19167390e-02 -1.27122059e-02 -1.01655747e-02
 -8.10072499e-03 -1.05310829e-02 -3.75599360e-03 -5.75965599e-03
 -1.04452091e-02 -1.17183247e-02  5.94986585e-05 -1.12829861e-02
  1.00938475e-02  3.85979237e-04 -4.71496566e-03 -4.93499475e-03
  1.27994562e-03  1.96197596e-03  7.00189478e-03  1.35053191e-02
  1.45758510e-02  1.47925479e-02  1.46803936e-02  2.58868701e-02
  3.63248961e-02  4.51442333e-02  4.94723652e-02  4.16959648e-02
  3.52145435e-02  2.96546608e-02  3.99426783e-02  2.96361869e-02
  2.03796540e-02  2.05785660e-02  1.78995130e-02  5.10345067e-03
  5.32940927e-03  1.39881059e-02 -2.24039959e-04 -8.85943126e-04
 -2.09666819e-03  8.73873122e-04 -1.07981230e-02 -1.07981230e-02
 -1.07981230e-02 -1.07981230e-02 -1.07981230e-02 -1.07981230e-02
 -1.07981230e-02 -1.07981230e-02 -1.07981230e-02 -1.07981230e-02
 -1.07981230e-02 -1.07981230e-02 -1.07981230e-02 -1.07981230e-02
 -1.07981230e-02 -1.07981230e-02]",467953
1086497277,Sst-IRES-Cre,False,familiar,"[-0.02676741 -0.02573059 -0.01739764 -0.02228926 -0.02605033 -0.03399527
 -0.04396417 -0.04853085 -0.04155517 -0.03243122  0.01521188  0.05520345
  0.07622896  0.08290122  0.08612952  0.08704192  0.08101579  0.06094223
  0.04273862  0.01432726 -0.00085397 -0.01065005 -0.01754535 -0.01483431
 -0.03317936 -0.03686604 -0.04117705 -0.03953471 -0.04116381 -0.0472243
 -0.04693021 -0.04197455  0.00811921  0.07101457  0.12360401  0.16168692
  0.18732062  0.19307502  0.18444392  0.15325443  0.11601858  0.08970036
  0.05920485  0.01874877  0.00805978  0.00779596 -0.0063672  -0.00885539
 -0.02125893 -0.02924104 -0.03437773 -0.03954132 -0.04132413 -0.03853153
  0.00232864  0.07603863  0.13857062  0.17587998  0.19840773  0.19523137
  0.19017495  0.17863257  0.13455303  0.09444577  0.04347662  0.02551368
  0.00261368 -0.01281891 -0.01300082 -0.01971583 -0.0402229  -0.04139241
 -0.05167835 -0.05578951 -0.05443356 -0.05443356 -0.05443356 -0.05443356
 -0.05443356 -0.05443356 -0.05443356 -0.05443356 -0.05443356 -0.05443356
 -0.05443356 -0.05443356 -0.05443356 -0.05443356 -0.05443356 -0.05443356]",476970
1086497277,Sst-IRES-Cre,False,novel,"[-0.00121728 -0.00223035 -0.01181764 -0.016814   -0.01913994 -0.01864735
 -0.02127059 -0.02292725 -0.02071248 -0.01593078 -0.01391522  0.00293265
  0.02023279  0.03617821  0.0479795   0.05657092  0.0549454   0.03740006
  0.03112601  0.01834311  0.01079471 -0.00671677 -0.00483114 -0.01966836
 -0.02047762 -0.00751886 -0.021521   -0.02057852 -0.02106847 -0.02949975
 -0.02937301 -0.02317153 -0.02557711 -0.00904106  0.01758175  0.0385602
  0.05591832  0.08395111  0.09477444  0.08642866  0.06742603  0.04646084
  0.03144284  0.01766775  0.00867102 -0.01466839 -0.01073928 -0.01961343
 -0.02431823 -0.02634711 -0.01933935 -0.01781947 -0.02348271 -0.01849152
 -0.00763416  0.02551079  0.05473057  0.06867525  0.08070454  0.10132013
  0.11127468  0.09549178  0.06705306  0.05161065  0.03540153  0.02593698
  0.00830826  0.00367513 -0.01248205 -0.02424688 -0.02371917 -0.01326911
 -0.02846741 -0.02445484 -0.03101481 -0.03101481 -0.03101481 -0.03101481
 -0.03101481 -0.03101481 -0.03101481 -0.03101481 -0.03101481 -0.03101481
 -0.03101481 -0.03101481 -0.03101481 -0.03101481 -0.03101481 -0.03101481]",476970
1086497277,Sst-IRES-Cre,True,familiar,"[-0.0194164  -0.02026134 -0.02878576 -0.03623301 -0.04598042 -0.05912606
 -0.04482107 -0.05848733 -0.06680586 -0.04879808 -0.00693747  0.04671955
  0.08921281  0.10498766  0.11688769  0.11884153  0.11811054  0.09509648
  0.06715838  0.04795435  0.00929211 -0.01694973 -0.01941445 -0.01924308
 -0.03489535 -0.04883738 -0.0528426  -0.05266521 -0.06804936 -0.06571114
 -0.06709979 -0.06693267 -0.0648636  -0.07214124 -0.07259307 -0.0722834
 -0.07552218 -0.07572129 -0.08538196 -0.07836063 -0.08599854 -0.07633242
 -0.08269333 -0.08902526 -0.06748785 -0.07947318 -0.08159042 -0.06660951
 -0.07692857 -0.06669381 -0.07950298 -0.07649627 -0.08054528 -0.07636981
 -0.06291673 -0.01932966  0.04695279  0.09447456  0.11437195  0.12215352
  0.11236602  0.09751951  0.09257369  0.0623237   0.03362641  0.0161568
  0.00033633 -0.02557865 -0.0287186  -0.03873591 -0.0339692  -0.05893135
 -0.05492199 -0.05729701 -0.0631124  -0.0631124  -0.0631124  -0.0631124
 -0.0631124  -0.0631124  -0.0631124  -0.0631124  -0.0631124  -0.0631124
 -0.0631124  -0.0631124  -0.0631124  -0.0631124  -0.0631124  -0.0631124 ]",476970
1086497277,Sst-IRES-Cre,True,novel,"[-0.01137861 -0.01185351 -0.01660375 -0.01873819 -0.01626112 -0.02567092
 -0.02886067 -0.04481695 -0.03989896 -0.04098652 -0.02204288  0.00740094
  0.02828776  0.0459824   0.05607432  0.08724146  0.08801528  0.05785283
  0.04571328  0.02006856  0.0026018  -0.00379654  0.00134746 -0.01845191
 -0.01871211 -0.01788755 -0.02311443 -0.02896189 -0.0270715  -0.02547809
 -0.02653054 -0.02883523 -0.04132988 -0.04190424 -0.03314236 -0.03669178
 -0.04502822 -0.02963626 -0.03732511 -0.04031607 -0.03926862 -0.03900271
 -0.03783061 -0.03257659 -0.04592651 -0.04343711 -0.03772472 -0.0417623
 -0.03951252 -0.03244051 -0.03692118 -0.03805759 -0.04519162 -0.04187528
 -0.03585092 -0.02654801  0.00259958  0.01983634  0.03290147  0.04627535
  0.0652025   0.06700772  0.05152726  0.02024109  0.01034249  0.0010952
 -0.00360026 -0.00766145 -0.01005176 -0.02317473 -0.02817622 -0.02371339
 -0.04231837 -0.02160501 -0.02595656 -0.02595656 -0.02595656 -0.02595656
 -0.02595656 -0.02595656 -0.02595656 -0.02595656 -0.02595656 -0.02595656
 -0.02595656 -0.02595656 -0.02595656 -0.02595656 -0.02595656 -0.02595656]",476970
1086497364,Vip-IRES-Cre,False,novel,"[-0.00290969 -0.00290305 -0.00276968 -0.00394373 -0.0132007  -0.02043304
 -0.02088116 -0.02524515 -0.02969202 -0.03080237 -0.02075873 -0.00852652
 -0.00265995  0.00566886  0.00940222  0.01499626  0.01998213  0.02928392
  0.02236994  0.02852666  0.02438741  0.01560655  0.01245148  0.01028105
  0.01278714  0.00337543 -0.00114528 -0.00618889 -0.00625483 -0.01080424
 -0.01729497 -0.01927092 -0.0074978   0.00640736  0.0248074   0.03784092
  0.04451402  0.04096819  0.0369846   0.04085341  0.03437196  0.02765742
  0.02869801  0.00949085  0.00417964 -0.00321046 -0.01129333 -0.01494683
 -0.02922362 -0.03741093 -0.0353839  -0.0428808  -0.05017219 -0.05484795
 -0.0532323  -0.04591043 -0.04093306 -0.03637039 -0.03090149 -0.02717466
 -0.02732697 -0.02814572 -0.03605981 -0.03661283 -0.03617008 -0.04045496
 -0.04361656 -0.0496206  -0.04876445 -0.04489962 -0.05426811 -0.04911891
 -0.05503676 -0.05883068 -0.06022031 -0.06022031 -0.06022031 -0.06022031
 -0.06022031 -0.06022031 -0.06022031 -0.06022031 -0.06022031 -0.06022031
 -0.06022031 -0.06022031 -0.06022031 -0.06022031 -0.06022031 -0.06022031]",467953
1086497364,Vip-IRES-Cre,True,novel,"[ 0.00831006  0.0078015   0.00392582  0.00627832 -0.00141058 -0.01261805
 -0.00893746 -0.01655099 -0.02549053 -0.03280709 -0.02869248 -0.01627124
 -0.00726823  0.00937933  0.01901847  0.01662431  0.01211018  0.01476434
  0.01343784  0.01489701  0.01905191  0.01406631  0.00891254  0.01498566
  0.01015867  0.00433357 -0.00995047 -0.01201193 -0.00557046 -0.02047634
 -0.02394721 -0.02285467 -0.03451026 -0.03273423 -0.03248894 -0.04257053
 -0.04331023 -0.04748493 -0.04699442 -0.04729085 -0.05318143 -0.04565229
 -0.04929928 -0.05177338 -0.05055502 -0.0518646  -0.04901771 -0.04501651
 -0.0486291  -0.04858635 -0.05386701 -0.04454747 -0.0435066  -0.04119103
 -0.04063464 -0.0308267  -0.00823585  0.00959229  0.02192063  0.02434054
  0.01579317  0.01781331  0.0219807   0.02045793  0.01471644  0.01041656
  0.00406113  0.00732396 -0.00907842 -0.01401259 -0.01883973 -0.01914332
 -0.03066345 -0.03776248 -0.03283875 -0.03283875 -0.03283875 -0.03283875
 -0.03283875 -0.03283875 -0.03283875 -0.03283875 -0.03283875 -0.03283875
 -0.03283875 -0.03283875 -0.03283875 -0.03283875 -0.03283875 -0.03283875]",467953
1086497438,Sst-IRES-Cre,False,familiar,"[-3.68748159e-03 -4.69917846e-03 -1.38500558e-02 -1.84246678e-02
 -3.31256269e-02 -3.95264155e-02 -4.28385510e-02 -4.75729860e-02
 -4.31059389e-02 -2.59310306e-02  7.69489541e-03  4.04120114e-02
  5.98532273e-02  6.98627345e-02  7.70463210e-02  7.97305946e-02
  7.15917815e-02  5.63209778e-02  4.64257163e-02  3.18543847e-02
  1.53406984e-02  4.04970172e-03 -1.46353592e-02 -1.50534814e-02
 -2.82363743e-02 -3.86844869e-02 -3.88705065e-02 -4.57551608e-02
 -5.06348879e-02 -5.55508552e-02 -5.71231517e-02 -4.93050421e-02
 -3.69763568e-03  6.52548703e-02  1.18475500e-01  1.49538760e-01
  1.80364800e-01  1.99604696e-01  2.03377712e-01  1.89272771e-01
  1.71247470e-01  1.36311211e-01  1.12895140e-01  8.32487233e-02
  7.53727460e-02  5.53405700e-02  4.30917616e-02  3.40131022e-02
  1.67674368e-02  4.35569035e-03 -4.69048416e-03 -1.54104165e-02
 -2.53955528e-02 -1.92161000e-02  2.79705737e-02  8.79912024e-02
  1.39024173e-01  1.63933590e-01  1.88914062e-01  1.97678592e-01
  1.90593571e-01  1.74934030e-01  1.48360514e-01  1.18461476e-01
  9.23460386e-02  6.57167470e-02  4.34464853e-02  3.09417559e-02
  1.26142043e-02  1.61624287e-04 -1.46914303e-02 -2.13186507e-02
 -3.75519095e-02 -4.01637564e-02 -4.60727725e-02 -4.60727725e-02
 -4.60727725e-02 -4.60727725e-02 -4.60727725e-02 -4.60727725e-02
 -4.60727725e-02 -4.60727725e-02 -4.60727725e-02 -4.60727725e-02
 -4.60727725e-02 -4.60727725e-02 -4.60727725e-02 -4.60727725e-02
 -4.60727725e-02 -4.60727725e-02]",476970
1086497438,Sst-IRES-Cre,True,familiar,"[-0.01533736 -0.01657839 -0.03016041 -0.04623441 -0.04776576 -0.05210062
 -0.05512423 -0.05989278 -0.06997746 -0.06501221 -0.03100466  0.0183284
  0.06022231  0.08626181  0.09785705  0.10069598  0.09831687  0.1033064
  0.08117428  0.0586324   0.03863532  0.02375725 -0.00024433 -0.00712295
 -0.01342779 -0.03811517 -0.04677179 -0.04573997 -0.05907708 -0.06750068
 -0.06965006 -0.07846447 -0.09087421 -0.09021208 -0.08347135 -0.09290491
 -0.10347953 -0.10431295 -0.10856346 -0.11481852 -0.10654137 -0.11043529
 -0.10823567 -0.11170419 -0.11364349 -0.10315801 -0.11554655 -0.11637428
 -0.11200229 -0.11212062 -0.11125621 -0.1100047  -0.10807239 -0.1126412
 -0.08950106 -0.04814948  0.00833589  0.04287641  0.06440377  0.07888695
  0.07959116  0.08616573  0.07724392  0.06315157  0.03506587  0.02187998
  0.00872678 -0.01369139 -0.01578406 -0.03209276 -0.03831878 -0.04823465
 -0.0492102  -0.06654987 -0.07420111 -0.07420111 -0.07420111 -0.07420111
 -0.07420111 -0.07420111 -0.07420111 -0.07420111 -0.07420111 -0.07420111
 -0.07420111 -0.07420111 -0.07420111 -0.07420111 -0.07420111 -0.07420111]",476970
1086497550,Sst-IRES-Cre,False,familiar,"[-2.26647679e-03 -1.99365374e-03 -1.57207338e-03 -1.17197552e-02
 -6.76667659e-03 -1.24352784e-02 -1.66412403e-02 -1.60257247e-02
 -1.37854534e-02 -1.16616781e-02 -4.62257602e-03  6.52442682e-03
  1.31246045e-02  1.51789460e-02  1.83862409e-02  2.18806927e-02
  2.24334767e-02  2.37445491e-02  2.13500505e-02  1.11384247e-02
  6.92933414e-03 -1.96855367e-03  3.35247103e-03 -1.09941158e-03
 -6.86057102e-03 -4.66487287e-03 -7.17182611e-03 -1.44028072e-02
 -1.38387304e-02 -1.45458577e-02 -1.92701819e-02 -1.83255276e-02
 -7.82919819e-03  6.24244347e-03  1.51741448e-02  1.82441708e-02
  2.19320178e-02  2.42353266e-02  2.64931437e-02  2.64659483e-02
  2.37907148e-02  1.57146411e-02  1.07749477e-02  3.30831304e-03
 -2.02040373e-03 -2.42222150e-03 -6.87667625e-03 -1.32019543e-02
 -1.62395035e-02 -1.34587598e-02 -1.57769092e-02 -2.12864829e-02
 -2.44501210e-02 -2.41634201e-02 -1.43482009e-02 -3.30985158e-04
  7.74862785e-03  1.65886371e-02  2.84406775e-02  3.14787965e-02
  3.21291686e-02  2.94760049e-02  2.46257219e-02  1.73159771e-02
  1.23458171e-02  8.73465650e-03 -1.23960439e-05 -3.40580729e-03
 -3.58262034e-03 -7.23693828e-03 -9.62558193e-03 -1.67996791e-02
 -1.75517388e-02 -1.58924513e-02 -2.14599053e-02 -2.14599053e-02
 -2.14599053e-02 -2.14599053e-02 -2.14599053e-02 -2.14599053e-02
 -2.14599053e-02 -2.14599053e-02 -2.14599053e-02 -2.14599053e-02
 -2.14599053e-02 -2.14599053e-02 -2.14599053e-02 -2.14599053e-02
 -2.14599053e-02 -2.14599053e-02]",476970
1086497550,Sst-IRES-Cre,False,novel,"[ 2.83561453e-04  4.20669482e-04  8.23486742e-04 -2.78256068e-03
  1.04559425e-03 -1.26986042e-03 -1.67730541e-03 -2.63841271e-03
 -4.68543345e-04 -1.27632506e-04 -3.37876503e-03 -3.20733453e-04
  2.11935189e-03  6.40488640e-03  4.74176453e-03  3.20572115e-03
  2.47398362e-04  4.24525556e-03  3.82130193e-03  5.56052796e-04
  4.19133666e-03 -1.15985915e-03 -1.80737815e-03  3.67765953e-05
 -3.73795987e-03 -6.05155449e-04 -1.96808845e-03 -3.40829297e-03
 -3.38854449e-03 -3.40406572e-03 -8.43496685e-03 -5.08390550e-03
 -2.30188673e-03 -2.17397539e-03  2.62242375e-03  8.81084697e-03
  7.51343675e-03  1.46060022e-02  1.83335624e-02  1.67615485e-02
  1.24042165e-02  1.07093790e-02  7.73359584e-03  7.31088845e-03
  7.54951243e-03  6.97456373e-03  3.95791896e-03  3.89066059e-03
  4.02294799e-03  1.47677175e-03  2.00831778e-03  4.41819937e-03
  2.53611041e-03 -2.22967755e-03  1.44775487e-03  9.12878023e-03
  1.22170671e-02  1.43754136e-02  1.53548751e-02  1.63294911e-02
  1.76517714e-02  1.86071540e-02  1.43361927e-02  1.46435539e-02
  1.10370246e-02  3.81963838e-03  1.00456805e-02  1.03803960e-02
 -1.82638357e-03  2.97619517e-03  5.60961788e-03  3.60044296e-03
  9.23658166e-04  2.08987805e-03 -2.34516958e-03 -2.34516958e-03
 -2.34516958e-03 -2.34516958e-03 -2.34516958e-03 -2.34516958e-03
 -2.34516958e-03 -2.34516958e-03 -2.34516958e-03 -2.34516958e-03
 -2.34516958e-03 -2.34516958e-03 -2.34516958e-03 -2.34516958e-03
 -2.34516958e-03 -2.34516958e-03]",476970
1086497550,Sst-IRES-Cre,True,familiar,"[-0.00822913 -0.00874651 -0.01295286 -0.01099742 -0.01145902 -0.0157789
 -0.02111896 -0.02059585 -0.02158075 -0.01714436 -0.006558    0.00369392
  0.01521793  0.02220278  0.02472181  0.02641471  0.03095682  0.02980594
  0.02661351  0.01321985  0.01742132  0.00742235  0.0026054   0.00178301
  0.00200025 -0.00425152 -0.01574999 -0.01581884 -0.01745425 -0.01564324
 -0.01734989 -0.01545301 -0.01992369 -0.0247272  -0.02312674 -0.02551184
 -0.02711358 -0.02189498 -0.02536259 -0.03408893 -0.03593909 -0.03794852
 -0.03560522 -0.03587255 -0.0339137  -0.0352236  -0.0374326  -0.03407985
 -0.03567303 -0.03635349 -0.03771922 -0.03671374 -0.04081399 -0.03590022
 -0.03364907 -0.02412886 -0.01049181 -0.00139271  0.00283601  0.00869177
  0.01080922  0.01304058  0.00887533  0.00401659  0.00115252 -0.00275609
 -0.00865936 -0.00451018 -0.02071148 -0.01638991 -0.02507004 -0.02968252
 -0.02525947 -0.02783469 -0.03529538 -0.03529538 -0.03529538 -0.03529538
 -0.03529538 -0.03529538 -0.03529538 -0.03529538 -0.03529538 -0.03529538
 -0.03529538 -0.03529538 -0.03529538 -0.03529538 -0.03529538 -0.03529538]",476970
1086497550,Sst-IRES-Cre,True,novel,"[ 0.00152479  0.00118123 -0.00272046 -0.00851219 -0.00779104 -0.00137059
 -0.00862319 -0.00527678 -0.00217083 -0.005641   -0.01018477 -0.00269883
 -0.00012838  0.00945809  0.01315374  0.01027654  0.00705633  0.00992385
  0.00635574  0.0133338   0.00027757 -0.00179729 -0.00228583 -0.00171165
 -0.00291114 -0.00116075 -0.00076153 -0.00172967  0.00317326 -0.00823903
 -0.00894244 -0.00440184 -0.00718377 -0.00980059 -0.01152745 -0.00906691
 -0.00981314 -0.01784075 -0.01928654 -0.01202642 -0.01617826 -0.00777225
 -0.01609629 -0.01176585 -0.00720618 -0.01152343 -0.01746687 -0.0148985
 -0.01970504 -0.01292357 -0.01090398 -0.01209001 -0.0139738  -0.01468409
 -0.01030536 -0.00848227 -0.00169719 -0.00014963 -0.00240937  0.00025597
  0.00335512  0.00765708  0.00662094  0.00585112  0.00557729  0.00370691
 -0.0030092   0.00039385  0.00041487  0.00119565  0.00011152 -0.00094386
 -0.00803926 -0.00489199 -0.00129661 -0.00129661 -0.00129661 -0.00129661
 -0.00129661 -0.00129661 -0.00129661 -0.00129661 -0.00129661 -0.00129661
 -0.00129661 -0.00129661 -0.00129661 -0.00129661 -0.00129661 -0.00129661]",476970
1086497765,Vip-IRES-Cre,False,familiar,"[-0.00288145 -0.00307684 -0.00430739 -0.00253141 -0.00500117 -0.00290841
 -0.00189559  0.00487412  0.00721694  0.00656447  0.01285143  0.00680025
  0.00099468 -0.0018643  -0.00109436  0.00373353  0.00539401  0.00341292
  0.00377911 -0.00286618 -0.00221301 -0.00108369 -0.00993904 -0.00579218
  0.00613336 -0.00575704 -0.00503765 -0.00107403 -0.00288755  0.00045648
  0.00163912 -0.00637589  0.00379133  0.01705207  0.0235484   0.01436404
  0.00882472  0.0120222   0.0053342   0.00263597  0.00314315 -0.00115537
  0.00210842 -0.00852993  0.00179633 -0.00013092 -0.00520977 -0.00039436
  0.00274609  0.00892979  0.00326921 -0.01345228  0.0012632   0.00603481
  0.00309201  0.00505287  0.00307629  0.00558755 -0.0006397  -0.00648773
 -0.00403491  0.00148584  0.00149914  0.00295064  0.01128742  0.0039815
 -0.01379016 -0.00393681 -0.01319375 -0.01071149 -0.00185744  0.00320995
 -0.00123932 -0.00313148 -0.00501266 -0.00501266 -0.00501266 -0.00501266
 -0.00501266 -0.00501266 -0.00501266 -0.00501266 -0.00501266 -0.00501266
 -0.00501266 -0.00501266 -0.00501266 -0.00501266 -0.00501266 -0.00501266]",467954
1086497765,Vip-IRES-Cre,False,novel,"[-8.37912215e-04 -6.18469264e-04  1.06015592e-03 -1.03120226e-03
 -3.78726865e-03 -1.17379652e-02 -4.09021247e-04 -4.31945042e-03
 -8.85030494e-03 -1.00949101e-02 -7.43638484e-03 -1.74954780e-03
  5.46528537e-03  9.72680460e-03  1.33390514e-02  9.29631854e-03
  4.37939125e-03 -1.50218948e-05  1.48696892e-02  7.85159431e-03
  6.72246024e-03  5.86675360e-03 -3.92400598e-03 -4.18028422e-03
  1.99042976e-03 -9.00683782e-03 -3.55522517e-03 -6.66972639e-03
  8.17242350e-04 -3.16163808e-03 -3.06125470e-03 -7.54365977e-03
 -6.44405996e-03  6.86695455e-03  2.06024921e-02  3.26907163e-02
  4.24005156e-02  4.80542576e-02  4.93600365e-02  3.70239718e-02
  3.50636125e-02  3.78214003e-02  2.81795338e-02  2.36125684e-02
  2.41336014e-02  2.49831140e-02  1.90836995e-02  2.22315552e-02
  7.81324326e-03  1.72876270e-02  8.62599418e-03  1.08031533e-02
  9.16381966e-03  3.37594573e-03  5.26101358e-03  6.46138968e-03
  1.16000040e-02  1.45690867e-02  1.97026036e-02  2.82729388e-02
  3.42465718e-02  3.38225913e-02  2.47086755e-02  1.91244236e-02
  2.10226015e-02  1.71261042e-02  2.01487266e-02  3.79549705e-03
  1.58778588e-02  7.18545737e-03  4.13113135e-03 -1.22790171e-02
 -8.08830968e-03 -1.23363083e-02 -7.69416467e-03 -7.69416467e-03
 -7.69416467e-03 -7.69416467e-03 -7.69416467e-03 -7.69416467e-03
 -7.69416467e-03 -7.69416467e-03 -7.69416467e-03 -7.69416467e-03
 -7.69416467e-03 -7.69416467e-03 -7.69416467e-03 -7.69416467e-03
 -7.69416467e-03 -7.69416467e-03]",467954
1086497765,Vip-IRES-Cre,True,familiar,"[ 4.09000228e-03  4.30306355e-03  6.85550020e-03  1.04983092e-02
  6.59169275e-03  2.54467563e-03  5.92663867e-03  1.00789405e-03
  2.90382345e-03  4.67330735e-03  3.01703641e-03  5.31273107e-03
  3.16808385e-03  1.36420571e-03 -4.76211039e-04 -1.61275593e-03
 -2.75378518e-03  7.60775180e-04 -2.73846456e-03 -6.74299741e-03
 -1.67981066e-03 -6.03134776e-03 -8.96835151e-03 -6.26874923e-03
 -4.50730665e-03 -1.30489907e-03 -4.92004569e-03 -4.46595115e-03
 -7.37103663e-03 -3.17602690e-03 -5.48699666e-03 -2.58551982e-03
  3.42864135e-05 -1.03726565e-03  3.33587241e-03  2.57584436e-03
 -2.31694685e-03  3.30232818e-03  4.18340037e-03  7.33069734e-03
  1.14966171e-02  2.01243065e-02  1.63374027e-02  2.25548606e-02
  1.61015466e-02  2.40007672e-02  2.45047108e-02  2.59583307e-02
  3.31720740e-02  2.97274241e-02  3.85002699e-02  3.61083793e-02
  4.05962197e-02  4.49334759e-02  4.67066953e-02  5.58913372e-02
  5.89105195e-02  5.61001935e-02  4.79133182e-02  4.11996032e-02
  3.76475385e-02  3.66685836e-02  3.99223792e-02  3.32105078e-02
  3.06574187e-02  3.29807741e-02  1.84904201e-02  1.69939279e-02
  1.80128175e-02  1.42179731e-02  1.75600716e-02  2.20112521e-02
  2.18725008e-02  1.74238344e-02  1.91504596e-02  1.91504596e-02
  1.91504596e-02  1.91504596e-02  1.91504596e-02  1.91504596e-02
  1.91504596e-02  1.91504596e-02  1.91504596e-02  1.91504596e-02
  1.91504596e-02  1.91504596e-02  1.91504596e-02  1.91504596e-02
  1.91504596e-02  1.91504596e-02]",467954
1086497765,Vip-IRES-Cre,True,novel,"[-0.00382911 -0.00320643  0.00244155  0.00114029 -0.00068866 -0.00426513
 -0.00600178 -0.00438193 -0.00946831 -0.0131007  -0.01104607 -0.0069355
  0.00027312  0.00440862  0.00956647  0.00677309  0.01141902  0.01363052
  0.01404703  0.00894448  0.01260542  0.00100193  0.00046856  0.00723157
 -0.00381646 -0.00464745 -0.00665833 -0.00706936 -0.00142999 -0.00740647
 -0.00478424 -0.00681358 -0.01450611 -0.01422965 -0.0148276  -0.01680484
 -0.01867136 -0.01856815 -0.01318075 -0.01453106 -0.01691938 -0.01689206
 -0.01657782 -0.02188856 -0.0166544  -0.02092924 -0.01805472 -0.01757846
 -0.01772996 -0.02026434 -0.02118232 -0.01585847 -0.01380976 -0.01504649
 -0.01421863 -0.01756119 -0.00513254  0.00560643  0.01036426  0.01549512
  0.01664848  0.018043    0.01805243  0.01475215  0.01012414  0.00765935
  0.00373773  0.00814551  0.00325692  0.00057646 -0.00014056 -0.00451472
 -0.00300795 -0.010077   -0.01561968 -0.01561968 -0.01561968 -0.01561968
 -0.01561968 -0.01561968 -0.01561968 -0.01561968 -0.01561968 -0.01561968
 -0.01561968 -0.01561968 -0.01561968 -0.01561968 -0.01561968 -0.01561968]",467954
1086497773,Vip-IRES-Cre,False,familiar,"[ 0.00363305  0.00313009 -0.00228471 -0.00604109  0.00049567 -0.00300652
  0.00062257  0.00470074  0.00718411 -0.00336758 -0.00302771 -0.00239167
 -0.00133264 -0.00039793 -0.00869744 -0.00611064 -0.00240754  0.00024603
  0.0074535   0.00154315  0.00075419 -0.00316257 -0.0034189  -0.0038509
  0.00173787  0.00245298  0.00467778  0.00798791  0.00018474  0.00269343
  0.00895761  0.00359824  0.00527126  0.01069353  0.00641242  0.00659031
  0.00401676  0.00376569  0.00635385  0.01287855  0.00535236  0.0020457
  0.00260935  0.00842477 -0.00433801 -0.00031968 -0.00101945 -0.00258071
 -0.00218325 -0.00463891 -0.00515086  0.00041791 -0.00048254 -0.00744212
 -0.00885947 -0.01239027 -0.01096332 -0.01038405 -0.01292812 -0.01124871
 -0.00675838 -0.00998688 -0.00938089 -0.00648196 -0.00594552 -0.01121586
 -0.00943842 -0.00952927 -0.00724517 -0.0070162  -0.01106397 -0.01441377
 -0.00897296 -0.00319931 -0.00730006 -0.00730006 -0.00730006 -0.00730006
 -0.00730006 -0.00730006 -0.00730006 -0.00730006 -0.00730006 -0.00730006
 -0.00730006 -0.00730006 -0.00730006 -0.00730006 -0.00730006 -0.00730006]",467953
1086497773,Vip-IRES-Cre,True,familiar,"[-3.35904885e-03 -3.26867939e-03 -1.79574462e-03  4.49185807e-03
  1.15992323e-02  1.68719736e-03  2.96872192e-03  8.53689042e-03
  3.80120249e-03 -7.99317669e-03 -5.38144126e-03 -4.65162949e-03
 -3.17552909e-03 -6.13960065e-03 -7.82196535e-03  6.69912234e-06
  5.26597849e-03  8.75757606e-03 -8.87806575e-03 -5.46503981e-03
  6.04467754e-04  7.10849610e-03 -2.49924915e-03 -1.04109947e-03
 -3.53293836e-03 -1.09524313e-02  1.71163064e-03  8.84620144e-03
  1.49089602e-03  9.07859106e-03  2.04683375e-04  3.87687616e-03
 -1.25010683e-03  3.74645126e-04 -3.69136851e-03 -3.12923407e-03
  1.97610450e-03  3.02527243e-03 -1.26308487e-03  4.87332151e-03
  1.78827846e-03  6.17334851e-03  9.05001202e-03  1.21861493e-02
  1.12258964e-02  1.63845064e-02  2.30352329e-02  9.25939844e-03
  1.44830922e-02  1.28272379e-02  1.47840735e-02  2.60051563e-02
  3.30657669e-02  2.28876670e-02  2.25392648e-02  3.23191687e-02
  3.03152488e-02  3.39601283e-02  3.17330207e-02  3.14082702e-02
  2.96070890e-02  2.92950456e-02  2.87947326e-02  2.52346547e-02
  1.82425899e-02  2.55896019e-02  2.18926937e-02  1.25286597e-02
  1.04459077e-02  1.98914522e-02  9.46114436e-03  1.24235266e-02
  8.43789243e-03  1.05404160e-02  1.16562045e-02  1.16562045e-02
  1.16562045e-02  1.16562045e-02  1.16562045e-02  1.16562045e-02
  1.16562045e-02  1.16562045e-02  1.16562045e-02  1.16562045e-02
  1.16562045e-02  1.16562045e-02  1.16562045e-02  1.16562045e-02
  1.16562045e-02  1.16562045e-02]",467953
1086497787,Vip-IRES-Cre,False,familiar,"[-1.86256840e-02 -1.77792791e-02 -8.62025647e-03  8.09982959e-04
  9.08107262e-04  5.58588948e-03  9.84029731e-03  2.02081342e-02
  2.44951861e-02  1.98748257e-02  1.21286228e-02  1.01512905e-02
  7.97188909e-03 -7.59774698e-03 -1.37119645e-02 -1.14518834e-02
 -1.20595135e-02 -1.51736034e-02 -1.63238336e-02 -1.56455394e-02
 -1.67231863e-02 -1.70120701e-02 -8.22567265e-03 -4.77678173e-03
 -9.68832148e-04  8.69861376e-03  9.05213146e-03  1.39805170e-02
  1.88791762e-02  2.21111833e-02  1.64505674e-02  1.91065150e-02
  1.69502913e-02  9.69986531e-03  6.47623928e-03  1.13252691e-03
 -2.32901025e-03 -8.10072759e-03 -6.57747130e-03 -4.70921876e-03
 -1.32647405e-02 -1.22613547e-02 -2.23262927e-02 -1.64267089e-02
 -1.15166312e-02 -2.19566879e-02 -1.39735739e-02 -2.25786198e-02
 -2.45020227e-02 -2.21146228e-02 -1.81496241e-02 -1.94510170e-02
 -1.22284705e-02 -1.41326491e-02 -9.59321590e-03 -1.02675017e-02
 -1.80524705e-02 -2.47328508e-02 -2.13977233e-02 -2.35389026e-02
 -2.37476143e-02 -2.40739001e-02 -2.07432738e-02 -1.98887979e-02
 -1.92707097e-02 -2.56689501e-02 -2.48648783e-02 -2.49332049e-02
 -1.59283039e-02 -1.83404098e-02 -1.35854619e-02 -1.07746364e-02
 -1.84030443e-02 -1.76621944e-02 -5.60187338e-05 -5.60187338e-05
 -5.60187338e-05 -5.60187338e-05 -5.60187338e-05 -5.60187338e-05
 -5.60187338e-05 -5.60187338e-05 -5.60187338e-05 -5.60187338e-05
 -5.60187338e-05 -5.60187338e-05 -5.60187338e-05 -5.60187338e-05
 -5.60187338e-05 -5.60187338e-05]",467953
1086497787,Vip-IRES-Cre,True,familiar,"[ 0.01029514  0.00931032  0.00102415  0.00333595  0.00362877  0.0109295
  0.01009269  0.01290095  0.01645435  0.01136239  0.0079328   0.00647022
  0.00284778 -0.00200154 -0.01041585 -0.01493227 -0.00895132 -0.01383643
 -0.01095111 -0.01686455 -0.02402474 -0.00486209 -0.00872629 -0.01343319
  0.00508845  0.00019534  0.00407579  0.00417767  0.00643988  0.00243727
  0.01019865  0.01180235  0.01139362  0.01125374  0.01646376  0.01810435
  0.02633413  0.0323212   0.03334221  0.03957695  0.04112468  0.05163626
  0.05375307  0.03978728  0.0719554   0.07127804  0.08015398  0.07567126
  0.09331456  0.09577002  0.09543106  0.10703706  0.12033587  0.1189057
  0.12163055  0.1189811   0.10663973  0.09254206  0.07737481  0.06357621
  0.04821103  0.04727442  0.04656829  0.04007142  0.03593901  0.02572364
  0.01963123  0.02552576  0.02241566  0.02126247  0.02153294  0.02442203
  0.02596699  0.01712422  0.03011086  0.03011086  0.03011086  0.03011086
  0.03011086  0.03011086  0.03011086  0.03011086  0.03011086  0.03011086
  0.03011086  0.03011086  0.03011086  0.03011086  0.03011086  0.03011086]",467953
1086497807,Vip-IRES-Cre,False,familiar,"[ 4.18443903e-03  3.97449652e-03  3.19083925e-03  7.44118862e-03
 -1.23597184e-03  1.49940455e-03  3.00783340e-03  2.62799271e-03
 -3.14029232e-03 -2.54964518e-03 -1.52119747e-03 -6.78675105e-03
 -9.77765716e-03 -5.62981050e-03 -4.67286901e-03 -4.58703454e-03
  3.37941491e-03  7.32406664e-04  4.36859975e-03 -3.20592311e-03
 -2.90491484e-03 -3.65437805e-03  2.02863218e-03 -5.32406928e-03
 -3.47778915e-03  2.82890833e-03  5.48007364e-03  1.88495402e-03
  8.88380298e-03  2.95531693e-03  8.01109989e-03  7.38347441e-03
  4.14265818e-03 -1.36604795e-03 -2.10035944e-03  1.23095392e-03
  1.16543937e-03 -9.68266868e-04  3.68347350e-03  1.06457294e-02
  1.22171553e-02  5.09047453e-03  8.37915336e-05  3.91985456e-03
 -2.87987166e-03 -5.27393535e-03 -6.92342777e-04  4.78485216e-03
  3.02163884e-03  1.28405646e-03  2.56650023e-03  2.10157363e-03
  3.18182649e-04 -1.46009165e-03 -1.02124384e-02 -1.09370468e-02
 -6.55218475e-03 -8.23279335e-03 -1.41903544e-02 -1.57750347e-02
 -1.35610069e-02 -1.16167421e-02 -7.29521024e-03 -9.59683768e-03
 -1.11682917e-02 -8.87253798e-03 -8.99034578e-03 -1.20646654e-02
 -1.13286803e-02 -9.40964462e-03 -6.21565393e-03 -8.53115442e-03
 -4.92263045e-03 -5.20623253e-03 -1.18430566e-02 -1.18430566e-02
 -1.18430566e-02 -1.18430566e-02 -1.18430566e-02 -1.18430566e-02
 -1.18430566e-02 -1.18430566e-02 -1.18430566e-02 -1.18430566e-02
 -1.18430566e-02 -1.18430566e-02 -1.18430566e-02 -1.18430566e-02
 -1.18430566e-02 -1.18430566e-02]",467953
1086497807,Vip-IRES-Cre,True,familiar,"[-2.15120796e-03 -1.34637987e-03  5.80796930e-03  6.97562922e-03
  1.14265957e-02  6.94536002e-03  3.06657347e-04  3.52694069e-03
  5.62011494e-03  6.79055290e-05 -2.27976927e-03 -3.00181729e-03
 -6.95482202e-03 -1.05230476e-02 -1.03787848e-02 -7.86154624e-03
  6.79383825e-03  8.82603454e-03  7.69744773e-03  5.65645311e-03
 -8.03817165e-03 -5.10005556e-03 -2.03563442e-03 -9.16558422e-03
 -2.41306226e-03  1.57875764e-03  6.21349237e-04  2.12434524e-03
 -2.39073030e-03 -3.34784962e-04 -7.90833588e-04 -1.66494179e-03
 -5.38120509e-03  4.36054017e-04  3.77963802e-03  1.97749160e-03
  4.98720295e-03  1.01598558e-02  1.31893576e-02  1.11708206e-02
  1.77229864e-02  2.02022849e-02  2.55263028e-02  2.47792832e-02
  1.92311909e-02  3.43512081e-02  3.28160370e-02  3.48142630e-02
  3.52795910e-02  4.27351246e-02  4.03738715e-02  4.70984169e-02
  4.95832108e-02  5.42663127e-02  4.30166484e-02  3.97093171e-02
  3.87428439e-02  2.91480168e-02  3.11501279e-02  3.18424703e-02
  2.87683168e-02  3.26659438e-02  3.00591372e-02  2.73671236e-02
  2.87820869e-02  2.74299370e-02  2.18625135e-02  1.63774774e-02
  1.35370111e-02  1.61909467e-02  1.72956659e-02  1.66570049e-02
  1.32595610e-02  1.97527661e-02  1.24919542e-02  1.24919542e-02
  1.24919542e-02  1.24919542e-02  1.24919542e-02  1.24919542e-02
  1.24919542e-02  1.24919542e-02  1.24919542e-02  1.24919542e-02
  1.24919542e-02  1.24919542e-02  1.24919542e-02  1.24919542e-02
  1.24919542e-02  1.24919542e-02]",467953
1086497860,Vip-IRES-Cre,False,familiar,"[-4.89778501e-03 -4.10070354e-03  2.76861191e-03  4.22547615e-04
 -2.52917816e-03  3.60759532e-03  4.92549577e-03  8.22445025e-03
  1.25977953e-02  9.30252887e-03  7.76988399e-03 -1.31454421e-05
 -5.80473125e-03 -7.95995054e-03 -1.01695303e-02 -1.24421719e-02
 -6.27956612e-03 -5.63926067e-03 -6.46267014e-03 -8.21884763e-03
 -9.29562568e-03 -7.62809984e-03 -6.52908724e-03 -2.06373877e-03
  1.25158373e-03  9.43156807e-04  3.85995691e-03  1.11582579e-02
  1.11842715e-02  2.20179563e-02  1.68743583e-02  9.02553188e-03
  8.91895594e-03  9.70277145e-03  6.01581493e-03  9.21000453e-05
  1.92910557e-03  8.30057424e-04  6.51653427e-04 -3.00989597e-03
 -3.01784836e-03 -6.82997156e-03 -5.36840453e-03 -1.02261033e-02
 -1.08984258e-02 -1.09961125e-02 -1.89066511e-02 -1.32288783e-02
 -1.31933566e-02 -1.18776909e-02 -9.02430914e-03 -1.43653738e-02
 -6.99114077e-03 -8.79156861e-03 -1.05934085e-02 -1.39047614e-02
 -1.47524131e-02 -1.78623460e-02 -2.12088493e-02 -1.97982802e-02
 -1.58173755e-02 -1.19412200e-02 -1.59502802e-02 -1.80240895e-02
 -1.89547608e-02 -1.70905702e-02 -1.95844032e-02 -1.54321489e-02
 -1.77191561e-02 -1.72894152e-02 -1.84564237e-02 -1.24933109e-02
 -7.34851453e-03 -9.11041817e-03 -4.68306848e-06 -4.68306848e-06
 -4.68306848e-06 -4.68306848e-06 -4.68306848e-06 -4.68306848e-06
 -4.68306848e-06 -4.68306848e-06 -4.68306848e-06 -4.68306848e-06
 -4.68306848e-06 -4.68306848e-06 -4.68306848e-06 -4.68306848e-06
 -4.68306848e-06 -4.68306848e-06]",467953
1086497860,Vip-IRES-Cre,True,familiar,"[ 0.00375069  0.00320434 -0.00152164 -0.00071837  0.00081647  0.00475229
  0.00352904  0.00851216  0.01678997  0.01984122  0.01422788  0.00797251
  0.00306771 -0.01059402 -0.01306503 -0.01232457  0.00103891 -0.00189893
 -0.00522285 -0.00545969 -0.00917677 -0.00316447 -0.00685498 -0.00951915
 -0.00347014  0.00215609 -0.00560708 -0.0052707   0.00289099  0.00131814
  0.00103432  0.00554194  0.00234168  0.00464651  0.01208595  0.01963176
  0.01863148  0.01485881  0.02558132  0.03067923  0.03009263  0.03090041
  0.02992104  0.04260527  0.03750884  0.05476278  0.05393713  0.04916978
  0.07081304  0.07236225  0.07119036  0.07343128  0.07880105  0.0831172
  0.08229251  0.07657435  0.06817222  0.06173205  0.05933176  0.04753928
  0.04389457  0.03775221  0.035637    0.03233648  0.03276113  0.02263292
  0.02560817  0.01903912  0.0138749   0.01633315  0.0214699   0.00817995
  0.01814787  0.02354548  0.01970539  0.01970539  0.01970539  0.01970539
  0.01970539  0.01970539  0.01970539  0.01970539  0.01970539  0.01970539
  0.01970539  0.01970539  0.01970539  0.01970539  0.01970539  0.01970539]",467953
1086497908,Sst-IRES-Cre,False,familiar,"[ 1.39346535e-03  1.11130597e-03 -1.87316369e-03 -5.70157693e-03
 -1.11001158e-02 -1.46975906e-02 -1.77513000e-02 -2.07649622e-02
 -2.18859600e-02 -9.28191088e-03  5.36945099e-03  1.83538736e-02
  2.76287641e-02  3.13981879e-02  2.99278490e-02  2.87902090e-02
  2.44911780e-02  2.43561681e-02  1.66232116e-02  9.54342334e-03
  2.55730842e-03  7.20374552e-03 -9.30884016e-03 -5.81473447e-03
 -1.60072113e-02 -1.14384966e-02 -1.55645144e-02 -2.03880282e-02
 -2.20097379e-02 -2.51599976e-02 -2.26510282e-02 -1.74327701e-02
  7.08512730e-05  2.02233227e-02  3.40449176e-02  5.37980620e-02
  6.66028834e-02  7.22566663e-02  7.62868291e-02  7.19065831e-02
  5.79018070e-02  5.25818913e-02  4.20578401e-02  3.22422881e-02
  2.56406417e-02  2.41043811e-02  1.73234376e-02  1.55844016e-02
  1.01292215e-02  5.61897470e-03 -2.27269996e-03 -3.62809545e-03
 -7.93354126e-03 -2.54144732e-03  1.45708551e-02  3.39716715e-02
  4.88706942e-02  5.66306643e-02  6.33457757e-02  6.51187883e-02
  6.71973446e-02  6.69578512e-02  5.44217074e-02  4.29521373e-02
  3.76667196e-02  3.26395087e-02  1.97711445e-02  1.39259958e-02
  5.88235511e-03 -1.69538193e-03  5.08487605e-03 -2.88013189e-03
 -7.99624386e-03 -1.02474358e-02 -1.28279084e-02 -1.28279084e-02
 -1.28279084e-02 -1.28279084e-02 -1.28279084e-02 -1.28279084e-02
 -1.28279084e-02 -1.28279084e-02 -1.28279084e-02 -1.28279084e-02
 -1.28279084e-02 -1.28279084e-02 -1.28279084e-02 -1.28279084e-02
 -1.28279084e-02 -1.28279084e-02]",476970
1086497908,Sst-IRES-Cre,False,novel,"[ 4.75394500e-03  4.68509181e-03  2.28463735e-03 -7.38216170e-03
 -4.28968294e-03 -6.04910839e-03 -4.76580859e-03 -6.89052407e-03
 -6.57019902e-03 -1.55697788e-03 -3.40424217e-03  1.31994127e-03
  5.23401165e-03  7.49218120e-03  5.10790275e-03  3.48928090e-03
  8.10800712e-03  8.43455234e-03  9.36682589e-03  9.10460897e-03
  1.11637313e-02 -2.27015603e-03 -3.44728522e-04  2.80597444e-03
 -6.49202337e-03 -5.36101057e-03 -9.72386097e-03 -4.65511410e-03
 -6.32798771e-03 -7.26710593e-03 -9.91874165e-03 -8.03605231e-03
 -6.34875688e-03  6.63943218e-03  1.46833863e-02  2.18832104e-02
  2.78900745e-02  3.73848520e-02  4.85680681e-02  4.56224498e-02
  4.53965585e-02  3.44726479e-02  3.37968753e-02  2.85290865e-02
  1.20712029e-02  1.62557113e-02  3.74659839e-03  1.21393655e-02
  1.28593573e-02  1.05062081e-02  1.27276631e-03  2.50939096e-05
  1.10776581e-03 -5.51523049e-03  1.30755350e-03  1.30696658e-02
  1.80812776e-02  2.54479377e-02  3.10474783e-02  3.69013370e-02
  3.72573329e-02  3.69020991e-02  3.56311171e-02  2.72816408e-02
  2.43892830e-02  1.72422420e-02  1.41865286e-02  4.25694331e-03
 -2.30976601e-03  3.66602700e-03 -4.33545311e-03  5.42342714e-03
 -3.09274784e-03 -3.85913046e-03 -7.16867916e-03 -7.16867916e-03
 -7.16867916e-03 -7.16867916e-03 -7.16867916e-03 -7.16867916e-03
 -7.16867916e-03 -7.16867916e-03 -7.16867916e-03 -7.16867916e-03
 -7.16867916e-03 -7.16867916e-03 -7.16867916e-03 -7.16867916e-03
 -7.16867916e-03 -7.16867916e-03]",476970
1086497908,Sst-IRES-Cre,True,familiar,"[-0.01280411 -0.01278655 -0.01327438 -0.01748776 -0.01876443 -0.01724462
 -0.02178522 -0.02568318 -0.02683225 -0.01965067 -0.00453795  0.01210403
  0.02236814  0.02791052  0.03864644  0.04003108  0.03939449  0.03594478
  0.03097957  0.02730827  0.01817944  0.01117071 -0.00165405 -0.0069054
 -0.01051371 -0.01499493 -0.01560743 -0.01955214 -0.02059755 -0.02336116
 -0.02758189 -0.03146156 -0.03356332 -0.03847019 -0.03671495 -0.03614269
 -0.04179686 -0.04248836 -0.04032565 -0.0392983  -0.04860193 -0.04863972
 -0.05131766 -0.04750255 -0.04029226 -0.04354674 -0.04939283 -0.0495493
 -0.04389097 -0.04245417 -0.03890261 -0.04458248 -0.04697928 -0.04472531
 -0.03733513 -0.01541402  0.00388113  0.00867736  0.01656225  0.02200185
  0.02315803  0.02228673  0.01991264  0.01342744  0.00537928  0.00495874
 -0.00361415 -0.00677616 -0.00827297 -0.02311841 -0.01925503 -0.02026719
 -0.02407537 -0.02983397 -0.03496721 -0.03496721 -0.03496721 -0.03496721
 -0.03496721 -0.03496721 -0.03496721 -0.03496721 -0.03496721 -0.03496721
 -0.03496721 -0.03496721 -0.03496721 -0.03496721 -0.03496721 -0.03496721]",476970
1086497908,Sst-IRES-Cre,True,novel,"[ 0.0013193   0.00120431 -0.00018569 -0.00320351 -0.00681833 -0.0093939
 -0.01210725 -0.01439789 -0.01940001 -0.01679596 -0.01130712 -0.00087192
  0.00147854  0.00921981  0.02062529  0.02102757  0.02326626  0.02181309
  0.01946199  0.00461638  0.01060744  0.00379126  0.00166674  0.00062774
 -0.00315054 -0.00281336 -0.00501201 -0.0043555  -0.01557855 -0.01533416
 -0.01979675 -0.01494092 -0.01620399 -0.020426   -0.02222788 -0.01944368
 -0.0206678  -0.02193835 -0.01850213 -0.02506799 -0.02280719 -0.02539001
 -0.01929361 -0.02083826 -0.02743111 -0.02155486 -0.02113633 -0.02538696
 -0.03063777 -0.03116442 -0.02438228 -0.02271592 -0.02735921 -0.02470261
 -0.01982607 -0.01708633 -0.00386549  0.00110597  0.0084041   0.0063277
  0.00842057  0.01059853  0.01378253  0.0124192   0.0040979   0.00406731
  0.00708208  0.00348023  0.0038222  -0.00705988 -0.00992729 -0.00824176
 -0.00240278 -0.00725098 -0.01545148 -0.01545148 -0.01545148 -0.01545148
 -0.01545148 -0.01545148 -0.01545148 -0.01545148 -0.01545148 -0.01545148
 -0.01545148 -0.01545148 -0.01545148 -0.01545148 -0.01545148 -0.01545148]",476970
1086497993,Vip-IRES-Cre,False,novel,"[ 0.00154763  0.00082117 -0.0058608  -0.00827997 -0.01025928 -0.01049272
 -0.00428391 -0.00648272 -0.01383163 -0.01324731 -0.01073611 -0.00915728
 -0.0077772  -0.00399485  0.00648777  0.0054229   0.0155868   0.02183638
  0.01652306  0.01842936  0.01533913  0.00905081  0.00514535 -0.00051061
 -0.00067276 -0.00677848 -0.00074525 -0.00071601  0.00095955 -0.00332301
 -0.00027019 -0.00573356 -0.00444541  0.00646355  0.01765465  0.0400679
  0.04926946  0.04771992  0.05262798  0.06016783  0.05914524  0.05254269
  0.03822155  0.03459101  0.02609042  0.01507531  0.01553689  0.0007991
  0.00101189 -0.00283511  0.00170494 -0.00523617 -0.00933327 -0.01362785
 -0.01526843 -0.00916712 -0.00674081 -0.00015648 -0.00221201  0.0047254
  0.00856451  0.01029046  0.01735394  0.01235147  0.01072253 -0.0012901
  0.00551983 -0.00091324  0.00605514 -0.00277716 -0.00736775 -0.00932918
 -0.01290068 -0.00985317 -0.01015223 -0.01015223 -0.01015223 -0.01015223
 -0.01015223 -0.01015223 -0.01015223 -0.01015223 -0.01015223 -0.01015223
 -0.01015223 -0.01015223 -0.01015223 -0.01015223 -0.01015223 -0.01015223]",467953
1086497993,Vip-IRES-Cre,True,novel,"[ 0.01194655  0.01021001 -0.00577291 -0.00913171 -0.00103038  0.00046484
 -0.00107619 -0.00564337 -0.00612728 -0.00616949 -0.00898856 -0.01227937
 -0.00699494 -0.00136851 -0.00255462  0.0042575   0.01250563  0.01276135
  0.02104979  0.01729453  0.01290903 -0.00382397  0.01442467 -0.00966601
  0.00025672 -0.00287609 -0.01100243 -0.01427849 -0.00337633 -0.00591994
 -0.01525271 -0.01219399 -0.01259926 -0.01777284 -0.01566144 -0.01984828
 -0.0262609  -0.01834953 -0.02004229 -0.02044667 -0.01528513 -0.01629768
 -0.01755477 -0.013035   -0.02144566 -0.01647626 -0.01975268 -0.01656584
 -0.01498453 -0.0161641  -0.0135837  -0.012707   -0.0136138   0.00356704
  0.00450481  0.0028547   0.01132617  0.01793799  0.0111511   0.0148002
  0.02275241  0.02385143  0.02164297  0.01619567  0.022397   -0.00110688
 -0.01069073 -0.00091557 -0.00775102 -0.00250882 -0.01007696 -0.0129087
 -0.02187862 -0.01562238 -0.01439041 -0.01439041 -0.01439041 -0.01439041
 -0.01439041 -0.01439041 -0.01439041 -0.01439041 -0.01439041 -0.01439041
 -0.01439041 -0.01439041 -0.01439041 -0.01439041 -0.01439041 -0.01439041]",467953
1086498061,Vip-IRES-Cre,False,novel,"[-0.00512828 -0.00576648 -0.01043367 -0.00724111 -0.0151729  -0.01324531
 -0.01298617 -0.01268857 -0.01393873 -0.01314511 -0.00213078  0.0097175
  0.01468395  0.01454369  0.01263331  0.00908269  0.01522     0.01653478
  0.01404169  0.00990167  0.0077321   0.00227982  0.00751634 -0.00331375
  0.00159539  0.00048249 -0.00546103  0.0004134  -0.00785402 -0.00787292
 -0.00585596 -0.0054626   0.00456813  0.02273698  0.03881123  0.04647298
  0.05465276  0.04898003  0.04796565  0.05019001  0.04573999  0.04252669
  0.03667278  0.02718222  0.01681392  0.01106235  0.0113675   0.00308011
  0.00637557 -0.0037094  -0.01214947 -0.0130773  -0.01385484 -0.01423753
 -0.01130815 -0.00564399  0.00268272  0.00840331  0.01265911  0.0079245
 -0.00071144  0.00100346  0.00926068  0.00607311 -0.00060434 -0.0073898
 -0.00208824 -0.00595496 -0.00675751 -0.01134218 -0.0149968  -0.01985916
 -0.0194507  -0.02160619 -0.021147   -0.021147   -0.021147   -0.021147
 -0.021147   -0.021147   -0.021147   -0.021147   -0.021147   -0.021147
 -0.021147   -0.021147   -0.021147   -0.021147   -0.021147   -0.021147  ]",467953
1086498061,Vip-IRES-Cre,True,novel,"[ 3.19553399e-03  2.76604202e-03 -1.68497148e-03 -4.68396771e-03
 -6.47166746e-05 -4.01087702e-03 -1.26880881e-02 -1.68577869e-02
 -1.54476026e-02 -1.22754560e-02 -2.36717725e-03  4.47147639e-03
  9.78632118e-03  1.59894165e-02  2.26370777e-02  8.76430720e-03
  1.41691945e-02  7.57303865e-03  1.03850598e-02  1.38187466e-02
  1.06446204e-02 -4.06156717e-03 -5.55562366e-03 -5.08155815e-03
 -7.15628830e-03 -5.97113143e-03 -6.09633979e-03 -5.42654728e-03
 -6.25065418e-03 -8.52048122e-03 -7.00031546e-03 -1.17287012e-02
 -1.42868463e-02 -1.65540075e-02 -1.87924791e-02 -1.65473462e-02
 -1.55761138e-02 -1.90548083e-02 -1.61424608e-02 -1.27598668e-02
 -1.67994785e-02 -1.89335675e-02 -1.96270948e-02 -2.00430567e-02
 -9.21948012e-03 -2.51042821e-02 -1.50444887e-02 -1.79960178e-02
 -1.08922900e-02 -1.49967092e-02 -1.13307445e-02 -9.80755537e-03
 -1.55977002e-02 -1.40773307e-02 -3.38252705e-03  1.12484868e-02
  1.97309005e-02  3.10245273e-02  3.33403082e-02  3.18333503e-02
  2.59103122e-02  2.88637405e-02  3.06270440e-02  2.92267483e-02
  2.26129824e-02  2.20325733e-02  9.64904869e-03  2.72739870e-03
  6.53553012e-03  4.04991502e-03 -1.51221921e-03 -6.26395328e-03
 -1.12374431e-02 -7.56180036e-03 -1.39488632e-02 -1.39488632e-02
 -1.39488632e-02 -1.39488632e-02 -1.39488632e-02 -1.39488632e-02
 -1.39488632e-02 -1.39488632e-02 -1.39488632e-02 -1.39488632e-02
 -1.39488632e-02 -1.39488632e-02 -1.39488632e-02 -1.39488632e-02
 -1.39488632e-02 -1.39488632e-02]",467953
1086498071,Sst-IRES-Cre,False,familiar,"[-0.0248192  -0.02555366 -0.03340644 -0.04134474 -0.0407683  -0.04526701
 -0.04924699 -0.05177134 -0.0542835  -0.03820297  0.00301458  0.03946085
  0.06501062  0.08481639  0.09477022  0.10042868  0.09513996  0.07568402
  0.04656348  0.03274272  0.01994071  0.00547187 -0.00543505 -0.02048557
 -0.02154849 -0.03132106 -0.03471282 -0.03941325 -0.04672585 -0.05873788
 -0.06058766 -0.05096059 -0.03214944 -0.00284806  0.01820078  0.03277546
  0.04519938  0.05504934  0.05122088  0.04058701  0.02337721  0.00028417
 -0.01822932 -0.03023482 -0.04405212 -0.0562248  -0.05969548 -0.06653267
 -0.07817754 -0.08095963 -0.09016538 -0.08681139 -0.08922068 -0.09060415
 -0.06069502 -0.01518758  0.02591058  0.05116622  0.0706311   0.0826106
  0.08711953  0.0806919   0.06200929  0.03505426  0.01017447 -0.0052588
 -0.02212601 -0.02883725 -0.03533473 -0.0518448  -0.05907468 -0.05903587
 -0.0654429  -0.07207718 -0.07787874 -0.07787874 -0.07787874 -0.07787874
 -0.07787874 -0.07787874 -0.07787874 -0.07787874 -0.07787874 -0.07787874
 -0.07787874 -0.07787874 -0.07787874 -0.07787874 -0.07787874 -0.07787874]",476970
1086498071,Sst-IRES-Cre,False,novel,"[-0.00319601 -0.00292944 -0.00030801 -0.00130219 -0.01122684 -0.00545335
 -0.00841413 -0.01386489 -0.01441142 -0.01294049 -0.00559805  0.00094702
  0.0080776   0.01172937  0.01065435  0.02209175  0.02598205  0.02046694
  0.00929194  0.0157664   0.01423955 -0.00146905 -0.00400491 -0.00734873
 -0.01204073 -0.00530575 -0.00689642 -0.0096944  -0.00444855 -0.00839363
 -0.01316769 -0.01172895 -0.0104123  -0.01159386 -0.0065087   0.00428272
  0.00734312  0.00614167  0.00846158  0.01302972  0.00899106 -0.0014973
 -0.00223383 -0.00063413 -0.01317475 -0.01717592 -0.01422952 -0.01770656
 -0.02335194 -0.02194576 -0.02181976 -0.02495253 -0.03067918 -0.0241087
 -0.02074678 -0.01591641 -0.0074124   0.00324244  0.00991867  0.01026489
  0.0147347   0.01379349  0.01270168  0.00827214  0.003421   -0.00189993
 -0.00400446 -0.00866615 -0.01132004 -0.00902098 -0.0151573  -0.0183447
 -0.01588509 -0.01430552 -0.01962106 -0.01962106 -0.01962106 -0.01962106
 -0.01962106 -0.01962106 -0.01962106 -0.01962106 -0.01962106 -0.01962106
 -0.01962106 -0.01962106 -0.01962106 -0.01962106 -0.01962106 -0.01962106]",476970
1086498071,Sst-IRES-Cre,True,familiar,"[-0.01392753 -0.01504337 -0.02631023 -0.0349202  -0.03733651 -0.04155683
 -0.04092938 -0.05056676 -0.05675083 -0.04829615 -0.01459328  0.02398744
  0.05484736  0.07447763  0.08305063  0.08462089  0.07880879  0.07554533
  0.05594985  0.04020579  0.02269257  0.01819573  0.00079579 -0.0155129
 -0.01977747 -0.02999352 -0.03574718 -0.03865336 -0.04630737 -0.04695492
 -0.04713631 -0.05358966 -0.05470552 -0.05660766 -0.0640027  -0.06667399
 -0.06898956 -0.06811605 -0.0685639  -0.07324298 -0.07310117 -0.07750419
 -0.0793241  -0.08247868 -0.08058602 -0.07247411 -0.06511194 -0.07041529
 -0.07692065 -0.07399676 -0.07554154 -0.07320259 -0.07578583 -0.07174112
 -0.05941476 -0.02625362  0.01710143  0.03942946  0.05019507  0.0522044
  0.06011105  0.05288113  0.03823986  0.02298928  0.00626046 -0.00621427
 -0.02625042 -0.03096575 -0.03966727 -0.04676413 -0.05103987 -0.05781848
 -0.06342264 -0.06072647 -0.06966055 -0.06966055 -0.06966055 -0.06966055
 -0.06966055 -0.06966055 -0.06966055 -0.06966055 -0.06966055 -0.06966055
 -0.06966055 -0.06966055 -0.06966055 -0.06966055 -0.06966055 -0.06966055]",476970
1086498071,Sst-IRES-Cre,True,novel,"[-0.00326106 -0.00292786 -0.00160344 -0.01200152 -0.01364241 -0.00826667
 -0.02074756 -0.01894135 -0.01666086 -0.01453381 -0.00754524  0.00730664
  0.01013377  0.01138299  0.01920734  0.03245585  0.02996884  0.02922047
  0.02019171  0.01348981  0.01706393  0.00105367 -0.00452181 -0.01105313
 -0.00773759 -0.01076828 -0.00440332 -0.01141114 -0.01188948 -0.0095585
 -0.01214849 -0.01161258 -0.00944606 -0.01664573 -0.02056205 -0.02001299
 -0.01961041 -0.01378466 -0.01755691 -0.02847708 -0.02313247 -0.01240133
 -0.01387436 -0.0158594  -0.02011452 -0.01646028 -0.01684432 -0.02519148
 -0.01934697 -0.0173605  -0.01867797 -0.01520633 -0.01120054 -0.01866922
 -0.01579849 -0.01563298 -0.00907374 -0.00310772  0.00409167  0.01209416
  0.01413422  0.01962574  0.01626344  0.00618023  0.0059902  -0.00287751
  0.00049908 -0.01629997 -0.00409374 -0.00841512 -0.00597614 -0.01026366
 -0.02028123 -0.01689727 -0.0226099  -0.0226099  -0.0226099  -0.0226099
 -0.0226099  -0.0226099  -0.0226099  -0.0226099  -0.0226099  -0.0226099
 -0.0226099  -0.0226099  -0.0226099  -0.0226099  -0.0226099  -0.0226099 ]",476970
1086498125,Vip-IRES-Cre,False,familiar,"[-6.30142714e-03 -6.10721694e-03 -4.27607741e-03 -2.52392840e-03
  3.78907635e-04 -6.66704401e-04  8.29240268e-04 -3.51347817e-03
  4.26054991e-03  6.69218132e-03  8.70880047e-03  7.34994932e-03
  5.27160274e-03  4.83583578e-03  4.52957336e-03  4.66434202e-04
 -8.13917425e-05  1.03520872e-03 -2.91207995e-03  2.32834711e-03
 -5.42631992e-03 -7.32392186e-03 -5.07700237e-03 -5.48784189e-04
 -3.48321977e-03 -2.57078080e-03 -3.79786433e-03  1.31049826e-03
  3.37670711e-03  3.23636119e-03 -1.72104137e-04  5.87283478e-03
  1.29645968e-02  1.33003074e-02  1.08793705e-02  1.01097056e-02
  1.16996658e-02  8.67302684e-03  6.30726382e-03  7.60915183e-03
  1.08163390e-02  1.03021961e-02  1.00942726e-02  7.05970808e-03
  4.41600904e-03  1.49426445e-03  1.08600441e-03  4.63053313e-06
  2.55297485e-03 -5.37745364e-04 -1.25513849e-03 -3.23180231e-03
 -5.33535358e-03 -3.90082647e-03 -5.00808065e-03 -2.43841949e-03
 -4.89872753e-03 -9.28700508e-03 -6.58541077e-03 -6.52851990e-03
 -1.38633529e-02 -9.05189690e-03 -8.25127999e-03 -1.07731062e-02
 -1.35438899e-02 -7.41324639e-03 -6.37127737e-03 -8.85651597e-03
 -6.92201083e-03 -8.47833918e-03 -1.15455976e-02 -6.86604938e-03
 -1.04651158e-02 -8.99325255e-03 -1.25111441e-02 -1.25111441e-02
 -1.25111441e-02 -1.25111441e-02 -1.25111441e-02 -1.25111441e-02
 -1.25111441e-02 -1.25111441e-02 -1.25111441e-02 -1.25111441e-02
 -1.25111441e-02 -1.25111441e-02 -1.25111441e-02 -1.25111441e-02
 -1.25111441e-02 -1.25111441e-02]",467954
1086498125,Vip-IRES-Cre,False,novel,"[-0.00466927 -0.00460379 -0.00411778 -0.00416224 -0.00293224 -0.00370506
  0.00374373 -0.01245162 -0.00491429 -0.00570424 -0.00242631  0.00312553
  0.00446393  0.00789696  0.01239663  0.0088855   0.00976703  0.00828131
  0.01168293  0.00934805 -0.0023837   0.00914835  0.00220447 -0.00528429
 -0.00937861 -0.010908   -0.00241463 -0.00105187 -0.00676159 -0.00307492
 -0.00345847 -0.01126614 -0.00549907  0.01736948  0.03508262  0.03424893
  0.03692483  0.04036297  0.04198513  0.03381419  0.02925414  0.01504792
  0.01317436  0.01324285  0.00984461  0.01022871  0.00894987 -0.00487052
 -0.00335762 -0.00601484 -0.01246769 -0.01097201 -0.01673958 -0.01647013
 -0.01050072  0.00295174  0.00687929  0.00693021  0.00382931  0.00623965
  0.01049951  0.00226771  0.00296033 -0.00066934 -0.00255546 -0.00186162
 -0.00757984 -0.0230097  -0.01870753 -0.01121258 -0.01832426 -0.01403567
 -0.02045514 -0.02331193 -0.02027103 -0.02027103 -0.02027103 -0.02027103
 -0.02027103 -0.02027103 -0.02027103 -0.02027103 -0.02027103 -0.02027103
 -0.02027103 -0.02027103 -0.02027103 -0.02027103 -0.02027103 -0.02027103]",467954
1086498125,Vip-IRES-Cre,True,familiar,"[ 0.0013092   0.00161519  0.00389279  0.00194595  0.00451635  0.00469787
  0.00384069  0.00237533  0.00541841  0.00599081  0.00731912  0.00766174
  0.00630679  0.00254214  0.00359175 -0.00103685 -0.00023147  0.00077128
 -0.00397716  0.00049831 -0.00492293 -0.00718506 -0.00418407 -0.00545043
 -0.01048597 -0.00531673 -0.00647662 -0.00545609 -0.00504303 -0.00452733
 -0.00261104 -0.00388525 -0.00273527 -0.00013089 -0.00140298  0.00084986
  0.00601104  0.00786412  0.00976966  0.01531963  0.0142721   0.01419375
  0.01933328  0.02157414  0.02168692  0.02724995  0.02097004  0.03114036
  0.03177598  0.03376199  0.04058658  0.04342482  0.04911459  0.05387276
  0.05817757  0.06096982  0.05848909  0.05521294  0.0514852   0.04749751
  0.04356377  0.04291292  0.04278481  0.03801495  0.03760702  0.03516714
  0.02926704  0.01956141  0.02405846  0.02396406  0.02322327  0.02360865
  0.02033143  0.01548188  0.01415707  0.01415707  0.01415707  0.01415707
  0.01415707  0.01415707  0.01415707  0.01415707  0.01415707  0.01415707
  0.01415707  0.01415707  0.01415707  0.01415707  0.01415707  0.01415707]",467954
1086498125,Vip-IRES-Cre,True,novel,"[-0.01295293 -0.01183848 -0.00196081 -0.00571226 -0.00791536 -0.00806091
 -0.00878687 -0.01070108 -0.00540251 -0.00726284 -0.00381888  0.00682695
  0.01167046  0.01048278  0.00459726  0.01304569  0.01826372  0.0214779
  0.02222817  0.01905799  0.01243133  0.00559863  0.00600139 -0.00475274
 -0.00710847 -0.00227485 -0.0148311  -0.01167002 -0.01495801 -0.01167415
 -0.01671015 -0.01928444 -0.01076478 -0.01219963 -0.01421663 -0.01534905
 -0.01202614 -0.00616084 -0.01117766 -0.00857439 -0.00666011  0.00246547
 -0.00092358 -0.00228147 -0.00228264 -0.00017459 -0.00059838  0.00382517
  0.01247719  0.0165911   0.01105656  0.0210365   0.025248    0.02500671
  0.03354697  0.04419272  0.05231824  0.06265015  0.0625515   0.06403228
  0.05702269  0.0537449   0.04843322  0.04939204  0.04540602  0.0350279
  0.03766644  0.0271103   0.02847366  0.02611843  0.02270059  0.01499315
  0.01283826  0.01832872  0.01614952  0.01614952  0.01614952  0.01614952
  0.01614952  0.01614952  0.01614952  0.01614952  0.01614952  0.01614952
  0.01614952  0.01614952  0.01614952  0.01614952  0.01614952  0.01614952]",467954
1086498401,Vip-IRES-Cre,False,familiar,"[-5.55996318e-04 -3.51809320e-04  1.01080910e-03 -1.56632235e-03
 -2.39535759e-03 -3.30541718e-03  2.63618353e-03  6.15542629e-04
  1.90813405e-03  5.09607945e-03  8.10439949e-04 -2.15311392e-03
 -2.67586475e-03 -2.05615753e-03 -3.20539273e-03 -3.33359451e-03
 -2.82798915e-03 -1.37835935e-03  3.07222914e-03 -3.84837875e-03
 -9.11631421e-04 -7.03223241e-05  1.93232473e-03  3.16364400e-03
 -1.21129136e-04 -2.00799697e-03  2.86056868e-03  5.01007194e-04
  4.40367094e-03  4.75419990e-03 -2.50804654e-04 -3.52382093e-04
  3.45582961e-03  3.20832214e-03  3.47381040e-03  6.16148399e-03
  6.82153211e-03  3.54385277e-03  5.61338453e-03  1.09445943e-02
  1.12488580e-02  9.56262494e-03  2.76800982e-03  1.12899315e-02
  5.67113266e-03  3.15387248e-03  1.24511365e-03  3.96913011e-04
  5.02822543e-03  7.04168509e-03  8.27680411e-04  4.92747516e-03
  4.56028819e-03  9.17091014e-04  2.47248553e-03  3.11025069e-03
  4.14313851e-04 -1.33847359e-03 -3.54710341e-04 -1.66621807e-03
  6.02008460e-04 -2.28433405e-04  2.49137347e-03 -5.95696068e-03
 -2.18396510e-03 -4.84393049e-03 -2.25628261e-03  3.74342492e-04
 -2.92815398e-04 -6.52367743e-04  2.83732937e-03 -1.84136063e-03
  5.99085059e-03 -4.54565604e-04  1.34463644e-03  1.34463644e-03
  1.34463644e-03  1.34463644e-03  1.34463644e-03  1.34463644e-03
  1.34463644e-03  1.34463644e-03  1.34463644e-03  1.34463644e-03
  1.34463644e-03  1.34463644e-03  1.34463644e-03  1.34463644e-03
  1.34463644e-03  1.34463644e-03]",467954
1086498401,Vip-IRES-Cre,False,novel,"[-9.52541977e-03 -9.50322021e-03 -9.46183341e-03 -1.02577539e-02
 -6.48818933e-03 -4.39283511e-03 -2.11020921e-02 -1.72115733e-02
 -2.36037637e-02 -1.97100139e-02 -1.28719088e-02 -1.34287772e-02
 -5.96875552e-03  5.75169271e-03  1.34429724e-02  1.60762651e-02
  2.99435927e-02  2.80577412e-02  1.75952440e-02  1.43395009e-02
  2.05093640e-02  3.15887522e-03  8.77656110e-03  7.59321242e-03
  9.17335533e-04  4.46159786e-03  6.49228710e-03  2.14601907e-03
 -3.29569370e-03 -1.24404313e-02 -8.66079424e-03 -9.11241596e-03
 -3.91870811e-03  2.13651308e-02  4.96441407e-02  6.81087044e-02
  7.70019956e-02  8.17975685e-02  8.54647987e-02  7.54580479e-02
  7.02702414e-02  6.09211957e-02  4.70259357e-02  4.84738776e-02
  2.95713031e-02  2.70811544e-02  2.10956213e-02  1.16689840e-02
  1.55007093e-02  5.82794104e-04  1.20265080e-02  7.76924616e-03
 -1.80102480e-03 -2.19904143e-04 -5.29762122e-03  3.91046261e-05
  1.45491109e-02  1.39259112e-02  1.59683478e-02  1.98994389e-02
  2.52111749e-02  2.66886286e-02  2.17101489e-02  1.61145949e-02
  3.49418895e-03 -9.49618526e-04  3.23974106e-03 -1.76388124e-03
 -5.40713213e-03 -1.86056972e-03 -1.54126542e-02 -7.66261397e-03
 -2.94062617e-03 -1.22302717e-02 -1.76890989e-02 -1.76890989e-02
 -1.76890989e-02 -1.76890989e-02 -1.76890989e-02 -1.76890989e-02
 -1.76890989e-02 -1.76890989e-02 -1.76890989e-02 -1.76890989e-02
 -1.76890989e-02 -1.76890989e-02 -1.76890989e-02 -1.76890989e-02
 -1.76890989e-02 -1.76890989e-02]",467954
1086498401,Vip-IRES-Cre,True,familiar,"[ 0.00267197  0.00245685  0.00120857  0.00538651  0.00465062  0.00501469
  0.0076084   0.00531342  0.0030812   0.00141618  0.00190147  0.00436483
  0.00102425  0.0014683  -0.00139336 -0.0016917  -0.00301143 -0.00413095
 -0.00140664 -0.0067718  -0.00220561 -0.00105477  0.00313428 -0.00341615
 -0.00119714 -0.00302423 -0.00496086 -0.00691651 -0.00577334 -0.00374706
 -0.0042926  -0.00359107 -0.0046214  -0.00337882 -0.00141092  0.00300801
  0.00462419  0.00444235  0.00707179  0.00946287  0.01400055  0.01125953
  0.01230127  0.01198647  0.01589167  0.02384854  0.02089491  0.02859511
  0.0288493   0.02994451  0.03168711  0.03807524  0.03620004  0.03645074
  0.04226908  0.04095699  0.03703263  0.0339032   0.02914496  0.02767308
  0.02844309  0.02846813  0.02778102  0.01768956  0.01798125  0.01794921
  0.01436269  0.01765455  0.01310573  0.0145218   0.00923861  0.00970701
  0.00842079  0.00977216  0.01038326  0.01038326  0.01038326  0.01038326
  0.01038326  0.01038326  0.01038326  0.01038326  0.01038326  0.01038326
  0.01038326  0.01038326  0.01038326  0.01038326  0.01038326  0.01038326]",467954
1086498401,Vip-IRES-Cre,True,novel,"[ 6.23746309e-03  5.20544915e-03 -4.56281417e-03 -5.93536118e-03
 -7.74254240e-03 -5.25453397e-03 -9.86583281e-03 -1.67600808e-02
 -1.88872110e-02 -2.47693269e-02 -2.59251008e-02 -1.73516117e-02
 -1.01014323e-02 -3.01197185e-03  3.74218504e-03  1.27435642e-02
  1.74939649e-02  2.44407581e-02  2.86294092e-02  2.87901286e-02
  1.81984672e-02  1.58906380e-02  1.17997028e-02  5.55877298e-03
  8.82773806e-03 -3.22563649e-03 -5.81454259e-03 -6.54586465e-03
 -9.27816565e-03 -1.25262121e-02 -1.27706158e-02 -1.68264108e-02
 -2.02061427e-02 -2.48566951e-02 -2.35667616e-02 -2.29741602e-02
 -1.89262431e-02 -2.32409700e-02 -2.21837159e-02 -3.14567988e-02
 -3.17462476e-02 -2.33819869e-02 -2.80242843e-02 -2.87406690e-02
 -2.60622651e-02 -2.46963839e-02 -3.43526380e-02 -2.71735806e-02
 -3.30475964e-02 -2.43012355e-02 -2.03449241e-02 -2.06539412e-02
 -2.27779264e-02 -2.21299964e-02 -1.66972252e-02 -1.55401480e-02
 -7.85219338e-03  6.37609360e-03  1.62222113e-02  2.37040205e-02
  2.67352237e-02  1.51352466e-02  2.43951355e-02  2.71991302e-02
  3.05415776e-02  1.67019736e-02  6.83420093e-03  8.16021693e-03
  8.75269208e-03 -4.13868480e-05 -8.52649872e-04 -2.83433079e-03
 -1.71965382e-03 -6.03034286e-03 -1.13023110e-02 -1.13023110e-02
 -1.13023110e-02 -1.13023110e-02 -1.13023110e-02 -1.13023110e-02
 -1.13023110e-02 -1.13023110e-02 -1.13023110e-02 -1.13023110e-02
 -1.13023110e-02 -1.13023110e-02 -1.13023110e-02 -1.13023110e-02
 -1.13023110e-02 -1.13023110e-02]",467954
1086498544,Vip-IRES-Cre,False,familiar,"[-2.30170398e-03 -2.12247614e-03 -6.32440778e-04 -4.79500689e-04
  1.32682458e-03 -4.21109902e-03  1.83221742e-03  4.21125372e-03
  5.79817928e-04 -8.88302773e-04  2.42350755e-03  3.17245391e-04
 -1.35806074e-03  8.59181643e-04 -2.82383167e-03 -8.07973423e-04
  1.81704653e-03 -1.23913328e-03  2.84111742e-04 -8.16528314e-04
 -4.02100569e-03 -4.59776945e-03  2.18023443e-03  1.70303471e-03
  1.51543399e-03  2.18980807e-03  4.78815261e-04  2.21294381e-03
 -3.37629553e-04  2.70597873e-03  3.93904482e-03  5.31004662e-03
 -9.61011932e-04 -1.96499375e-03  2.42093104e-04  3.58260761e-03
  3.70640064e-03  3.80166750e-03  7.62096441e-03  1.45893574e-03
  2.95817551e-03  1.42381486e-03  4.79894412e-03  1.05670605e-02
 -2.16095348e-03 -3.31451390e-03  2.11507130e-03  7.00199412e-04
  1.64531293e-03  1.46142717e-03  1.59499965e-03  1.37180775e-03
 -7.45858127e-05  1.44934082e-03  1.50495002e-03 -1.84470595e-03
 -5.10190161e-03 -2.39507326e-03 -1.45137060e-04 -7.61563922e-04
  3.92316192e-04  6.94289448e-04 -2.25926630e-03  5.32941575e-05
 -2.98768673e-03 -5.84499424e-04 -8.36535891e-03 -1.38070505e-03
 -3.43030477e-03  2.39710277e-03 -1.53850647e-03  2.65441531e-03
 -4.05824198e-03 -1.98317177e-03 -2.57997572e-03 -2.57997572e-03
 -2.57997572e-03 -2.57997572e-03 -2.57997572e-03 -2.57997572e-03
 -2.57997572e-03 -2.57997572e-03 -2.57997572e-03 -2.57997572e-03
 -2.57997572e-03 -2.57997572e-03 -2.57997572e-03 -2.57997572e-03
 -2.57997572e-03 -2.57997572e-03]",467954
1086498544,Vip-IRES-Cre,False,novel,"[ 0.00285683  0.00283141  0.00286348  0.00284486 -0.0033718  -0.00029117
 -0.00346702 -0.00530751 -0.0115576  -0.01047749 -0.00647455 -0.00559118
  0.00226669  0.00833655  0.00646741  0.00661521  0.01186965  0.01666617
  0.00796522  0.00885992  0.00444395  0.00362404 -0.00207412  0.00250649
 -0.00211274 -0.00245577 -0.00875975 -0.0077414  -0.00877623 -0.01255955
 -0.01044836 -0.00744852 -0.00370135  0.00554138  0.02025682  0.03022683
  0.03055242  0.03395216  0.03870201  0.04386032  0.03357213  0.02947854
  0.02679347  0.01929846  0.0151374   0.00787032  0.00755829  0.00420444
  0.00344289  0.00519987 -0.00864406 -0.01220436 -0.01170803 -0.01167019
 -0.01185325 -0.0096418  -0.00121579  0.00442581  0.00425236  0.00629374
  0.01529251  0.01366002  0.00502611  0.001146   -0.00384861 -0.00370503
 -0.01005446 -0.00967901 -0.01424117 -0.01935238 -0.01813578 -0.02228454
 -0.0155161  -0.01809429 -0.02343018 -0.02343018 -0.02343018 -0.02343018
 -0.02343018 -0.02343018 -0.02343018 -0.02343018 -0.02343018 -0.02343018
 -0.02343018 -0.02343018 -0.02343018 -0.02343018 -0.02343018 -0.02343018]",467954
1086498544,Vip-IRES-Cre,True,familiar,"[ 1.82413318e-03  1.84846006e-03  1.88779376e-03  3.73998030e-04
 -2.11479202e-03 -2.92034927e-03 -2.45639348e-03 -4.78494473e-04
  3.29302341e-05 -1.12510408e-03  1.44380152e-03  8.07728379e-04
 -2.75407845e-04  1.15638409e-03  3.36043419e-03  2.67611733e-03
 -1.76076735e-03  2.41810465e-04  3.66903917e-03  2.48384758e-04
 -2.13970626e-03  3.52781402e-03 -3.51700844e-03  4.29550714e-04
 -3.76360721e-03 -1.87124218e-03 -6.88959288e-04 -2.10399044e-04
  1.01663795e-03 -1.22278691e-03 -9.70179551e-04 -3.42434465e-03
 -2.30425763e-03  1.73508094e-03  1.69759987e-03  5.26208357e-04
 -1.33141218e-03  2.57395059e-03  5.92238013e-03  4.73108100e-03
  5.34529018e-03  8.18686286e-03  7.93879677e-03  4.93017422e-03
  9.53629058e-03  1.00308390e-02  1.11807612e-02  2.89107854e-03
  1.12153056e-02  1.00344601e-02  1.09051656e-02  1.50815043e-02
  1.11595359e-02  1.05025883e-02  1.22459673e-02  1.36702674e-02
  1.26219320e-02  7.62348108e-03  9.97411736e-03  1.60723356e-02
  1.34143574e-02  1.12846862e-02  1.08348262e-02  8.97561773e-03
  1.07967125e-02  8.43421689e-03  9.23606730e-03  8.79804008e-03
  8.26195752e-03  9.83588011e-03  4.12449993e-03  1.12411067e-02
  4.26519523e-03  9.79732293e-04  4.12695550e-03  4.12695550e-03
  4.12695550e-03  4.12695550e-03  4.12695550e-03  4.12695550e-03
  4.12695550e-03  4.12695550e-03  4.12695550e-03  4.12695550e-03
  4.12695550e-03  4.12695550e-03  4.12695550e-03  4.12695550e-03
  4.12695550e-03  4.12695550e-03]",467954
1086498544,Vip-IRES-Cre,True,novel,"[ 0.00059046  0.00088381  0.00313679 -0.00036551 -0.00388681 -0.00829768
 -0.00838262 -0.0093409  -0.01032308 -0.01100619 -0.01050789 -0.00369067
  0.00241335  0.00548092  0.00723658  0.01007343  0.01164239  0.01449158
  0.01519303  0.01391576  0.00813696  0.00405456  0.0041941   0.00128833
  0.00107797 -0.00340483 -0.00647266 -0.0091561  -0.0081912  -0.01078389
 -0.01620747 -0.01298824 -0.0141493  -0.0106854  -0.01415679 -0.01788396
 -0.01710719 -0.01626376 -0.02096154 -0.02017298 -0.02101523 -0.02384174
 -0.02157521 -0.02523312 -0.0264204  -0.02923998 -0.02207331 -0.02269276
 -0.02622128 -0.02211777 -0.02231292 -0.02086964 -0.01944679 -0.01848109
 -0.02113354 -0.01840118 -0.01350405 -0.01077085 -0.00899527 -0.00217579
  0.00344035  0.0054699   0.00153294  0.00267491 -0.0008275  -0.00302948
 -0.00726095 -0.0090616  -0.00699188 -0.01038544 -0.01235493 -0.0169876
 -0.01081024 -0.01583859 -0.02020225 -0.02020225 -0.02020225 -0.02020225
 -0.02020225 -0.02020225 -0.02020225 -0.02020225 -0.02020225 -0.02020225
 -0.02020225 -0.02020225 -0.02020225 -0.02020225 -0.02020225 -0.02020225]",467954
1086498569,Sst-IRES-Cre,False,novel,"[-0.00010637 -0.0003557  -0.00321777 -0.0056593  -0.00112457 -0.00708726
 -0.0035306  -0.00510724 -0.00698737 -0.00482211 -0.00174158 -0.00258158
  0.00237722  0.00808002  0.0078229   0.01166841  0.00880235  0.01118691
  0.00027171  0.00443214  0.01220138  0.00192179  0.00304654 -0.00254157
  0.00325224  0.00059593 -0.00257754 -0.0066285  -0.01199869 -0.00959178
 -0.00278933 -0.00696602 -0.00738311 -0.00354968 -0.00047052  0.00698352
  0.0151123   0.01979527  0.02417231  0.0232844   0.01049213  0.01774573
  0.02069999  0.00940795  0.01388385  0.00699406 -0.00314904 -0.00314644
 -0.00493913 -0.00712089 -0.00676995 -0.00376052 -0.01240345 -0.01403446
 -0.01109516  0.00100694  0.00847891  0.01384012  0.02106588  0.02851579
  0.02906864  0.02845948  0.02499589  0.01729926  0.01316172  0.00901409
  0.01029044 -0.00529502  0.00996245 -0.00333451 -0.00538504 -0.00686621
 -0.00497081  0.00136082 -0.00816045 -0.00816045 -0.00816045 -0.00816045
 -0.00816045 -0.00816045 -0.00816045 -0.00816045 -0.00816045 -0.00816045
 -0.00816045 -0.00816045 -0.00816045 -0.00816045 -0.00816045 -0.00816045]",476970
1086498569,Sst-IRES-Cre,True,novel,"[ 1.22942913e-03  2.13665455e-03  5.47061573e-03 -1.92588094e-02
 -7.08734687e-03 -5.23863073e-05 -6.57213738e-03 -9.07390023e-03
 -1.69733848e-02 -2.23161274e-02 -1.19854373e-02  2.30125629e-04
  9.68661736e-03  1.11620103e-02  7.71119376e-03  1.19812320e-02
  2.40866812e-02  1.69617887e-02  1.85114759e-02  8.30965273e-03
  9.40534964e-03  1.81974322e-04 -7.88249876e-04 -4.25872316e-03
 -1.94938383e-03  5.50857355e-03 -9.29999385e-03 -9.05887771e-03
 -1.00573022e-02 -3.84131415e-03 -4.19937439e-03  3.86083457e-03
 -9.68111515e-04 -7.58252279e-03 -7.59579542e-03 -3.19599525e-03
 -9.97492369e-03 -2.10733294e-02 -1.96869221e-02 -1.16613878e-02
 -1.35537887e-02 -2.02186755e-02 -2.16922647e-02 -1.78245587e-02
 -4.92538516e-03 -8.68250699e-03 -1.38504263e-02 -1.30588088e-02
 -2.05220329e-02 -1.60679570e-02 -5.06183599e-03 -8.96794900e-03
 -9.91217088e-03 -1.55030009e-02 -1.18326725e-02 -5.28309495e-03
 -1.68502923e-03  5.58547197e-03  1.19898071e-02  7.61863860e-03
 -3.80518503e-03  2.60966678e-03  1.22661968e-02  5.92525916e-03
  1.19543562e-02  3.27960824e-03 -5.01785269e-04  4.79384665e-03
 -2.27424856e-03 -2.55477094e-03  5.63209362e-04 -5.73593212e-03
 -8.70878049e-03 -1.66023895e-02 -5.13636256e-03 -5.13636256e-03
 -5.13636256e-03 -5.13636256e-03 -5.13636256e-03 -5.13636256e-03
 -5.13636256e-03 -5.13636256e-03 -5.13636256e-03 -5.13636256e-03
 -5.13636256e-03 -5.13636256e-03 -5.13636256e-03 -5.13636256e-03
 -5.13636256e-03 -5.13636256e-03]",476970
1086498646,Sst-IRES-Cre,False,familiar,"[-0.00802072 -0.00858765 -0.01322239 -0.01210453 -0.01636205 -0.01942017
 -0.02237925 -0.02470732 -0.02683103 -0.01790716 -0.00178992  0.01064612
  0.02480186  0.03878776  0.04447056  0.05509802  0.06433424  0.05903376
  0.0362373   0.01972513  0.00696082 -0.00041297 -0.00977717 -0.01267563
 -0.01538297 -0.02382133 -0.02433244 -0.02960318 -0.03566219 -0.03709551
 -0.0368818  -0.03130041 -0.00486954  0.02794123  0.06108247  0.08910549
  0.10952457  0.12846786  0.13142102  0.12632536  0.11128025  0.08908815
  0.06356427  0.04599778  0.02159198  0.01112162  0.0167251   0.00033321
 -0.00394346 -0.01066958 -0.01847012 -0.02387481 -0.02893555 -0.02784144
 -0.00070573  0.02803224  0.0607553   0.08357262  0.09692664  0.1109493
  0.12429808  0.11630102  0.10173125  0.07594169  0.05820965  0.0336065
  0.01731059  0.01200222  0.00362276  0.00163481 -0.00713069 -0.02397524
 -0.02446101 -0.03188412 -0.03118438 -0.03118438 -0.03118438 -0.03118438
 -0.03118438 -0.03118438 -0.03118438 -0.03118438 -0.03118438 -0.03118438
 -0.03118438 -0.03118438 -0.03118438 -0.03118438 -0.03118438 -0.03118438]",476970
1086498646,Sst-IRES-Cre,True,familiar,"[-0.02263225 -0.02096626 -0.00915117 -0.02742554 -0.03536799 -0.0314286
 -0.03322835 -0.05280768 -0.04990293 -0.04259594 -0.03054949 -0.00326909
  0.02872796  0.0407502   0.05827769  0.07193129  0.08035709  0.07615993
  0.07110544  0.0455707   0.03277706  0.00923338  0.00041847 -0.00597649
 -0.01789025 -0.02232637 -0.02257703 -0.02934309 -0.02726166 -0.03060904
 -0.03874535 -0.04163841 -0.04104901 -0.03986681 -0.0471614  -0.05228635
 -0.05618009 -0.05689459 -0.0560106  -0.06287196 -0.06199754 -0.05416941
 -0.05871783 -0.05972983 -0.05999159 -0.06383792 -0.05127549 -0.06336113
 -0.06415312 -0.05598695 -0.05902064 -0.06504785 -0.06072035 -0.0593259
 -0.04520273 -0.01513761  0.00922096  0.02740717  0.0421176   0.04604709
  0.05294015  0.06070957  0.06110231  0.03774937  0.01981423  0.00477005
  0.00213211 -0.00673099 -0.01556174 -0.01930895 -0.02563943 -0.03318191
 -0.04617989 -0.04485984 -0.04487788 -0.04487788 -0.04487788 -0.04487788
 -0.04487788 -0.04487788 -0.04487788 -0.04487788 -0.04487788 -0.04487788
 -0.04487788 -0.04487788 -0.04487788 -0.04487788 -0.04487788 -0.04487788]",476970
1086498699,Vip-IRES-Cre,False,familiar,"[-4.88843012e-03 -4.20436353e-03  1.35867604e-03 -2.37087079e-03
 -7.77117839e-04  6.64640652e-03  2.71051242e-03  2.70459434e-03
  1.90814399e-03  3.23214346e-03  4.93265953e-03  1.54988833e-03
 -2.25535305e-03 -4.05516623e-03 -7.53537920e-04  3.68963648e-03
 -3.02057183e-03 -5.90218129e-03 -4.07694677e-03 -4.57243159e-03
 -5.07688155e-03 -2.86164534e-03 -1.15741692e-03 -3.87059306e-03
  2.50672631e-03 -1.66420320e-03  2.76461105e-03  4.34454548e-03
  7.25399187e-03  5.90517524e-03  6.30101246e-03  8.00916164e-03
  1.09627145e-02  9.62623960e-03  4.84232637e-03  4.69360404e-03
  6.98945086e-03  6.20574163e-03  6.14545694e-03  2.28499423e-03
  6.29184946e-03  1.07542624e-02  3.66198361e-03  9.51468905e-03
  9.81518027e-03 -3.03639509e-03  6.18434810e-03  7.03841937e-03
  6.05261554e-03  2.87915474e-03  3.57551739e-04  5.65923359e-03
  7.90786922e-03  5.45014427e-03  1.01682395e-04  3.79394134e-03
  4.67072819e-03  2.50063687e-04  8.71982817e-04  1.97297279e-03
 -2.94176359e-03 -4.59269822e-03 -1.00244002e-03  2.02447385e-03
  1.21907282e-03  1.82165511e-03 -9.01293742e-04  9.11335690e-03
  1.52823285e-03  4.63578593e-04  6.17116929e-04 -7.91363890e-05
  3.22747649e-03  4.28911275e-03  4.22102275e-03  4.22102275e-03
  4.22102275e-03  4.22102275e-03  4.22102275e-03  4.22102275e-03
  4.22102275e-03  4.22102275e-03  4.22102275e-03  4.22102275e-03
  4.22102275e-03  4.22102275e-03  4.22102275e-03  4.22102275e-03
  4.22102275e-03  4.22102275e-03]",467954
1086498699,Vip-IRES-Cre,False,novel,"[ 0.00880089  0.0082145   0.0017552  -0.00429137 -0.00573954 -0.01100822
 -0.01074502 -0.00926562 -0.01402491 -0.01377745 -0.0103098  -0.0013559
 -0.0008662   0.00216829  0.00487099  0.01302336  0.01685083  0.00551208
  0.00546078  0.01155743  0.01131491  0.0066845   0.00319763  0.00549542
 -0.00046385  0.00153987 -0.00870749 -0.00162141 -0.00932409 -0.00494579
 -0.0127917  -0.01406283 -0.00346752  0.01023334  0.02761025  0.04040012
  0.0470344   0.04905037  0.0529702   0.0547279   0.06459144  0.05530604
  0.05028073  0.04312618  0.03371294  0.03834087  0.03062623  0.02545325
  0.02463943  0.02885275  0.02531458  0.02410679  0.01430349  0.01100638
  0.00582747  0.00864524  0.02354616  0.02671506  0.0251236   0.03084269
  0.0295052   0.02348159  0.02299765  0.01834078  0.01422726  0.00577585
  0.01627795 -0.00034436 -0.00041071 -0.00247938 -0.01252776 -0.00666134
 -0.00251993 -0.01283851 -0.01757705 -0.01757705 -0.01757705 -0.01757705
 -0.01757705 -0.01757705 -0.01757705 -0.01757705 -0.01757705 -0.01757705
 -0.01757705 -0.01757705 -0.01757705 -0.01757705 -0.01757705 -0.01757705]",467954
1086498699,Vip-IRES-Cre,True,familiar,"[ 0.00088921  0.00129783  0.00494681  0.00507552  0.0044964   0.00312345
  0.00549417  0.00488297  0.00669814  0.00583576  0.00511544  0.00428129
  0.00678998  0.00241765 -0.00352997 -0.00091153 -0.00180601  0.00135324
  0.0015618  -0.00161083 -0.0012152  -0.00302643 -0.00192694 -0.00473977
 -0.00858819 -0.00592885 -0.00804029 -0.00588822 -0.00644987 -0.01059757
 -0.00765371 -0.00433788 -0.00123194 -0.00493998 -0.00496815  0.00042136
  0.00215152  0.00212968  0.00972857  0.01622901  0.02466831  0.02893823
  0.03783701  0.04486677  0.05726008  0.06152002  0.07188649  0.0742515
  0.08667569  0.09470824  0.10045351  0.11060124  0.1153088   0.12789946
  0.12914749  0.12719345  0.12411998  0.11397934  0.10404641  0.10125073
  0.09422107  0.08950397  0.08366601  0.08289066  0.07818887  0.06738437
  0.07416902  0.06406259  0.06908628  0.05948851  0.0551805   0.05418755
  0.05038834  0.05145075  0.04291514  0.04291514  0.04291514  0.04291514
  0.04291514  0.04291514  0.04291514  0.04291514  0.04291514  0.04291514
  0.04291514  0.04291514  0.04291514  0.04291514  0.04291514  0.04291514]",467954
1086498699,Vip-IRES-Cre,True,novel,"[-0.00142263 -0.00124603  0.00164592  0.00763472 -0.00057332 -0.00204983
 -0.00086332 -0.00895684 -0.01452419 -0.01192331 -0.00519395 -0.00669771
  0.0015215   0.01219163  0.00932042  0.01613326  0.01548056  0.00963361
  0.01609397  0.01481297  0.01316423  0.00143657 -0.0027806  -0.0009897
 -0.00308548 -0.00506062 -0.00916294 -0.01441373 -0.01467307 -0.01545211
 -0.01574617 -0.01686086 -0.01757168 -0.0216224  -0.02687179 -0.02701568
 -0.02876069 -0.0227692  -0.02112334 -0.02971938 -0.03232766 -0.02830807
 -0.02711557 -0.02785594 -0.02334633 -0.02517959 -0.02256903 -0.01789389
 -0.0223035  -0.02508098 -0.02614953 -0.02208263 -0.01819705 -0.01687001
 -0.01911754 -0.01270855 -0.00110373  0.00945618  0.0129186   0.01588156
  0.02764231  0.02170748  0.01751204  0.02318139  0.02445322  0.01378074
  0.01295732  0.01107329  0.00314504  0.00042155  0.00574053 -0.00090175
 -0.00357637  0.00442685 -0.00753748 -0.00753748 -0.00753748 -0.00753748
 -0.00753748 -0.00753748 -0.00753748 -0.00753748 -0.00753748 -0.00753748
 -0.00753748 -0.00753748 -0.00753748 -0.00753748 -0.00753748 -0.00753748]",467954
1086498800,Vip-IRES-Cre,False,familiar,"[ 0.00446811  0.00381104 -0.00256441 -0.00447696  0.00143713  0.00111562
  0.00068999 -0.00112956  0.00202733  0.00066502  0.00197904  0.00118051
 -0.00311631  0.00169673 -0.00255662 -0.00332287 -0.00112398 -0.00017107
  0.0011455  -0.00387123 -0.00194341 -0.0049434  -0.01077833  0.00634365
  0.00230815 -0.00051806  0.00384944  0.00372884  0.00194895  0.00212114
  0.00523581  0.00172855  0.00377525  0.00883863  0.01136327  0.00942674
  0.00777835  0.00627297  0.0065268   0.00288492 -0.00105557  0.00309188
  0.00065106  0.00747509  0.0040935   0.00545209  0.0038409   0.00910357
  0.00629069 -0.00097716  0.00307885  0.00508431 -0.00019654  0.00225822
  0.00014392  0.00191835  0.00164754  0.00281153  0.00092191  0.00352765
  0.00615371  0.00749651  0.00844896  0.00398896  0.00726507  0.00163985
  0.00459999  0.00280954  0.0089055   0.00189979  0.00432891  0.0035191
  0.00901424  0.00822476  0.0048851   0.0048851   0.0048851   0.0048851
  0.0048851   0.0048851   0.0048851   0.0048851   0.0048851   0.0048851
  0.0048851   0.0048851   0.0048851   0.0048851   0.0048851   0.0048851 ]",467954
1086498800,Vip-IRES-Cre,True,familiar,"[-0.0009491  -0.0002779   0.00544026  0.00369937  0.00365529  0.00336891
  0.00736471  0.00480681  0.00102885  0.00256943  0.00378494  0.00540455
  0.00373526  0.0002983   0.00011185  0.0001449  -0.00023013 -0.00052214
 -0.00463888 -0.00327466 -0.00358747 -0.00501307 -0.00159082 -0.00332868
 -0.00026164 -0.0064674  -0.00346262 -0.00343531 -0.00386261 -0.00451101
 -0.00122556 -0.00140691 -0.0043345  -0.00384809 -0.00030078  0.00145385
  0.00332904  0.00669297  0.01263181  0.00896867  0.01921139  0.02246611
  0.02438232  0.02015469  0.0278446   0.03268405  0.03394792  0.03585482
  0.03651949  0.03794622  0.04189905  0.04201531  0.04028352  0.0491732
  0.04967638  0.0464434   0.04590805  0.0387674   0.0377542   0.03260376
  0.02726582  0.0335822   0.03138897  0.02234257  0.02438349  0.02560152
  0.01571172  0.01328879  0.0147019   0.01373995  0.01849311  0.01565276
  0.01037303  0.01695201  0.01755326  0.01755326  0.01755326  0.01755326
  0.01755326  0.01755326  0.01755326  0.01755326  0.01755326  0.01755326
  0.01755326  0.01755326  0.01755326  0.01755326  0.01755326  0.01755326]",467954
1086498820,Sst-IRES-Cre,False,familiar,"[-0.01445796 -0.01571542 -0.02740922 -0.03228665 -0.03968171 -0.04701142
 -0.04783898 -0.05434434 -0.05812962 -0.03733815  0.00605095  0.04420926
  0.06016303  0.06412503  0.07425644  0.08064381  0.08057795  0.07663948
  0.06292804  0.04583809  0.02297449  0.00363103 -0.00268585 -0.01504151
 -0.02098929 -0.0258938  -0.03392998 -0.0410082  -0.05039561 -0.05787989
 -0.06317695 -0.05358726  0.00752881  0.10444852  0.1763878   0.20918879
  0.2225598   0.23222     0.23077286  0.21156402  0.18570464  0.15004344
  0.11998905  0.09098867  0.05652826  0.04825505  0.03072946  0.01980873
  0.00732732 -0.01241936 -0.01946837 -0.03300885 -0.04308177 -0.04703723
 -0.01808865  0.03464871  0.06701141  0.07708842  0.08311752  0.0911679
  0.10416367  0.10490395  0.09405811  0.07500402  0.05480651  0.03343417
  0.0139055   0.00326779 -0.00529398 -0.01473183 -0.02725498 -0.03832924
 -0.04296538 -0.05106435 -0.05862227 -0.05862227 -0.05862227 -0.05862227
 -0.05862227 -0.05862227 -0.05862227 -0.05862227 -0.05862227 -0.05862227
 -0.05862227 -0.05862227 -0.05862227 -0.05862227 -0.05862227 -0.05862227]",476970
1086498820,Sst-IRES-Cre,False,novel,"[ 0.01219083  0.00826344 -0.02956938 -0.05381907 -0.07109971 -0.08477305
 -0.10430076 -0.11833347 -0.13141139 -0.1423273  -0.12338807 -0.05457553
  0.02097644  0.07623921  0.13672139  0.18584868  0.20840223  0.19987247
  0.17650734  0.14379573  0.09845901  0.06754994  0.03261954 -0.00101822
 -0.02504609 -0.04484935 -0.06261783 -0.08986624 -0.10570388 -0.12474692
 -0.14377827 -0.1561713  -0.13752331 -0.02067393  0.14826889  0.2945574
  0.39517165  0.46643245  0.50082002  0.49375394  0.45747672  0.40055198
  0.33805299  0.28540207  0.23976647  0.19228195  0.14139894  0.11183941
  0.07344838  0.04757027  0.00938853 -0.02118403 -0.05044555 -0.07843707
 -0.07680593  0.00404418  0.13818321  0.26120879  0.36848234  0.44073998
  0.48214195  0.48700489  0.45741336  0.4018245   0.35835266  0.31871769
  0.27454286  0.22752342  0.1959257   0.14978376  0.1238447   0.09067211
  0.06956431  0.05115003  0.02227516  0.02227516  0.02227516  0.02227516
  0.02227516  0.02227516  0.02227516  0.02227516  0.02227516  0.02227516
  0.02227516  0.02227516  0.02227516  0.02227516  0.02227516  0.02227516]",476970
1086498820,Sst-IRES-Cre,True,familiar,"[-0.01202327 -0.01270379 -0.01972048 -0.02738181 -0.03583718 -0.04514803
 -0.05402895 -0.0592598  -0.06191559 -0.05947574 -0.03058688  0.02390995
  0.06332729  0.07516762  0.08261759  0.08559226  0.07879565  0.07936031
  0.07116634  0.04572813  0.031028    0.01276679 -0.00131627 -0.01820157
 -0.02069915 -0.0234978  -0.02815115 -0.0381228  -0.04788957 -0.05350011
 -0.05650398 -0.06050317 -0.06777414 -0.07543584 -0.07916105 -0.08114341
 -0.08393456 -0.08601843 -0.08532387 -0.09115604 -0.09098955 -0.08785859
 -0.0921276  -0.09382509 -0.09881309 -0.08705746 -0.09797809 -0.09284656
 -0.09858817 -0.09601539 -0.09672762 -0.09874856 -0.09997662 -0.09673632
 -0.08099151 -0.01327716  0.04862508  0.0776907   0.08186183  0.09056738
  0.0923242   0.08019133  0.06439127  0.04947844  0.03207802  0.01002963
 -0.00860305 -0.0131859  -0.0334189  -0.04173827 -0.04404359 -0.05492165
 -0.06919685 -0.0719845  -0.07421327 -0.07421327 -0.07421327 -0.07421327
 -0.07421327 -0.07421327 -0.07421327 -0.07421327 -0.07421327 -0.07421327
 -0.07421327 -0.07421327 -0.07421327 -0.07421327 -0.07421327 -0.07421327]",476970
1086498820,Sst-IRES-Cre,True,novel,"[ 0.00130911 -0.00226034 -0.03601888 -0.05828811 -0.09357568 -0.11066254
 -0.11900707 -0.13971187 -0.15705754 -0.17098821 -0.17412812 -0.12322229
 -0.03079134  0.0484793   0.12611241  0.19424932  0.23448744  0.24267604
  0.21915489  0.17447285  0.1431509   0.1079174   0.07221691  0.02869937
 -0.00103052 -0.0163054  -0.05357098 -0.08196699 -0.10460009 -0.11974
 -0.14328745 -0.16279554 -0.18103673 -0.20069795 -0.21492295 -0.22655125
 -0.24454109 -0.25515642 -0.26315006 -0.27487449 -0.27779392 -0.29053529
 -0.31092633 -0.31418718 -0.31680091 -0.33413195 -0.34269643 -0.34575385
 -0.3508012  -0.34942324 -0.35973836 -0.36883862 -0.37685895 -0.37710786
 -0.3756592  -0.32493519 -0.2124325  -0.08861267  0.01590851  0.08976237
  0.1265259   0.14501968  0.13270458  0.09484627  0.05326255  0.00398329
 -0.04165503 -0.05570961 -0.09476507 -0.1150477  -0.13316833 -0.1569855
 -0.18289742 -0.19822126 -0.22054965 -0.22054965 -0.22054965 -0.22054965
 -0.22054965 -0.22054965 -0.22054965 -0.22054965 -0.22054965 -0.22054965
 -0.22054965 -0.22054965 -0.22054965 -0.22054965 -0.22054965 -0.22054965]",476970
1086498889,Vip-IRES-Cre,False,familiar,"[-0.00983018 -0.00991403 -0.01032931 -0.00846855 -0.00766403 -0.00446278
  0.00073101  0.01193851  0.01803778  0.02383847  0.01927029  0.01172921
  0.00551144  0.00308835 -0.00064129 -0.00184126 -0.00596609 -0.01171732
 -0.01762091 -0.00777606 -0.0161725   0.00097794 -0.01466233 -0.0051656
  0.00036148  0.00645767  0.00205341  0.00840516  0.00946741  0.01036408
  0.0104214   0.01592269  0.02216534  0.02441901  0.01871731  0.00901445
  0.00891747  0.02035684  0.01545627  0.01529863  0.02224418  0.01493035
  0.01551259  0.01191612  0.0120712  -0.0020152   0.00023341 -0.00380082
 -0.00810534 -0.02873792 -0.0128531  -0.00885558 -0.00630309 -0.01056415
 -0.01317021 -0.02282855 -0.02627096 -0.0271013  -0.03117788 -0.03344594
 -0.03415077 -0.0333532  -0.03819545 -0.03231772 -0.03797586 -0.03225834
 -0.03252771 -0.03464498 -0.03744472 -0.03278501 -0.01748912 -0.02555759
 -0.02368135 -0.01483913 -0.0215736  -0.0215736  -0.0215736  -0.0215736
 -0.0215736  -0.0215736  -0.0215736  -0.0215736  -0.0215736  -0.0215736
 -0.0215736  -0.0215736  -0.0215736  -0.0215736  -0.0215736  -0.0215736 ]",467954
1086498889,Vip-IRES-Cre,False,novel,"[-0.00164737 -0.00210683 -0.00661655 -0.00980622 -0.01517916 -0.00451371
 -0.01127367 -0.0324277  -0.03432697 -0.02928794 -0.02807443 -0.02074507
 -0.00192648  0.00977691  0.0269038   0.0432415   0.04853703  0.0462271
  0.03913868  0.03108383  0.02730172  0.01417081  0.01650703  0.00099518
 -0.01892911 -0.02093528 -0.01264615 -0.01238277 -0.01746704 -0.02359116
 -0.02016277 -0.02089456 -0.0137499   0.01144778  0.04805451  0.07914181
  0.11434399  0.14760284  0.15466304  0.15218111  0.13859296  0.12172258
  0.10513852  0.10916476  0.08498537  0.08114877  0.04961111  0.05497786
  0.03373707  0.02159245  0.02787689  0.00405373  0.00155243  0.00575799
  0.00058607  0.01042928  0.01621301  0.03471329  0.05552154  0.07058995
  0.09245754  0.09487832  0.09135897  0.08030708  0.06741913  0.04271511
  0.03236604  0.04868233  0.03471634  0.02872703  0.01167314  0.01106402
  0.0050676   0.00741346  0.00599756  0.00599756  0.00599756  0.00599756
  0.00599756  0.00599756  0.00599756  0.00599756  0.00599756  0.00599756
  0.00599756  0.00599756  0.00599756  0.00599756  0.00599756  0.00599756]",467954
1086498889,Vip-IRES-Cre,True,familiar,"[ 0.00581027  0.00637571  0.01108955  0.00721764  0.00203508  0.0075085
  0.01038358  0.01202558  0.01470003  0.01772762  0.02176661  0.01594891
  0.01384136  0.01268121  0.00104586 -0.00700036 -0.00792356  0.00297446
  0.00169859 -0.00085931 -0.00681466 -0.01199151 -0.01145872 -0.01688207
 -0.0181173  -0.02491651 -0.0170064  -0.01847309 -0.01118269 -0.01220438
 -0.01790026 -0.01210049 -0.00123739  0.00564685  0.00445623  0.00846783
  0.02110648  0.0326076   0.04848926  0.06821215  0.07830713  0.09324469
  0.1080974   0.13015222  0.14681423  0.17333363  0.18997347  0.20363979
  0.21897259  0.22352825  0.23688504  0.24694702  0.26386232  0.28466346
  0.29354365  0.28914013  0.26184423  0.24161263  0.23626625  0.21938585
  0.20253501  0.19929231  0.18887078  0.17733993  0.17116291  0.15496845
  0.13422107  0.11913499  0.10634858  0.10576196  0.09985239  0.0959627
  0.08641827  0.08163097  0.08302984  0.08302984  0.08302984  0.08302984
  0.08302984  0.08302984  0.08302984  0.08302984  0.08302984  0.08302984
  0.08302984  0.08302984  0.08302984  0.08302984  0.08302984  0.08302984]",467954
1086498889,Vip-IRES-Cre,True,novel,"[ 0.00401326  0.00360549 -0.00048533 -0.00522587 -0.01793581 -0.01456134
 -0.01878171 -0.03242248 -0.03359763 -0.03854543 -0.04049314 -0.0262579
 -0.00919853  0.00842646  0.0284353   0.0357624   0.04654706  0.05713548
  0.05614069  0.04460257  0.02924024  0.02337947  0.01457107  0.01656366
  0.00310079 -0.00939312 -0.0162311  -0.02718964 -0.0399416  -0.0412633
 -0.04037824 -0.04666385 -0.05051137 -0.0527407  -0.05727419 -0.05427181
 -0.05285741 -0.06736613 -0.06071479 -0.05664659 -0.06862631 -0.06820483
 -0.07017811 -0.07618248 -0.06458806 -0.06831801 -0.06116008 -0.06792021
 -0.07095172 -0.06319436 -0.06719926 -0.06553422 -0.06041889 -0.06765667
 -0.05874206 -0.0466894  -0.02982964 -0.00424705  0.0183171   0.03398094
  0.04387266  0.04846244  0.04450053  0.04393982  0.03337764  0.01356891
  0.00431152 -0.01181259 -0.02244165 -0.02573791 -0.02288432 -0.02999601
 -0.03824823 -0.04326722 -0.05063232 -0.05063232 -0.05063232 -0.05063232
 -0.05063232 -0.05063232 -0.05063232 -0.05063232 -0.05063232 -0.05063232
 -0.05063232 -0.05063232 -0.05063232 -0.05063232 -0.05063232 -0.05063232]",467954
1086498976,Vip-IRES-Cre,False,familiar,"[-0.0035932  -0.00449517 -0.0102454   0.00257161 -0.00327855 -0.00113372
  0.00247829  0.00704344  0.004856    0.01611647  0.02295636  0.01472988
  0.00443243  0.00572438  0.00145987 -0.00033791 -0.00440276 -0.00906686
 -0.00513409 -0.00693365 -0.01568998 -0.01014725 -0.01523662 -0.01495691
 -0.00607979  0.00190468  0.0032192   0.00237476  0.00857818  0.01228632
  0.01722522  0.03207209  0.03023762  0.01907746  0.01458443  0.01756079
  0.01028571  0.00779401  0.01891157  0.01854866  0.00926413  0.00262755
  0.00830821  0.00219111  0.00030965  0.00374289  0.00136439 -0.00189991
 -0.00784525  0.00660032 -0.00583547 -0.00527201 -0.00906886 -0.00442146
 -0.00242701 -0.00271242 -0.00613988 -0.00669541 -0.01153679 -0.00665773
 -0.00166959 -0.0060681  -0.00631172 -0.00443134 -0.00059276 -0.00584158
 -0.00797716 -0.00861508 -0.01219857 -0.01032706  0.00187017 -0.00183014
 -0.00761964 -0.00457589 -0.00358287 -0.00358287 -0.00358287 -0.00358287
 -0.00358287 -0.00358287 -0.00358287 -0.00358287 -0.00358287 -0.00358287
 -0.00358287 -0.00358287 -0.00358287 -0.00358287 -0.00358287 -0.00358287]",467954
1086498976,Vip-IRES-Cre,False,novel,"[-0.00023424 -0.00032338 -0.00336786 -0.01588403 -0.00821913 -0.00093532
 -0.00736557 -0.00626215 -0.00761593 -0.01238492 -0.0102749  -0.01016236
 -0.00272889  0.00362384  0.00410726  0.0079175   0.01048415  0.01844738
  0.01162575  0.01060439  0.00940837  0.00617185  0.00098533  0.00043447
 -0.00115151 -0.0045498   0.00497417  0.00656246 -0.00079202 -0.00309492
 -0.00361919 -0.00165922 -0.00032785  0.00813496  0.0205948   0.03622261
  0.04416475  0.04396295  0.04349331  0.04496391  0.02898917  0.03122259
  0.02521756  0.02707021  0.03024143  0.0136441   0.01725746  0.01058664
  0.01676875  0.00505486  0.00876242  0.00282413 -0.00037888  0.00060913
 -0.00101164  0.00176502  0.00073378  0.01327858  0.01494451  0.00783622
  0.01285348  0.01425752  0.01782262  0.01123828  0.00833424  0.0111231
  0.01034463 -0.00093185  0.00559949  0.00761975 -0.00017493 -0.00731423
 -0.00248087 -0.00573197 -0.00123787 -0.00123787 -0.00123787 -0.00123787
 -0.00123787 -0.00123787 -0.00123787 -0.00123787 -0.00123787 -0.00123787
 -0.00123787 -0.00123787 -0.00123787 -0.00123787 -0.00123787 -0.00123787]",467954
1086498976,Vip-IRES-Cre,True,familiar,"[-3.31295716e-05 -5.94557052e-04 -4.64437999e-03  1.46755467e-03
  3.32459764e-03  7.37260815e-03  6.56102020e-03  1.13589351e-02
  8.53161557e-03  1.40071871e-02  1.50640718e-02  1.64671882e-02
  1.15608960e-02  9.33469967e-04  4.48254319e-03 -8.40456673e-03
 -8.35695678e-03 -3.32780103e-03 -2.35107562e-03 -3.29751960e-03
 -3.56995248e-03  1.83572792e-05 -8.01168706e-03 -1.16053000e-02
 -8.01884397e-03 -4.39968506e-03 -1.06711214e-02 -9.18572123e-03
 -7.12002386e-03 -7.55772340e-03 -1.46883322e-02 -2.14052947e-02
 -1.71294211e-02 -1.70439374e-02 -9.34563638e-03 -2.81895090e-03
 -2.64872502e-03  4.90346801e-03  1.08566676e-02  9.09159408e-03
  1.99037534e-02  2.26993346e-02  2.93143325e-02  3.45582606e-02
  4.74709734e-02  5.58536418e-02  7.08977433e-02  7.68092757e-02
  1.00100374e-01  1.11357785e-01  1.17810410e-01  1.34216362e-01
  1.32781417e-01  1.38455696e-01  1.45749031e-01  1.45250275e-01
  1.30739343e-01  1.23905639e-01  1.13967757e-01  1.09126221e-01
  1.08486357e-01  9.42655875e-02  9.18496258e-02  7.87613171e-02
  7.54442309e-02  7.16698443e-02  5.54461659e-02  5.46002751e-02
  4.77369590e-02  5.44523453e-02  4.65952635e-02  4.48742406e-02
  4.48279415e-02  3.34323960e-02  3.23941732e-02  3.23941732e-02
  3.23941732e-02  3.23941732e-02  3.23941732e-02  3.23941732e-02
  3.23941732e-02  3.23941732e-02  3.23941732e-02  3.23941732e-02
  3.23941732e-02  3.23941732e-02  3.23941732e-02  3.23941732e-02
  3.23941732e-02  3.23941732e-02]",467954
1086498976,Vip-IRES-Cre,True,novel,"[ 0.00219332  0.00161104 -0.00403951 -0.00474136 -0.00287217 -0.00593818
 -0.00726832 -0.00798341 -0.00854849 -0.00550393 -0.00914174 -0.00762485
  0.00107946 -0.00069976  0.00546284  0.01058994  0.00905981  0.01483759
  0.01736842  0.01079192  0.00432857  0.0031595   0.00391513  0.00137997
 -0.00619417  0.00106617 -0.00283655 -0.00233402 -0.00262413 -0.00849312
 -0.00872366 -0.00921021 -0.0114591  -0.00855188 -0.01071046 -0.01377392
 -0.01582571 -0.015942   -0.01736555 -0.01492804 -0.01641293 -0.01274338
 -0.01217154 -0.01725546 -0.01204344 -0.01451133 -0.00961193 -0.01096648
 -0.00901712 -0.00657017 -0.00518171 -0.00923811 -0.0108792  -0.00772048
 -0.00899658 -0.00383532 -0.00358746  0.0028156   0.01376602  0.02087641
  0.0227626   0.0228952   0.01963134  0.02839483  0.02714768  0.02335252
  0.01896746  0.01191641  0.00935526  0.01102511  0.00724462  0.0071884
  0.00343331  0.00566575 -0.00409664 -0.00409664 -0.00409664 -0.00409664
 -0.00409664 -0.00409664 -0.00409664 -0.00409664 -0.00409664 -0.00409664
 -0.00409664 -0.00409664 -0.00409664 -0.00409664 -0.00409664 -0.00409664]",467954
1086498977,Sst-IRES-Cre,False,familiar,"[-0.00922549 -0.0101066  -0.01839039 -0.02148605 -0.02205223 -0.02483821
 -0.02463119 -0.02606229 -0.02802419 -0.02066975 -0.00486628  0.01982425
  0.04302131  0.05353152  0.06093144  0.06049516  0.0542817   0.04262257
  0.02934242  0.01565357  0.00393942 -0.0016126  -0.00939167 -0.01545421
 -0.01834038 -0.01969498 -0.02424838 -0.02837364 -0.02783704 -0.0283378
 -0.0292776  -0.02848571 -0.01680746  0.00627277  0.03613057  0.05763484
  0.06888298  0.07544472  0.07878488  0.07370717  0.0582326   0.04350182
  0.02868359  0.00949803 -0.00064748 -0.00995876 -0.01259927 -0.0171858
 -0.01991835 -0.02930146 -0.03044895 -0.02896269 -0.03427802 -0.03314494
 -0.01630276  0.01964633  0.05838836  0.08404655  0.09331473  0.10098419
  0.09981304  0.09293855  0.07707468  0.05757978  0.03590623  0.01995878
  0.00134381 -0.00811435 -0.01309887 -0.01713008 -0.02626762 -0.02676374
 -0.02912614 -0.03573607 -0.03291719 -0.03291719 -0.03291719 -0.03291719
 -0.03291719 -0.03291719 -0.03291719 -0.03291719 -0.03291719 -0.03291719
 -0.03291719 -0.03291719 -0.03291719 -0.03291719 -0.03291719 -0.03291719]",476970
1086498977,Sst-IRES-Cre,False,novel,"[ 0.00468643  0.00396856 -0.00143517  0.00309245 -0.00207284 -0.01120135
 -0.00997536 -0.00817061 -0.00653586 -0.0069519  -0.00120912  0.00359808
  0.00590557  0.00938703  0.00731206  0.01025045  0.00873801  0.00851893
  0.00571938  0.00665195  0.00486208 -0.00151205  0.0035939  -0.00573332
 -0.00804029 -0.00412451 -0.00842363 -0.00434919 -0.00523158 -0.00131808
 -0.00276394 -0.00711271 -0.00696076 -0.00426075  0.00564816  0.0148318
  0.01837419  0.02433078  0.02487768  0.02212653  0.0151665   0.01695151
  0.00851854  0.01337337  0.00807464  0.0056178  -0.00113004 -0.00105817
 -0.00169353  0.00369219 -0.00275374  0.00113323 -0.00218195  0.00044043
 -0.00251089  0.00534689  0.01148159  0.01337448  0.01650626  0.01818107
  0.01607626  0.01686072  0.01869822  0.01316054  0.00636109  0.0100439
  0.00042942  0.00416697  0.0043322  -0.00578864 -0.0050787  -0.00914237
 -0.01362005 -0.00603316 -0.00320349 -0.00320349 -0.00320349 -0.00320349
 -0.00320349 -0.00320349 -0.00320349 -0.00320349 -0.00320349 -0.00320349
 -0.00320349 -0.00320349 -0.00320349 -0.00320349 -0.00320349 -0.00320349]",476970
1086498977,Sst-IRES-Cre,True,familiar,"[-0.02245117 -0.02298393 -0.02766426 -0.02723559 -0.0276515  -0.03436037
 -0.03643767 -0.03508091 -0.03856977 -0.03827076 -0.0254571   0.0038674
  0.04259538  0.06575103  0.07584449  0.0799482   0.07695259  0.06861964
  0.05201434  0.03948002  0.0229135   0.00683455 -0.00513621 -0.01135937
 -0.02414458 -0.02605444 -0.02808768 -0.03444936 -0.03280236 -0.03662409
 -0.03721978 -0.03938376 -0.0404847  -0.04709782 -0.04779881 -0.04847865
 -0.04519588 -0.04740925 -0.04752641 -0.04733859 -0.04873724 -0.04871104
 -0.0504417  -0.05485061 -0.04926527 -0.04625323 -0.0443911  -0.04398034
 -0.04352101 -0.04337782 -0.04697432 -0.04830737 -0.0466531  -0.04643289
 -0.03991162 -0.02116874  0.01220319  0.03859494  0.05097482  0.05720847
  0.05399954  0.04799761  0.04222246  0.02808414  0.02117912  0.00347053
 -0.00779473 -0.02083736 -0.02588113 -0.02196818 -0.02739808 -0.03123317
 -0.03634964 -0.03473215 -0.0369322  -0.0369322  -0.0369322  -0.0369322
 -0.0369322  -0.0369322  -0.0369322  -0.0369322  -0.0369322  -0.0369322
 -0.0369322  -0.0369322  -0.0369322  -0.0369322  -0.0369322  -0.0369322 ]",476970
1086498977,Sst-IRES-Cre,True,novel,"[-0.00126511 -0.00120323 -0.00229518 -0.01008614 -0.00233513 -0.00587374
 -0.01183962 -0.0025563  -0.00366792 -0.0071099  -0.00708342 -0.00058486
  0.002477   -0.00170923  0.00964597  0.01490721  0.01255444  0.0136891
  0.01554292  0.00736137  0.00575791  0.00603469 -0.00501736  0.00135161
 -0.00961571  0.0016981  -0.00169118 -0.00593148 -0.00516256 -0.00599225
 -0.00344936 -0.00360836 -0.00749218 -0.00808264 -0.00077348 -0.00471828
 -0.00692347 -0.00543155 -0.00457006 -0.00571223 -0.0082916   0.00182734
 -0.01468168 -0.00868428 -0.01152738 -0.01237774 -0.00538502 -0.00095656
 -0.00631752 -0.00106942 -0.00589323 -0.00405931 -0.01192461 -0.00861618
 -0.00359516 -0.00373886 -0.00091019  0.00233756  0.0055736   0.00571088
  0.00993196  0.00914012  0.00705363  0.00658483  0.00430012  0.00315217
 -0.00439696 -0.00174366 -0.00126535  0.00016768 -0.00661717  0.00196547
 -0.00541024 -0.00206831  0.01384769  0.01384769  0.01384769  0.01384769
  0.01384769  0.01384769  0.01384769  0.01384769  0.01384769  0.01384769
  0.01384769  0.01384769  0.01384769  0.01384769  0.01384769  0.01384769]",476970
1086499101,Vip-IRES-Cre,False,familiar,"[-2.88289726e-05 -4.08294640e-04 -3.18298959e-03  2.59418822e-04
 -2.53566111e-04  1.55999056e-03  3.74964956e-03  4.42623895e-03
  1.29837319e-03 -1.08854596e-03 -2.30476384e-03 -3.05122681e-03
  2.08407719e-03 -5.39292064e-04 -3.58182825e-03 -5.88976171e-03
  1.14407803e-03  4.84111441e-04  2.18084599e-03 -7.24058668e-03
  4.61590009e-05 -3.57809925e-03  2.09178296e-03  1.98869432e-04
  7.56898812e-04 -9.50207049e-04  1.93498124e-03 -6.85987236e-04
  4.86134052e-03  5.70716247e-03 -3.52742856e-03 -1.80883253e-03
  2.48808824e-03  5.45517699e-03  7.14602279e-03  1.36817010e-02
  1.55066914e-02  1.24837878e-02  1.05634203e-02  8.76037846e-03
  4.17252788e-03  9.48691699e-03  1.06774821e-02  1.47610393e-03
  6.54198550e-03  4.30534599e-03  8.44846160e-03  9.32325391e-03
  1.02497979e-02  2.67424665e-03  6.56082704e-04  2.12049293e-04
 -2.44292195e-03  1.75758341e-03  5.96660042e-03  7.54450874e-03
  3.13844501e-03  4.23996517e-03  7.31852850e-03  2.72298339e-03
  6.56874046e-04 -5.44659805e-03  1.99987283e-03  8.69135369e-03
  6.44822009e-03  5.78156962e-03  9.60452818e-04 -4.97721922e-03
  4.83562978e-04 -1.17692459e-02 -3.59443118e-03 -4.29857682e-03
 -3.62452090e-03 -4.71380248e-03 -3.19689633e-03 -3.19689633e-03
 -3.19689633e-03 -3.19689633e-03 -3.19689633e-03 -3.19689633e-03
 -3.19689633e-03 -3.19689633e-03 -3.19689633e-03 -3.19689633e-03
 -3.19689633e-03 -3.19689633e-03 -3.19689633e-03 -3.19689633e-03
 -3.19689633e-03 -3.19689633e-03]",467954
1086499101,Vip-IRES-Cre,False,novel,"[-0.00400705 -0.00456363 -0.0087946  -0.00321188 -0.00489602 -0.00407509
 -0.00410189 -0.00998752 -0.01056887 -0.00610434 -0.00668456 -0.00333875
  0.00272001  0.00430301  0.00409613  0.00883168  0.02199058  0.02410308
  0.02758988  0.01375675 -0.00177564 -0.0027348   0.00753373  0.00319166
 -0.00399057 -0.00124986 -0.00675534 -0.01179675 -0.00874663 -0.0107327
 -0.01562474 -0.01532818 -0.01232145  0.00055137  0.01793073  0.02057233
  0.0282286   0.03765292  0.05148526  0.03947353  0.02652612  0.03266608
  0.02179783  0.02503101  0.00787828  0.01344712  0.01120661  0.02108069
  0.0072788   0.00131348 -0.00863464 -0.01407165 -0.00746213 -0.0042857
 -0.00398111 -0.00937272 -0.00908661  0.00201915  0.00870485  0.01325249
  0.01684348  0.02087223  0.0138554   0.01077461  0.00184966 -0.00864433
 -0.0129813  -0.0064425  -0.01114937 -0.01181135 -0.0109016  -0.01178301
 -0.01950104 -0.01937771 -0.0174976  -0.0174976  -0.0174976  -0.0174976
 -0.0174976  -0.0174976  -0.0174976  -0.0174976  -0.0174976  -0.0174976
 -0.0174976  -0.0174976  -0.0174976  -0.0174976  -0.0174976  -0.0174976 ]",467954
1086499101,Vip-IRES-Cre,True,familiar,"[ 0.00214216  0.00280425  0.00644146 -0.00470091  0.00424917 -0.00150013
  0.0014112   0.00520873  0.00195271  0.00121917  0.0048656   0.00088227
  0.0019195   0.00121531 -0.00326882  0.00445281 -0.00044476  0.00029313
  0.00645182  0.00307769  0.00775918  0.00117762 -0.00506826 -0.00659127
 -0.00482305 -0.0025248  -0.00811188 -0.00616012 -0.00818943 -0.00614035
 -0.00291858 -0.00158458 -0.00138364 -0.00320092 -0.006529   -0.00186193
  0.00395852  0.00530747  0.0038762   0.00575955  0.00306787  0.01247496
  0.0167159   0.01755734  0.01792967  0.02203019  0.02014343  0.0268623
  0.02378966  0.0310315   0.03534697  0.03657748  0.0343574   0.03521548
  0.04456581  0.04569254  0.04544679  0.04832398  0.05018849  0.04761582
  0.05138963  0.04910344  0.04633566  0.04791755  0.03636123  0.03047029
  0.03135074  0.03121271  0.02391082  0.02275996  0.02206198  0.01975481
  0.01917803  0.01674064  0.01450741  0.01450741  0.01450741  0.01450741
  0.01450741  0.01450741  0.01450741  0.01450741  0.01450741  0.01450741
  0.01450741  0.01450741  0.01450741  0.01450741  0.01450741  0.01450741]",467954
1086499101,Vip-IRES-Cre,True,novel,"[-0.00302036 -0.00283969 -0.00158496 -0.00486439 -0.00607672 -0.00361421
 -0.00917527 -0.0054915  -0.01114963 -0.01327598 -0.00702868 -0.00216362
  0.00171887  0.00277952  0.0064604   0.01283751  0.01675742  0.02105922
  0.015352    0.01715857  0.01037184  0.01401173 -0.00144524  0.00269877
 -0.00416266 -0.0011668  -0.00557686 -0.00997878 -0.01019123 -0.01839925
 -0.01018685 -0.01226442 -0.01476666 -0.0161551  -0.0172142  -0.01341884
 -0.01279942 -0.01284183 -0.02049289 -0.01883324 -0.01878867 -0.02074043
 -0.01765937 -0.028258   -0.02305876 -0.02064798 -0.0122698  -0.016736
 -0.02348052 -0.01431294 -0.01741377 -0.01674924 -0.01778075 -0.01414397
 -0.00624357 -0.00563632 -0.00216108  0.00815412  0.01976252  0.02939761
  0.03340368  0.0393264   0.03751782  0.04067706  0.03216053  0.02662918
  0.01417407  0.01041033  0.0163495   0.00657858  0.00572115  0.00454025
  0.00073959 -0.00097174 -0.00523351 -0.00523351 -0.00523351 -0.00523351
 -0.00523351 -0.00523351 -0.00523351 -0.00523351 -0.00523351 -0.00523351
 -0.00523351 -0.00523351 -0.00523351 -0.00523351 -0.00523351 -0.00523351]",467954
1086499205,Vip-IRES-Cre,False,familiar,"[-1.89391682e-03 -1.67173438e-03  4.34295646e-04  4.36233872e-04
 -2.20160900e-03  5.72164900e-04  2.89963791e-03 -4.90561207e-03
  1.92540705e-03  4.07576888e-03  1.47075257e-03  7.53355720e-04
  6.86853868e-04 -7.44358220e-04 -3.70343933e-03 -3.33202433e-04
  5.81239191e-05  2.99842218e-03 -2.97499651e-03 -3.98634068e-03
 -2.96426800e-04 -1.49479530e-04  7.67134634e-04 -8.00155667e-04
  1.61474608e-03  9.01413447e-04 -4.43148520e-03  5.83723255e-03
  4.68281731e-03 -2.02160390e-03 -5.22620978e-04 -1.45994874e-03
  2.77654496e-03  6.74917818e-03  4.41085565e-04  2.80130329e-03
  5.04051781e-03  3.64152724e-03  3.73149990e-03  7.50892334e-03
  4.99836263e-03  5.39999690e-03  1.83793414e-03  1.38468468e-03
  3.62563582e-03  9.10929166e-03  2.74139790e-03 -3.83205077e-03
  1.08766090e-03  7.66669654e-03  4.78790369e-03  1.50165034e-03
 -3.62093328e-04  2.79379295e-03  3.12942754e-03  3.04155090e-03
  2.75717807e-03  3.96852679e-03 -2.82712741e-03 -5.50954188e-03
  1.35011600e-03  2.18233472e-03  6.36548261e-05  4.20569633e-03
  2.74303016e-03 -2.14803064e-03 -4.30940342e-03  2.85599374e-03
  2.71724766e-03  3.52994109e-03  3.12838357e-03 -8.45219385e-04
 -3.68916318e-04  2.29578220e-03  3.97590001e-03  3.97590001e-03
  3.97590001e-03  3.97590001e-03  3.97590001e-03  3.97590001e-03
  3.97590001e-03  3.97590001e-03  3.97590001e-03  3.97590001e-03
  3.97590001e-03  3.97590001e-03  3.97590001e-03  3.97590001e-03
  3.97590001e-03  3.97590001e-03]",467954
1086499205,Vip-IRES-Cre,True,familiar,"[-0.00413873 -0.00303028  0.00672038  0.00599476  0.00673576 -0.00079172
  0.00097944 -0.00083069  0.00046431  0.0043196   0.00430898  0.00284686
 -0.00048757 -0.00359189  0.0020484  -0.00271147 -0.00037837 -0.00070781
 -0.00172499 -0.00396414  0.00166327 -0.00293208  0.00017583 -0.00063376
 -0.00785943 -0.00056487 -0.00300926 -0.00024962 -0.00022205  0.00157116
  0.00478948 -0.00059713 -0.00018131  0.00371281  0.00351764  0.00350038
  0.00367322  0.00524424  0.00996897  0.01137043  0.00488983  0.00435437
  0.00278289  0.01097565  0.00449158  0.00940959  0.00897289  0.00488719
  0.01434161  0.01601916  0.02048275  0.01144225  0.01870485  0.01925987
  0.01954996  0.01483163  0.01706945  0.01988871  0.01393367  0.00928586
  0.01602132  0.0153482   0.01237528  0.01093959  0.01221739  0.0084234
  0.00630522  0.00356398  0.00809527  0.00348413  0.00232896  0.00475276
  0.01049983  0.00207312 -0.00194838 -0.00194838 -0.00194838 -0.00194838
 -0.00194838 -0.00194838 -0.00194838 -0.00194838 -0.00194838 -0.00194838
 -0.00194838 -0.00194838 -0.00194838 -0.00194838 -0.00194838 -0.00194838]",467954
1086499316,Sst-IRES-Cre,False,familiar,"[-1.56716360e-03 -1.78975824e-03 -3.88580404e-03 -5.22420517e-03
 -6.85257496e-03 -4.92555757e-03 -9.51900531e-03 -1.13357317e-02
 -1.14891945e-02 -1.00176372e-02 -1.99703917e-03  7.46201844e-03
  1.40338383e-02  2.01188850e-02  2.27009193e-02  1.93511736e-02
  1.58587515e-02  1.15224359e-02  9.40997306e-03  6.70951632e-03
  1.42377010e-03  7.91962289e-04  8.52059618e-04 -5.88923703e-03
 -8.65930653e-03 -8.89812227e-03 -9.74408949e-03 -9.40703775e-03
 -1.07264796e-02 -8.30735934e-03 -1.13701497e-02 -1.01292472e-02
 -6.88826602e-03  5.73757000e-03  2.01784748e-02  2.79383176e-02
  2.94525760e-02  3.12717222e-02  3.05225627e-02  2.79731357e-02
  2.40874063e-02  1.43320341e-02  1.30922070e-02  3.10042511e-03
  9.27190121e-04  3.59871865e-04  8.89004781e-05 -7.53440886e-03
 -5.50000457e-03 -1.12220239e-02 -6.91827472e-03 -8.69160667e-03
 -1.22312135e-02 -1.06839010e-02 -9.12628221e-03  4.77797111e-03
  2.63241637e-02  3.90691873e-02  4.34543057e-02  4.52387700e-02
  4.33384749e-02  3.81876663e-02  2.81536296e-02  2.07920139e-02
  1.31519945e-02  8.78465573e-03  5.42395993e-03 -5.78173645e-04
 -4.88842223e-03 -2.67474244e-03 -6.13164936e-03 -5.42859532e-03
 -8.74669707e-03 -1.26527580e-02 -1.19846219e-02 -1.19846219e-02
 -1.19846219e-02 -1.19846219e-02 -1.19846219e-02 -1.19846219e-02
 -1.19846219e-02 -1.19846219e-02 -1.19846219e-02 -1.19846219e-02
 -1.19846219e-02 -1.19846219e-02 -1.19846219e-02 -1.19846219e-02
 -1.19846219e-02 -1.19846219e-02]",476970
1086499316,Sst-IRES-Cre,False,novel,"[-0.00066746 -0.00024191  0.00264018 -0.00178469 -0.00048638 -0.00318477
 -0.00470208 -0.00326539 -0.00150812 -0.00307878 -0.0033796  -0.0043143
 -0.00071449  0.00020601  0.00441239  0.00771726  0.00915633  0.00889019
  0.00366328  0.00434051  0.006381   -0.00010532 -0.00024569  0.00076682
 -0.00171569 -0.00442905 -0.00014061 -0.00396069 -0.00473062 -0.00551834
 -0.0058683  -0.00615997 -0.00683202 -0.00339324 -0.0016892  -0.00034207
  0.00321602  0.00750839  0.01117045  0.01347363  0.01160571  0.009376
  0.0047681   0.00217298 -0.00050743 -0.00087317  0.00075052 -0.00297959
  0.00111104 -0.00147725 -0.00141402 -0.00146382 -0.00272148 -0.00107335
 -0.00230198 -0.00220987 -0.00057669  0.00435665  0.00853029  0.01281955
  0.01563027  0.01653158  0.01268748  0.01045156  0.00254751  0.00020419
  0.0007299   0.0077044  -0.0002147  -0.0029277  -0.00347745  0.0009324
 -0.0026122  -0.0047884  -0.00383408 -0.00383408 -0.00383408 -0.00383408
 -0.00383408 -0.00383408 -0.00383408 -0.00383408 -0.00383408 -0.00383408
 -0.00383408 -0.00383408 -0.00383408 -0.00383408 -0.00383408 -0.00383408]",476970
1086499316,Sst-IRES-Cre,True,familiar,"[-0.00506281 -0.00523048 -0.00724519 -0.01094283 -0.01359532 -0.01531555
 -0.01432338 -0.01615239 -0.01647151 -0.01521984 -0.01401274  0.00315471
  0.02247432  0.02929187  0.03292368  0.03205561  0.02935549  0.02430424
  0.02085558  0.01001194  0.00772851  0.00286009 -0.00195603 -0.00570281
 -0.00358651 -0.01059543 -0.01404082 -0.01522098 -0.01606944 -0.01427198
 -0.01826005 -0.01698126 -0.01672684 -0.01651807 -0.01884225 -0.02425343
 -0.02547295 -0.01987014 -0.0211275  -0.02575117 -0.02419053 -0.02654083
 -0.02219527 -0.02347073 -0.01932911 -0.02101233 -0.02155518 -0.02312855
 -0.01896542 -0.0199464  -0.0203731  -0.02338468 -0.02373503 -0.0219628
 -0.02340662 -0.01517788  0.00294975  0.01547162  0.01980008  0.02411928
  0.02167316  0.01914642  0.0134937   0.00604647  0.00171075 -0.00245806
 -0.00136481 -0.00404917 -0.01009541 -0.01041091 -0.01618833 -0.01700646
 -0.01474226 -0.01753419 -0.01790433 -0.01790433 -0.01790433 -0.01790433
 -0.01790433 -0.01790433 -0.01790433 -0.01790433 -0.01790433 -0.01790433
 -0.01790433 -0.01790433 -0.01790433 -0.01790433 -0.01790433 -0.01790433]",476970
1086499316,Sst-IRES-Cre,True,novel,"[ 0.00345345  0.00257119 -0.00497569 -0.00392873 -0.00307928 -0.00337611
 -0.00619147 -0.00521231 -0.00687991 -0.00650121 -0.00197226 -0.00074036
 -0.00099649  0.00307547  0.00683299  0.00880654  0.00873534  0.0084128
  0.00442692  0.00463901  0.00404786  0.006594    0.00095567 -0.0024177
 -0.00454992 -0.00229229 -0.00067094 -0.00064996 -0.00348171 -0.00463488
 -0.0037696  -0.00260575 -0.00661679 -0.00278471 -0.00183026 -0.00648151
 -0.00805842 -0.00023884 -0.00613506 -0.01028171 -0.00691329 -0.00452917
 -0.00843234 -0.0080171  -0.00137636 -0.00733231 -0.0069166  -0.0125026
 -0.00483191 -0.0042575  -0.00361238 -0.00698103 -0.00165513 -0.00280651
 -0.00449893 -0.00261697 -0.0043691  -0.00450828 -0.00112602  0.00424761
  0.00599765  0.00867645  0.01056397  0.01124355  0.00453827 -0.00153011
  0.0022944  -0.00428442 -0.00029745 -0.0046118  -0.00179844  0.00286907
 -0.00383923 -0.00289315 -0.00499664 -0.00499664 -0.00499664 -0.00499664
 -0.00499664 -0.00499664 -0.00499664 -0.00499664 -0.00499664 -0.00499664
 -0.00499664 -0.00499664 -0.00499664 -0.00499664 -0.00499664 -0.00499664]",476970
1086499341,Vip-IRES-Cre,False,novel,"[-3.41993832e-04 -1.19902405e-04  7.36517198e-05 -9.49650602e-03
 -3.14437276e-03 -1.12909494e-02 -5.76671746e-03 -1.95960714e-03
 -1.24174365e-02 -1.84287172e-02 -1.46481444e-02 -1.28557501e-02
 -7.19870781e-03  5.41560488e-03  6.01460932e-03  6.87693352e-03
 -1.06202226e-03  8.12480188e-03  1.92582042e-02  1.50254644e-02
  1.54907071e-02  5.40236099e-03 -7.49344419e-04  4.79251794e-03
  2.78734831e-03 -2.37227681e-03  6.46461433e-03  2.67396180e-03
  3.69547090e-03 -2.43802739e-04  3.78505482e-04 -9.38443825e-04
  1.81221115e-04  1.05166717e-02  2.23960539e-02  3.08704363e-02
  3.71797258e-02  4.87835693e-02  4.93720064e-02  5.99823725e-02
  6.43207202e-02  5.14207706e-02  5.42765162e-02  3.89193571e-02
  4.39254401e-02  3.42590947e-02  2.23350888e-02  2.36180366e-02
  8.39933187e-03  2.20946518e-03 -3.56783833e-03 -4.79988638e-03
  4.15016742e-03 -4.97343527e-03 -8.94115426e-03 -6.14358652e-03
  5.71283181e-04  3.40928642e-04  9.52516166e-03  1.32233865e-02
  1.32131074e-02  1.28032764e-02  1.92804888e-02  7.68878273e-03
  4.77593789e-03  7.78685919e-04 -3.75743530e-03 -1.20016483e-02
  3.74736018e-03 -4.23052218e-03 -1.25325408e-02 -1.94537853e-02
 -1.67219334e-02 -8.92383691e-03 -9.13509741e-03 -9.13509741e-03
 -9.13509741e-03 -9.13509741e-03 -9.13509741e-03 -9.13509741e-03
 -9.13509741e-03 -9.13509741e-03 -9.13509741e-03 -9.13509741e-03
 -9.13509741e-03 -9.13509741e-03 -9.13509741e-03 -9.13509741e-03
 -9.13509741e-03 -9.13509741e-03]",467954
1086499341,Vip-IRES-Cre,True,novel,"[ 0.00930532  0.00874747  0.00309462 -0.00015449 -0.0016228  -0.00072536
 -0.00838405 -0.00901525 -0.00597117 -0.00775503 -0.00923843 -0.00951597
 -0.00345519  0.00170459  0.00932621  0.01589162  0.01393005  0.01378894
  0.00924776  0.0145356   0.0061417   0.0125061   0.00227306 -0.00341798
 -0.00957479  0.00120336 -0.00013162 -0.01386833 -0.01881821 -0.02004777
 -0.01582957 -0.01410708 -0.01256772 -0.01172657 -0.01436407 -0.01522835
 -0.01633776 -0.01004838 -0.01126188 -0.01202148 -0.0134676  -0.01109101
 -0.01097987  0.00103617 -0.01272009 -0.01103189 -0.00993333 -0.00308406
  0.01024895 -0.00073667 -0.00035607 -0.00065252  0.00199769  0.00493787
  0.0127184   0.01156081  0.01786817  0.02609665  0.02926515  0.03723495
  0.03960195  0.04456659  0.04623417  0.04664779  0.04525901  0.03228859
  0.0231857   0.02111444  0.01156017  0.00647648  0.00852184 -0.00139627
 -0.00150776 -0.00522156 -0.00125323 -0.00125323 -0.00125323 -0.00125323
 -0.00125323 -0.00125323 -0.00125323 -0.00125323 -0.00125323 -0.00125323
 -0.00125323 -0.00125323 -0.00125323 -0.00125323 -0.00125323 -0.00125323]",467954
1086499479,Sst-IRES-Cre,False,familiar,"[-0.00221387 -0.00310037 -0.01314145 -0.02497976 -0.01898665 -0.01700209
 -0.0163478  -0.01521797 -0.01879139 -0.01713724 -0.00826106  0.00745123
  0.02370941  0.03279586  0.03504018  0.03334807  0.03278131  0.03079965
  0.01936643  0.01630773  0.00659266 -0.00287739 -0.00240891 -0.00293155
 -0.00119352 -0.0142876  -0.01909617 -0.01595824 -0.01292083 -0.01133868
 -0.01484705 -0.02127499 -0.01828164  0.00321224  0.01972798  0.02793551
  0.03835789  0.0443568   0.05015102  0.04690495  0.03474758  0.02199615
  0.01856177  0.00819044 -0.00089676  0.00113735  0.00016681 -0.01038229
 -0.02135812 -0.02254775 -0.01994231 -0.02722131 -0.02472815 -0.02736826
 -0.02044623 -0.00398134  0.01605201  0.03545428  0.04297898  0.0482639
  0.04991373  0.04665934  0.04159122  0.02830099  0.01549337  0.01110701
 -0.00428042 -0.01026485 -0.01378325 -0.01201551 -0.02136392 -0.01882525
 -0.01894327 -0.01473765 -0.02229415 -0.02229415 -0.02229415 -0.02229415
 -0.02229415 -0.02229415 -0.02229415 -0.02229415 -0.02229415 -0.02229415
 -0.02229415 -0.02229415 -0.02229415 -0.02229415 -0.02229415 -0.02229415]",476970
1086499479,Sst-IRES-Cre,False,novel,"[-4.05123925e-03 -3.92836858e-03 -2.46889897e-03  1.29726329e-04
  5.25170323e-04 -4.15154340e-03 -5.20574497e-03 -2.86639591e-04
 -2.59811031e-03 -3.60004208e-03 -3.83653849e-03 -2.15001679e-04
  4.34676839e-03  2.70262022e-03  3.73935971e-03  3.14443768e-03
  8.97713485e-03  7.98625071e-03  7.47003814e-03  2.79544497e-03
  5.79304647e-03  4.99314918e-03 -8.17282174e-03 -2.41213554e-05
 -7.29287115e-05  6.06968807e-04  2.17990454e-03 -7.14698933e-03
 -9.29137854e-03 -3.39653322e-04 -3.50456947e-03 -7.23104869e-03
 -5.70909880e-03  1.34182259e-03  3.96234144e-03 -1.25370092e-04
  2.74736422e-03  8.50628880e-03  1.10351915e-02  1.11837231e-02
  9.94269598e-03  1.01076730e-02  1.79467065e-03  6.80446578e-03
  3.64336360e-03 -2.62451304e-04  2.36999450e-04 -2.58344362e-03
 -8.28632647e-03 -5.84204966e-03 -5.15540735e-03 -6.52773047e-03
 -2.51972982e-03 -7.16258552e-03 -6.05275507e-03 -6.20031049e-03
 -1.38414726e-03  3.43878385e-04  3.62031997e-03  5.72777327e-03
  1.06659629e-02  1.30667371e-02  1.16142077e-02  8.17360419e-03
  3.60279777e-03  3.14777838e-03 -4.10192872e-03  4.83571407e-03
 -4.43194222e-03 -3.65550377e-03 -5.44474762e-04 -4.44879854e-03
 -3.97341519e-03 -4.92660791e-03 -4.89382003e-03 -4.89382003e-03
 -4.89382003e-03 -4.89382003e-03 -4.89382003e-03 -4.89382003e-03
 -4.89382003e-03 -4.89382003e-03 -4.89382003e-03 -4.89382003e-03
 -4.89382003e-03 -4.89382003e-03 -4.89382003e-03 -4.89382003e-03
 -4.89382003e-03 -4.89382003e-03]",476970
1086499479,Sst-IRES-Cre,True,familiar,"[-0.01080508 -0.01136779 -0.01628609 -0.01760101 -0.02276053 -0.0183712
 -0.02739173 -0.03229865 -0.02900151 -0.0360529  -0.02785737 -0.00269118
  0.01679923  0.02932797  0.04203195  0.04803583  0.05216091  0.05050591
  0.03159224  0.01957574  0.02195619  0.00944634  0.01391242 -0.00053775
 -0.01463316 -0.00404689 -0.01277031 -0.01756027 -0.01647135 -0.01683996
 -0.0218492  -0.02510052 -0.03017968 -0.03451715 -0.03759016 -0.03369679
 -0.03601694 -0.03472551 -0.02874245 -0.03315823 -0.03646048 -0.0406438
 -0.03752797 -0.03473664 -0.03412508 -0.04034471 -0.03520987 -0.04103354
 -0.04103453 -0.02850647 -0.03639447 -0.04019025 -0.03409827 -0.0369848
 -0.03340494 -0.0263782  -0.00211953  0.01513581  0.0290037   0.0299824
  0.02488708  0.02528993  0.01613421  0.01256015 -0.0015068  -0.0102962
 -0.01124335 -0.01479499 -0.01771013 -0.01633169 -0.01729702 -0.02582097
 -0.02607963 -0.02986352 -0.03798238 -0.03798238 -0.03798238 -0.03798238
 -0.03798238 -0.03798238 -0.03798238 -0.03798238 -0.03798238 -0.03798238
 -0.03798238 -0.03798238 -0.03798238 -0.03798238 -0.03798238 -0.03798238]",476970
1086499479,Sst-IRES-Cre,True,novel,"[-4.10164389e-03 -3.46295582e-03  2.09429694e-03  1.44206470e-03
 -1.62725970e-03 -3.70548789e-03 -3.67074366e-03 -4.93466556e-03
 -7.70514874e-03 -1.08115032e-02 -8.62208578e-03 -3.11804989e-03
 -6.98495883e-04 -1.49371941e-03  7.63102996e-03  5.11363348e-03
  1.32767706e-02  1.57158252e-02  1.35398863e-02  8.48314189e-03
 -4.51538780e-03  5.18982038e-03  1.21938140e-03 -7.50520384e-03
 -4.84919785e-03  5.54790614e-04 -5.43214411e-03  3.06307441e-03
  1.96579680e-04 -1.26660254e-03 -3.71067276e-03 -1.48529692e-03
  6.73729065e-04 -2.40941151e-03 -2.61384490e-03 -2.47542476e-03
 -3.53507297e-03 -4.34891295e-03 -4.06213764e-03 -4.22262472e-03
 -4.32868419e-03 -3.60070057e-03 -1.52651086e-03 -5.63808889e-03
 -7.63808024e-03 -8.28854302e-03 -4.62732960e-03 -4.10599110e-03
 -1.07023293e-02 -5.55181525e-03 -1.26415907e-03 -3.19246283e-03
 -1.88842762e-03 -1.04273208e-02 -1.60626965e-02 -1.06692644e-03
 -1.37987472e-03 -4.08720983e-04  6.92498688e-05  6.00956891e-03
  4.47768721e-03  8.76312258e-03  1.10395270e-02  1.12963719e-02
  1.18114732e-02  5.45004818e-03  4.34204859e-04 -1.44008106e-03
 -1.25225366e-03 -4.68592795e-04 -1.78008806e-03 -3.13250575e-03
 -3.73699072e-03  2.64914771e-03 -7.44009719e-03 -7.44009719e-03
 -7.44009719e-03 -7.44009719e-03 -7.44009719e-03 -7.44009719e-03
 -7.44009719e-03 -7.44009719e-03 -7.44009719e-03 -7.44009719e-03
 -7.44009719e-03 -7.44009719e-03 -7.44009719e-03 -7.44009719e-03
 -7.44009719e-03 -7.44009719e-03]",476970
1086499499,Sst-IRES-Cre,False,familiar,"[-1.03286590e-02 -1.07218953e-02 -1.58000610e-02 -2.55890215e-02
 -2.96063422e-02 -4.10826325e-02 -5.13720149e-02 -6.11918373e-02
 -7.11614086e-02 -6.44782998e-02 -3.05467396e-02  3.93223312e-03
  3.39203664e-02  5.43539776e-02  7.53871076e-02  8.25348354e-02
  8.94000726e-02  8.52311084e-02  7.35991247e-02  5.56046237e-02
  4.13502442e-02  2.41684933e-02  1.29734883e-02  1.55968674e-04
 -1.25745318e-02 -1.74979835e-02 -3.56785966e-02 -4.16792671e-02
 -5.23789345e-02 -6.09234186e-02 -6.27916704e-02 -6.00733700e-02
 -2.77019816e-02  3.09318899e-02  8.71249578e-02  1.26822290e-01
  1.49192654e-01  1.70363142e-01  1.73834899e-01  1.70471172e-01
  1.53144872e-01  1.17530841e-01  8.05333014e-02  5.72582468e-02
  2.66378303e-02  3.65661996e-03 -1.51746270e-02 -2.68741829e-02
 -3.93360643e-02 -5.30793795e-02 -5.87522871e-02 -5.67365210e-02
 -6.96135099e-02 -7.75208072e-02 -6.38643162e-02 -2.83703733e-02
 -1.20901364e-03  1.89088046e-02  3.39770897e-02  4.76929741e-02
  6.68600513e-02  7.55017447e-02  6.16087318e-02  4.76101280e-02
  2.33899715e-02  8.63446218e-03 -8.60132915e-03 -1.42772645e-02
 -2.57857360e-02 -2.52411289e-02 -4.02893934e-02 -3.93013337e-02
 -3.72060374e-02 -5.46422934e-02 -5.60580672e-02 -5.60580672e-02
 -5.60580672e-02 -5.60580672e-02 -5.60580672e-02 -5.60580672e-02
 -5.60580672e-02 -5.60580672e-02 -5.60580672e-02 -5.60580672e-02
 -5.60580672e-02 -5.60580672e-02 -5.60580672e-02 -5.60580672e-02
 -5.60580672e-02 -5.60580672e-02]",477202
1086499499,Sst-IRES-Cre,False,novel,"[-0.00153833 -0.00215505 -0.0070888  -0.00544083 -0.01215873 -0.01452776
 -0.0163983  -0.01660589 -0.02770526 -0.02288013 -0.01447919  0.00389508
  0.01067409  0.0172199   0.01800056  0.01543803  0.0269601   0.02352622
  0.02309665  0.02232412  0.01985102  0.01421321  0.01392173  0.00595955
 -0.00341308 -0.00768847 -0.00746966 -0.02025667 -0.02196979 -0.01330429
 -0.01470678 -0.01672974 -0.01713506  0.00111656  0.01585024  0.02501493
  0.03129039  0.03807594  0.04459481  0.03580071  0.03117925  0.01731897
  0.00288249 -0.00896489 -0.01562643 -0.02560001 -0.03990202 -0.05000408
 -0.04896292 -0.04683771 -0.05321939 -0.06230138 -0.06208307 -0.05190473
 -0.05713323 -0.05468696 -0.03152595 -0.01666915 -0.01047224  0.00294331
  0.00662493  0.0118342   0.00895619  0.00166646 -0.00362418 -0.00815375
 -0.01240392 -0.00772504 -0.00679992 -0.01407705 -0.01626525 -0.01526591
 -0.01994824 -0.02136067 -0.02223051 -0.02223051 -0.02223051 -0.02223051
 -0.02223051 -0.02223051 -0.02223051 -0.02223051 -0.02223051 -0.02223051
 -0.02223051 -0.02223051 -0.02223051 -0.02223051 -0.02223051 -0.02223051]",477202
1086499499,Sst-IRES-Cre,True,familiar,"[-0.01424308 -0.01460444 -0.01925664 -0.02927729 -0.03764474 -0.04566569
 -0.05007093 -0.05999609 -0.06585035 -0.06106119 -0.03912423 -0.00964304
  0.02194545  0.04337662  0.05857926  0.07628594  0.09137541  0.08299245
  0.08433428  0.06295058  0.04553115  0.02785069  0.01905344  0.00981694
 -0.01316543 -0.01766679 -0.02673888 -0.02786355 -0.04364235 -0.04857751
 -0.05309251 -0.05804571 -0.06698093 -0.07281786 -0.07626787 -0.0818429
 -0.08555575 -0.08710417 -0.09078751 -0.10093665 -0.10371371 -0.09889594
 -0.09562472 -0.1056786  -0.11180605 -0.10520948 -0.10644055 -0.11238793
 -0.11263582 -0.11535337 -0.11104908 -0.12276907 -0.11939158 -0.12539316
 -0.11528971 -0.08359377 -0.04118716 -0.01051532  0.01019945  0.02107138
  0.03547082  0.04816283  0.04493102  0.02692098  0.00586716 -0.00251406
 -0.01516154 -0.02776452 -0.03182917 -0.05217007 -0.05499919 -0.06473215
 -0.06726306 -0.07394881 -0.07446511 -0.07446511 -0.07446511 -0.07446511
 -0.07446511 -0.07446511 -0.07446511 -0.07446511 -0.07446511 -0.07446511
 -0.07446511 -0.07446511 -0.07446511 -0.07446511 -0.07446511 -0.07446511]",477202
1086499499,Sst-IRES-Cre,True,novel,"[ 0.01229036  0.01033178 -0.00768171 -0.01153339 -0.01247579 -0.01805463
 -0.025201   -0.02544433 -0.03377588 -0.02928206 -0.01753778 -0.00520931
  0.00323338  0.00553887  0.01310944  0.02976319  0.02185155  0.02866433
  0.0210809   0.02134757  0.02095511  0.0034044   0.01515753  0.00219386
 -0.00811057 -0.00580453  0.00197669 -0.00296356 -0.0037348  -0.00408961
 -0.01409187 -0.01795683 -0.01850573 -0.02341587 -0.02061708 -0.02206628
 -0.02416678 -0.01804296 -0.02602076 -0.02570077 -0.02523243 -0.0323575
 -0.02609101 -0.03995896 -0.02922667 -0.02875968 -0.03353299 -0.02940242
 -0.03407107 -0.03335978 -0.03084304 -0.03438663 -0.03710566 -0.03821393
 -0.02945762 -0.02802895 -0.01685417 -0.00310439  0.00398579  0.00564701
  0.0005533   0.00257951  0.00916801  0.00199516 -0.00342927 -0.00327952
 -0.02337107 -0.02882942 -0.02099429 -0.03566119 -0.03866201 -0.03946022
 -0.04341547 -0.04169364 -0.04586146 -0.04586146 -0.04586146 -0.04586146
 -0.04586146 -0.04586146 -0.04586146 -0.04586146 -0.04586146 -0.04586146
 -0.04586146 -0.04586146 -0.04586146 -0.04586146 -0.04586146 -0.04586146]",477202
1086499628,Sst-IRES-Cre,False,novel,"[-1.83213721e-03 -1.67170568e-03 -1.66463648e-04 -6.97326429e-04
 -4.15273371e-03 -3.55933877e-03 -8.97573235e-03 -4.83187078e-03
 -1.81504146e-03 -5.03064795e-05  2.26065420e-03  3.20190157e-03
  2.64896490e-03  5.29710015e-03  6.33697275e-03  6.90713451e-03
  3.98467301e-03  7.47910407e-03  2.36666532e-03  1.64591057e-03
 -3.16636512e-04  3.23387522e-03  3.39470221e-03 -3.90805016e-03
 -3.94738997e-03  5.67449928e-04 -2.40381313e-03 -2.31088073e-03
 -1.95595769e-03 -6.72972370e-03 -8.34583052e-03 -2.22468377e-03
 -3.56886774e-03 -4.08341322e-03  2.57238702e-03  5.08620979e-03
  6.99951024e-03  4.89200155e-03  6.40848328e-03  3.97947400e-03
  1.46170450e-03  4.19312434e-03 -5.35197874e-03 -1.03913678e-02
 -5.31945020e-03 -8.06466238e-03 -1.19561270e-02 -1.04804565e-02
 -9.69351318e-03 -1.49870732e-02 -1.54679313e-02 -1.17269236e-02
 -1.54475073e-02 -1.20436823e-02 -1.33057233e-02 -9.37265892e-03
 -4.86033224e-03 -2.23610856e-03 -4.24729762e-03 -2.09897719e-03
  2.69559968e-03  3.68193729e-03  1.88425871e-03 -3.31879670e-04
 -2.55004230e-03  1.86091690e-03  1.10286981e-04 -4.79858569e-03
 -5.46516866e-03 -7.17630800e-03 -3.85124520e-03 -6.59428823e-03
 -1.98983379e-03 -8.96995539e-04 -1.59992160e-03 -1.59992160e-03
 -1.59992160e-03 -1.59992160e-03 -1.59992160e-03 -1.59992160e-03
 -1.59992160e-03 -1.59992160e-03 -1.59992160e-03 -1.59992160e-03
 -1.59992160e-03 -1.59992160e-03 -1.59992160e-03 -1.59992160e-03
 -1.59992160e-03 -1.59992160e-03]",477202
1086499628,Sst-IRES-Cre,True,novel,"[-4.88661133e-03 -4.36622093e-03  5.17119238e-06 -1.16259605e-03
  4.19218883e-04 -2.93606481e-04 -3.45938595e-03 -9.30765336e-04
 -4.04280920e-03 -7.01634053e-03 -3.28594983e-03  1.62360452e-03
  3.83909650e-03  8.04623779e-04 -2.62415675e-03  2.72616975e-04
  1.08556632e-02  1.65314110e-02  6.38418450e-03  4.46782213e-03
 -4.15687320e-03 -6.61695238e-04 -3.91428543e-03 -3.19625932e-03
 -2.41838445e-03  5.96700015e-03  3.77460454e-03 -1.87620970e-03
 -6.43837426e-03 -2.14493327e-04 -3.16693159e-03  1.63072196e-03
  3.93880351e-03  6.07738460e-04  7.15658489e-04 -5.10297713e-04
 -1.07153080e-03  2.33040238e-06 -1.82044085e-03 -2.91302024e-03
  4.95173729e-03  3.00910515e-03  6.78700853e-04 -3.66162634e-03
  8.76482270e-04 -6.02426201e-03 -2.12985034e-03  2.21725300e-03
  5.63720599e-03 -9.31653875e-03 -4.26726242e-05  4.84095910e-03
  6.39845428e-04 -9.44027762e-04  9.38300885e-04  4.63352449e-03
  4.86771278e-04  2.57302615e-03  7.66331061e-03  8.23126305e-03
  6.38977594e-03  3.81963576e-03  4.64516906e-03  2.93717494e-03
 -2.20824328e-03  4.86305002e-04  7.17605461e-04 -3.87288413e-03
 -2.68405406e-03 -5.01720977e-03 -3.30103967e-03 -5.40681969e-03
 -5.88693035e-03 -7.74861046e-03 -5.10596983e-03 -5.10596983e-03
 -5.10596983e-03 -5.10596983e-03 -5.10596983e-03 -5.10596983e-03
 -5.10596983e-03 -5.10596983e-03 -5.10596983e-03 -5.10596983e-03
 -5.10596983e-03 -5.10596983e-03 -5.10596983e-03 -5.10596983e-03
 -5.10596983e-03 -5.10596983e-03]",477202
1086499684,Vip-IRES-Cre,False,familiar,"[ 0.00343073  0.00200777 -0.00918854  0.00058359  0.00065921  0.00250156
  0.00683937  0.01190993  0.01360372  0.01519676  0.01427348  0.0035003
 -0.00664874 -0.00820932 -0.00547384 -0.00851707 -0.00918547 -0.00405801
 -0.00830128 -0.0094139  -0.0127342  -0.00968524 -0.00901573 -0.00165662
 -0.00684586  0.00381896  0.00441557  0.01289872  0.00840899  0.00488516
  0.00679246  0.01035745  0.01376186  0.00563068  0.00071383  0.00425007
  0.00332231  0.00157377  0.00056833  0.0085543   0.00994972  0.01157538
 -0.00106667  0.00266275 -0.00431587 -0.00087403  0.00017151 -0.00683816
 -0.01112614 -0.0098826  -0.00908673 -0.00752603  0.00118814  0.00042448
 -0.00154783 -0.0074495  -0.00676217 -0.00873197 -0.00915217 -0.00669451
 -0.00726722 -0.00378619 -0.00556537 -0.00032496  0.00272896  0.00462153
 -0.00067537 -0.00177602 -0.00966532 -0.00473643 -0.00086784 -0.0071974
 -0.0009602   0.00100347  0.01229517  0.01229517  0.01229517  0.01229517
  0.01229517  0.01229517  0.01229517  0.01229517  0.01229517  0.01229517
  0.01229517  0.01229517  0.01229517  0.01229517  0.01229517  0.01229517]",467954
1086499684,Vip-IRES-Cre,True,familiar,"[ 0.00196049  0.00232465  0.0065939   0.01202228  0.00962607  0.00779278
  0.00730114  0.00830391  0.00642804  0.01598386  0.01269544  0.00365016
  0.00429202  0.00235945 -0.00805073 -0.00796892 -0.00523107 -0.00328841
 -0.00547149 -0.00784437 -0.00658172 -0.00752429  0.00203571 -0.01163223
 -0.00435555 -0.01148372 -0.00476457 -0.00302579 -0.00929629 -0.00685075
 -0.00293517 -0.00164916 -0.00148553  0.00157482  0.00396545  0.00746886
  0.01048398  0.0116591   0.0238058   0.02529171  0.03201566  0.03357505
  0.04039112  0.04689555  0.06145083  0.06869267  0.07120566  0.07971072
  0.09003894  0.0970405   0.10656655  0.12507074  0.12434743  0.12793337
  0.13052141  0.12171739  0.10688725  0.08745918  0.07234257  0.06016503
  0.05381234  0.04781183  0.03580629  0.03469524  0.02557824  0.01430795
  0.0048463   0.00945126  0.0071871  -0.00188841  0.00770697  0.00263999
 -0.00262046 -0.0018006  -0.00530886 -0.00530886 -0.00530886 -0.00530886
 -0.00530886 -0.00530886 -0.00530886 -0.00530886 -0.00530886 -0.00530886
 -0.00530886 -0.00530886 -0.00530886 -0.00530886 -0.00530886 -0.00530886]",467954
1086499783,Sst-IRES-Cre,False,familiar,"[-5.75476320e-03 -6.85676986e-03 -1.75566702e-02 -2.26606954e-02
 -2.12775063e-02 -2.39144813e-02 -2.38616589e-02 -2.97498014e-02
 -2.73477664e-02 -1.31117728e-02  1.29120992e-03  1.72504474e-02
  2.80278086e-02  3.45746198e-02  3.89136332e-02  5.54350596e-02
  5.37527499e-02  4.06510413e-02  3.35693538e-02  1.63124334e-02
  1.24956439e-02 -1.07862991e-03 -5.54670830e-03 -1.45921014e-02
 -1.03267421e-02 -1.56011196e-02 -1.51468855e-02 -2.10880323e-02
 -2.68515325e-02 -2.99503634e-02 -3.44670996e-02 -2.68854608e-02
 -1.61796245e-02  9.36167147e-03  3.66786041e-02  4.81654941e-02
  4.94578266e-02  6.08404021e-02  6.46968397e-02  5.55068553e-02
  4.26143582e-02  2.82180409e-02  4.80003514e-03  4.16862139e-03
  7.62067383e-04 -9.68216423e-04 -1.00874722e-02 -1.62568896e-02
 -2.41877360e-02 -2.40156889e-02 -2.79613644e-02 -3.19271046e-02
 -3.35348713e-02 -2.91805844e-02 -1.26359451e-02  1.10748347e-02
  3.03273158e-02  4.01101408e-02  5.21821305e-02  6.07284462e-02
  6.30290260e-02  6.63172349e-02  6.23182514e-02  4.68902624e-02
  3.15655007e-02  1.84599150e-02  1.35841978e-02 -8.24972990e-05
 -2.95128802e-04 -1.08453235e-02 -1.50537904e-02 -1.35631438e-02
 -1.04463941e-02 -1.83899172e-02 -1.98416196e-02 -1.98416196e-02
 -1.98416196e-02 -1.98416196e-02 -1.98416196e-02 -1.98416196e-02
 -1.98416196e-02 -1.98416196e-02 -1.98416196e-02 -1.98416196e-02
 -1.98416196e-02 -1.98416196e-02 -1.98416196e-02 -1.98416196e-02
 -1.98416196e-02 -1.98416196e-02]",477202
1086499783,Sst-IRES-Cre,False,novel,"[ 0.00489901  0.00360928 -0.0059977   0.00354499 -0.00260972 -0.0046345
 -0.00386308 -0.00018908 -0.00836899 -0.00827956 -0.00241488  0.00345321
  0.00776721  0.00217353  0.0008996  -0.00010754  0.0123267   0.01457953
  0.0041163   0.00440352  0.00355778  0.00440111 -0.00554761  0.00244562
  0.00105513 -0.00310675 -0.0008098  -0.00938208 -0.00994872 -0.00797252
 -0.0049644  -0.01117949 -0.00682588 -0.00366886  0.00055616 -0.00048002
 -0.00152769  0.00103661  0.00297816  0.01296838  0.00397704 -0.00113796
 -0.01056638 -0.00862725 -0.01071556 -0.01671059 -0.02395621 -0.02077742
 -0.0257891  -0.03304878 -0.02999201 -0.02559851 -0.03118351 -0.03143717
 -0.0300376  -0.02257558 -0.0137741  -0.00620177  0.00144947  0.00386997
  0.00598664  0.01008821  0.00501998 -0.00510432 -0.00449595 -0.01096722
 -0.00968083 -0.00711857 -0.01265717 -0.0163106  -0.00934997 -0.00543011
 -0.0126856  -0.01313958 -0.00249187 -0.00249187 -0.00249187 -0.00249187
 -0.00249187 -0.00249187 -0.00249187 -0.00249187 -0.00249187 -0.00249187
 -0.00249187 -0.00249187 -0.00249187 -0.00249187 -0.00249187 -0.00249187]",477202
1086499783,Sst-IRES-Cre,True,familiar,"[-7.24927860e-05 -2.18169162e-03 -2.02570206e-02 -1.87102856e-02
 -2.66589842e-02 -2.60005748e-02 -3.04988618e-02 -4.08403277e-02
 -4.37374233e-02 -4.30508008e-02 -2.35181916e-02  5.64971826e-03
  2.51038318e-02  4.25252947e-02  5.10004327e-02  5.84931473e-02
  6.20802538e-02  5.65161523e-02  5.54558878e-02  3.58184207e-02
  2.06930034e-02  1.69256691e-02  2.56688660e-03 -7.39440707e-03
 -1.44101772e-02 -1.95526474e-02 -2.36634377e-02 -2.60497058e-02
 -3.18248343e-02 -3.44068342e-02 -2.86724334e-02 -3.41669421e-02
 -4.38644956e-02 -4.35311213e-02 -5.39650561e-02 -5.62716606e-02
 -5.28570722e-02 -5.11408326e-02 -5.83332881e-02 -6.14721149e-02
 -5.95262083e-02 -6.13407024e-02 -6.26958833e-02 -5.60696787e-02
 -6.08757902e-02 -7.29400914e-02 -5.38617499e-02 -5.62275407e-02
 -5.78693574e-02 -5.50153247e-02 -5.75292149e-02 -5.85038731e-02
 -5.76782550e-02 -5.97106772e-02 -4.51207779e-02 -3.07731744e-02
 -1.86168683e-02 -4.60368004e-03  7.34191180e-03  1.14226642e-02
  1.47685090e-02  1.30434750e-02  1.09868871e-02  9.64375992e-03
 -5.26405794e-03 -1.09665453e-02 -1.55752663e-02 -2.11502573e-02
 -3.91897909e-02 -3.38331928e-02 -4.23102101e-02 -4.92102367e-02
 -3.94084766e-02 -4.62260623e-02 -4.31974516e-02 -4.31974516e-02
 -4.31974516e-02 -4.31974516e-02 -4.31974516e-02 -4.31974516e-02
 -4.31974516e-02 -4.31974516e-02 -4.31974516e-02 -4.31974516e-02
 -4.31974516e-02 -4.31974516e-02 -4.31974516e-02 -4.31974516e-02
 -4.31974516e-02 -4.31974516e-02]",477202
1086499783,Sst-IRES-Cre,True,novel,"[-0.00404049 -0.00318652  0.00274059 -0.00558736  0.00145724 -0.00069698
 -0.01271207 -0.01198328 -0.01237682 -0.00880763 -0.00085968  0.00064035
 -0.00244383  0.00325769  0.0086117   0.01286913  0.02037925  0.01156463
  0.00904752  0.00984995 -0.00409149  0.00628214  0.00222826 -0.00016943
 -0.00312929 -0.00758746 -0.00449624 -0.00168826 -0.00164106 -0.00343054
 -0.00067822 -0.00059582 -0.0025325  -0.00875236 -0.00705718 -0.00196125
 -0.00222369 -0.00398171 -0.0029433  -0.00536558 -0.00281632 -0.00148039
 -0.01186993 -0.01479922 -0.00310316 -0.00608918 -0.0182531  -0.00772367
 -0.0075016  -0.00523003 -0.00681565 -0.00637804 -0.00179652 -0.00664525
 -0.00777903 -0.00213241  0.00448347  0.00523155  0.00256454  0.00786956
  0.01316799  0.01094342  0.01193819 -0.00026402  0.00174585  0.00618475
 -0.00772049 -0.00118405  0.00692485 -0.0089632  -0.0086883   0.0022404
 -0.00526755 -0.01604513 -0.01878943 -0.01878943 -0.01878943 -0.01878943
 -0.01878943 -0.01878943 -0.01878943 -0.01878943 -0.01878943 -0.01878943
 -0.01878943 -0.01878943 -0.01878943 -0.01878943 -0.01878943 -0.01878943]",477202
1086499798,Sst-IRES-Cre,False,familiar,"[-0.01124246 -0.01067583 -0.00569494 -0.00669277 -0.01038181 -0.01132863
 -0.01120966 -0.00874876 -0.01061461  0.00530085  0.02607661  0.03611412
  0.03337505  0.03091562  0.02837729  0.02764653  0.01526345  0.00998885
  0.00176976  0.00223872 -0.01086342 -0.01846979 -0.01616456 -0.00932154
 -0.01554786 -0.01719112 -0.02088629 -0.00959641 -0.00320519 -0.0092312
 -0.00925466  0.00770596  0.03531743  0.05857883  0.07078916  0.07277941
  0.06863683  0.06193975  0.05341042  0.0442079   0.03474368  0.0132217
  0.00575353  0.0106515   0.00242705 -0.00537383  0.00050465 -0.00066815
 -0.00677875  0.00027625 -0.01386191 -0.01268056 -0.00743872 -0.00545667
  0.01789761  0.03943511  0.047675    0.05029269  0.05281164  0.04773318
  0.05134867  0.04485931  0.02615389  0.01317192  0.00170113 -0.00584987
 -0.0077319  -0.00787914 -0.00956436 -0.0091767  -0.01410772 -0.00900704
 -0.01264838 -0.01558435 -0.01176392 -0.01176392 -0.01176392 -0.01176392
 -0.01176392 -0.01176392 -0.01176392 -0.01176392 -0.01176392 -0.01176392
 -0.01176392 -0.01176392 -0.01176392 -0.01176392 -0.01176392 -0.01176392]",476970
1086499798,Sst-IRES-Cre,True,familiar,"[-0.02033163 -0.02072873 -0.02332353 -0.0164741  -0.00968375 -0.01031281
 -0.01062826 -0.00296969 -0.00868655  0.00043322  0.01648905  0.03255404
  0.03352434  0.03453797  0.02972055  0.02884678  0.02825846  0.01304322
  0.00517794  0.00127309 -0.00065576 -0.00632411 -0.00823119 -0.0004358
 -0.0089956  -0.01359154 -0.01830161 -0.01358076 -0.01593423 -0.014669
 -0.01043208 -0.0108279  -0.0141128  -0.01373111 -0.00137057  0.00148981
 -0.00483804  0.00170197  0.00451694  0.01458942  0.01524884  0.01100304
  0.01357334  0.0257347   0.02887614  0.00758919  0.01875719  0.01876888
  0.00994248  0.01562798  0.02031718  0.00938899  0.00112109  0.01093634
  0.01155784  0.03536895  0.05088043  0.04257966  0.03052492  0.02297557
  0.03151172  0.02199183  0.01802203  0.01376988  0.00458409 -0.00424039
 -0.01268228 -0.02109669 -0.01787482 -0.0195369  -0.01218124 -0.01610426
 -0.01906947 -0.01310517 -0.01777858 -0.01777858 -0.01777858 -0.01777858
 -0.01777858 -0.01777858 -0.01777858 -0.01777858 -0.01777858 -0.01777858
 -0.01777858 -0.01777858 -0.01777858 -0.01777858 -0.01777858 -0.01777858]",476970
1086499911,Sst-IRES-Cre,False,familiar,"[-0.00473387 -0.00622455 -0.01855056 -0.01525308 -0.0248007  -0.02898487
 -0.02717551 -0.03768495 -0.03865636 -0.03131945 -0.01888557 -0.00039833
  0.01758677  0.04217571  0.05102972  0.05636053  0.06150375  0.0551358
  0.04831232  0.03366895  0.01860153  0.00549258  0.00304758 -0.00390661
 -0.01111501 -0.01590944 -0.02051413 -0.02778558 -0.03304455 -0.02797212
 -0.03638408 -0.03781822 -0.02608074  0.00659914  0.03995757  0.06142388
  0.08548104  0.10211385  0.09782286  0.09428351  0.0768186   0.05504948
  0.03550788  0.01229881 -0.0030578  -0.01132218 -0.01783166 -0.02838505
 -0.0307708  -0.03496248 -0.03725896 -0.04535444 -0.04491326 -0.0480247
 -0.0343423  -0.00795065  0.01631007  0.04025989  0.05970519  0.07144493
  0.07914013  0.0772869   0.06522976  0.04849323  0.02545193  0.01921956
  0.00377709 -0.01044659 -0.01147235 -0.01479787 -0.01618633 -0.0275639
 -0.02914409 -0.02948602 -0.02939114 -0.02939114 -0.02939114 -0.02939114
 -0.02939114 -0.02939114 -0.02939114 -0.02939114 -0.02939114 -0.02939114
 -0.02939114 -0.02939114 -0.02939114 -0.02939114 -0.02939114 -0.02939114]",477202
1086499911,Sst-IRES-Cre,False,novel,"[ 0.00144271  0.00037264 -0.00896888 -0.00983352 -0.0164248  -0.01306936
 -0.01283846 -0.01191477 -0.010684   -0.00666054 -0.00536475  0.00243669
  0.00685791  0.01096115  0.0128343   0.02624973  0.02556928  0.02080733
  0.01818563  0.02348988  0.00668477  0.00618505  0.00094957 -0.00667801
 -0.00237599 -0.00863831 -0.01409317 -0.01297881 -0.00977438 -0.01272889
 -0.01269187 -0.01543299 -0.01437877  0.00045713  0.0108685   0.02286917
  0.02681443  0.03619499  0.05309587  0.04907303  0.0338013   0.02189103
  0.01984443  0.01002715  0.00664634 -0.00899124 -0.01301338 -0.01129084
 -0.02092506 -0.01550659 -0.02663626 -0.02468637 -0.03090284 -0.0284477
 -0.02201328 -0.01312591 -0.00035099  0.01056042  0.02237758  0.02914524
  0.04224384  0.04452976  0.03403794  0.02714221  0.02034049  0.00798041
  0.00184008  0.0015061  -0.00458547 -0.0048509  -0.00768141 -0.01365324
 -0.01026525 -0.01093325 -0.01371831 -0.01371831 -0.01371831 -0.01371831
 -0.01371831 -0.01371831 -0.01371831 -0.01371831 -0.01371831 -0.01371831
 -0.01371831 -0.01371831 -0.01371831 -0.01371831 -0.01371831 -0.01371831]",477202
1086499911,Sst-IRES-Cre,True,familiar,"[-0.01254102 -0.0128746  -0.01724388 -0.0256513  -0.02772489 -0.03637481
 -0.03764221 -0.03660313 -0.04608524 -0.04179907 -0.03105749 -0.01061626
  0.01170631  0.02622865  0.04701625  0.06235739  0.07562729  0.0687873
  0.05295895  0.0370624   0.03095111  0.01763823  0.00500697  0.00652883
 -0.00722244 -0.00450331 -0.01488326 -0.02290266 -0.03136552 -0.02477862
 -0.03093705 -0.03581667 -0.03922105 -0.0453857  -0.04101197 -0.04689397
 -0.05364293 -0.05150264 -0.05505796 -0.0564957  -0.05889141 -0.05835305
 -0.06608859 -0.06593213 -0.06562588 -0.07055583 -0.06890713 -0.06940746
 -0.06288064 -0.07138022 -0.07289165 -0.07333704 -0.07124956 -0.07460588
 -0.06968425 -0.0502397  -0.03084059 -0.01195162 -0.00079568  0.00217216
  0.01657059  0.02084444  0.01581994  0.01475559 -0.00251451 -0.01734964
 -0.02833733 -0.03013802 -0.04161938 -0.04894391 -0.05347189 -0.05357097
 -0.04931924 -0.05211941 -0.05972467 -0.05972467 -0.05972467 -0.05972467
 -0.05972467 -0.05972467 -0.05972467 -0.05972467 -0.05972467 -0.05972467
 -0.05972467 -0.05972467 -0.05972467 -0.05972467 -0.05972467 -0.05972467]",477202
1086499911,Sst-IRES-Cre,True,novel,"[ 0.00463529  0.00361269 -0.00659112 -0.01331706 -0.01390039 -0.01782807
 -0.02204211 -0.01985242 -0.01782451 -0.01278702 -0.01258688 -0.00648701
  0.00522162  0.01346199  0.01542489  0.02154023  0.02987897  0.03760391
  0.02696487  0.01498968  0.01204403  0.00666841  0.00306637  0.00460393
 -0.0022601  -0.00765762 -0.00646461 -0.01254297 -0.01413119 -0.0134438
 -0.01344139 -0.02024625 -0.01991818 -0.01717358 -0.01833129 -0.01825821
 -0.01597938 -0.01747865 -0.02762153 -0.02104374 -0.01888356 -0.02792934
 -0.02146087 -0.02309263 -0.02758965 -0.01705357 -0.03009624 -0.0173908
 -0.02136884 -0.02398377 -0.02239212 -0.02455924 -0.03355265 -0.02391203
 -0.0209927  -0.01960627 -0.00872356 -0.00324777 -0.00129606  0.00754868
  0.01870084  0.02016086  0.01779101  0.00516841  0.00917712 -0.00445614
 -0.00964994 -0.01697494 -0.00508991 -0.01112264 -0.02223436 -0.02256182
 -0.02108873 -0.02240807 -0.02180016 -0.02180016 -0.02180016 -0.02180016
 -0.02180016 -0.02180016 -0.02180016 -0.02180016 -0.02180016 -0.02180016
 -0.02180016 -0.02180016 -0.02180016 -0.02180016 -0.02180016 -0.02180016]",477202
1086500092,Sst-IRES-Cre,False,familiar,"[ 0.01097143  0.00911536 -0.00826443 -0.0147208  -0.01863698 -0.0225286
 -0.02563369 -0.02788764 -0.03794511 -0.0320076  -0.01645606  0.00086167
  0.02478827  0.03838922  0.04824752  0.05766799  0.04532261  0.04563205
  0.03160527  0.02255367  0.01954537  0.002864   -0.00648395 -0.00501684
 -0.00548724 -0.01537621 -0.02661752 -0.02830493 -0.03395932 -0.03223751
 -0.03791865 -0.0385379  -0.02481017  0.00479215  0.04438129  0.07638819
  0.09278107  0.10089191  0.10986435  0.11690774  0.100121    0.08958009
  0.08385056  0.07713797  0.06611549  0.05779646  0.06303165  0.05804368
  0.05047567  0.04520463  0.04656087  0.03416931  0.03612627  0.03120376
  0.04349639  0.06574902  0.08909806  0.09884134  0.10417353  0.10561119
  0.11001037  0.109242    0.09397564  0.08556257  0.07130053  0.04923607
  0.04738638  0.03893516  0.01660322  0.00604404  0.00055271  0.00255529
 -0.00678438 -0.0154596  -0.02146445 -0.02146445 -0.02146445 -0.02146445
 -0.02146445 -0.02146445 -0.02146445 -0.02146445 -0.02146445 -0.02146445
 -0.02146445 -0.02146445 -0.02146445 -0.02146445 -0.02146445 -0.02146445]",477202
1086500092,Sst-IRES-Cre,False,novel,"[ 3.87991376e-03  3.28901116e-03 -1.79644507e-03 -1.68756965e-03
 -4.37265797e-03 -7.16903401e-03 -1.88232402e-02 -1.01175534e-02
 -9.59481683e-03 -1.09188467e-02 -1.33860450e-02 -6.64307810e-03
  5.57802291e-03  1.35135390e-02  1.18089331e-02  1.17267494e-02
  1.63845783e-02  1.50381012e-02  2.20118303e-03  3.10325453e-03
  1.18830317e-02  7.80315712e-03 -1.83641621e-03  2.91168666e-03
  2.47893884e-03 -5.87560022e-04 -6.56973731e-03 -3.38139668e-03
 -6.18917453e-03 -8.52652916e-03 -8.91903055e-03 -1.13246604e-02
 -8.51618926e-03  6.20456018e-03  1.25063638e-02  1.81787675e-02
  2.06324259e-02  1.88218883e-02  2.38275837e-02  2.42951002e-02
  1.91698664e-02  8.26289451e-03  1.87156685e-02  1.16030055e-02
  1.33993705e-02  1.37038492e-02  1.29035630e-03  5.69651799e-03
  2.61760270e-03 -4.86558740e-05 -1.06494351e-02 -7.72991378e-03
 -1.12897937e-02 -9.34564464e-03 -1.03980474e-02  1.11829513e-03
  8.31848836e-03  1.24583517e-02  1.99369461e-02  1.79057004e-02
  3.16644992e-02  2.91300153e-02  2.61035207e-02  2.28852179e-02
  1.18538727e-02  1.93396203e-03  3.88206675e-03  3.45189729e-04
  3.73008494e-03  4.00053943e-03  6.78257246e-03 -9.67819839e-03
 -8.48221000e-03 -8.72515418e-03 -3.77135126e-03 -3.77135126e-03
 -3.77135126e-03 -3.77135126e-03 -3.77135126e-03 -3.77135126e-03
 -3.77135126e-03 -3.77135126e-03 -3.77135126e-03 -3.77135126e-03
 -3.77135126e-03 -3.77135126e-03 -3.77135126e-03 -3.77135126e-03
 -3.77135126e-03 -3.77135126e-03]",477202
1086500092,Sst-IRES-Cre,True,familiar,"[-5.47176843e-03 -5.31116590e-03 -5.26708585e-03 -1.42083020e-02
 -1.88701412e-02 -2.29494061e-02 -2.76520103e-02 -3.50607885e-02
 -3.49919702e-02 -4.18120481e-02 -2.93805350e-02 -8.75806362e-03
  1.42023664e-02  4.22575043e-02  5.10301244e-02  6.00124343e-02
  6.10687531e-02  5.54937181e-02  4.78086366e-02  3.06553835e-02
  1.93296220e-02  1.35070555e-02  2.71903991e-03 -2.23462792e-03
 -7.50519245e-03 -1.38024278e-02 -2.39148557e-02 -3.60894560e-02
 -3.33737669e-02 -3.14310261e-02 -3.52783319e-02 -4.47102744e-02
 -4.48861176e-02 -4.78402848e-02 -4.85723048e-02 -5.02005583e-02
 -5.65393700e-02 -6.20916429e-02 -6.16179241e-02 -5.93356455e-02
 -6.57525682e-02 -6.46320081e-02 -6.32267833e-02 -5.87327780e-02
 -6.31644026e-02 -6.56486550e-02 -6.61603578e-02 -7.07668259e-02
 -6.41258444e-02 -6.79057871e-02 -6.22908611e-02 -7.05027141e-02
 -7.48976692e-02 -6.73290287e-02 -5.67696064e-02 -3.89529297e-02
 -2.31007614e-02 -3.06954114e-04  2.51132831e-02  3.32753735e-02
  4.02692564e-02  4.51315386e-02  3.93257001e-02  2.49212268e-02
  1.29103725e-02  1.00026253e-02  4.24890482e-03  3.01791932e-05
 -7.45825275e-03 -1.49631610e-02 -2.66342121e-02 -2.14313759e-02
 -2.25693851e-02 -2.88354639e-02 -3.40580777e-02 -3.40580777e-02
 -3.40580777e-02 -3.40580777e-02 -3.40580777e-02 -3.40580777e-02
 -3.40580777e-02 -3.40580777e-02 -3.40580777e-02 -3.40580777e-02
 -3.40580777e-02 -3.40580777e-02 -3.40580777e-02 -3.40580777e-02
 -3.40580777e-02 -3.40580777e-02]",477202
1086500092,Sst-IRES-Cre,True,novel,"[ 0.00481829  0.0035566  -0.00626792 -0.00039728 -0.01144051 -0.0146484
 -0.01148695 -0.00972794 -0.00998486 -0.01276657 -0.00941036 -0.00239021
  0.0093265   0.01272227  0.01529197  0.01971731  0.02182198  0.01809504
  0.0182873   0.01331834  0.01338769  0.00707415  0.00824938 -0.0042783
 -0.00475656 -0.02003319 -0.0071501  -0.01396748 -0.0163541  -0.01060607
 -0.01103115 -0.01480842 -0.01232437 -0.01740599 -0.02210044 -0.01975126
 -0.01734177 -0.01817135 -0.02738555 -0.02943654 -0.02124382 -0.0268867
 -0.02042196 -0.02431924 -0.03050465 -0.034257   -0.02708486 -0.02789911
 -0.01849042 -0.03417907 -0.02468652 -0.02289339 -0.0248679  -0.02361956
 -0.02066194 -0.01838053 -0.01200465 -0.00871566 -0.00079686  0.00411234
  0.0070969   0.00719383  0.00249403  0.00028465 -0.00377815 -0.00455941
 -0.00232975 -0.01081397 -0.01623751 -0.00954143 -0.01414261 -0.00742142
 -0.00843472 -0.01217877 -0.01955667 -0.01955667 -0.01955667 -0.01955667
 -0.01955667 -0.01955667 -0.01955667 -0.01955667 -0.01955667 -0.01955667
 -0.01955667 -0.01955667 -0.01955667 -0.01955667 -0.01955667 -0.01955667]",477202
1086500121,Sst-IRES-Cre,False,familiar,"[-0.00133266 -0.00102015  0.00072849 -0.00632816 -0.01174379 -0.01239099
 -0.01146075 -0.01475405 -0.01945273 -0.0180692  -0.00892345  0.00049691
  0.01541398  0.02109054  0.02673963  0.03122379  0.03133395  0.03021871
  0.02316753  0.01516126  0.01083891  0.00158756 -0.00062064 -0.00789933
 -0.0128702  -0.01418275 -0.01280843 -0.01700562 -0.01545984 -0.02167852
 -0.02659956 -0.02837691 -0.02136769 -0.00605056  0.00926032  0.0193364
  0.0322253   0.04436939  0.05236108  0.05425669  0.04709647  0.03838295
  0.029515    0.02236388  0.01799827  0.0151356   0.00197695  0.00170643
  0.00072183  0.0019972  -0.00598073 -0.00584359 -0.00946664 -0.00948034
 -0.008781    0.00986589  0.03730086  0.06010915  0.0781922   0.08874541
  0.09327572  0.09237084  0.08514089  0.0781108   0.06264178  0.04393263
  0.03328671  0.02426553  0.01405503  0.00818891  0.01305639  0.00023192
 -0.00368425 -0.01098715 -0.00908381 -0.00908381 -0.00908381 -0.00908381
 -0.00908381 -0.00908381 -0.00908381 -0.00908381 -0.00908381 -0.00908381
 -0.00908381 -0.00908381 -0.00908381 -0.00908381 -0.00908381 -0.00908381]",476970
1086500121,Sst-IRES-Cre,False,novel,"[ 7.82565516e-03  7.24725061e-03  1.88928852e-03  1.84286011e-04
 -4.32405875e-04 -4.52946794e-03 -5.18862881e-03 -2.58592799e-03
 -3.82809512e-03 -4.69601248e-03 -3.24071799e-04 -6.26824926e-03
 -3.97110504e-03  5.10355778e-05  1.79843156e-03  3.15002017e-03
  1.74057157e-03 -3.98272302e-04 -8.95475087e-04  1.28071061e-03
  7.22603811e-04  3.77467288e-03  2.31567120e-03 -4.03666380e-04
  3.82467808e-03 -3.81035256e-04  2.32296987e-03 -1.17148744e-03
 -1.91452358e-03 -1.13942129e-03 -3.95718334e-03 -4.96999450e-03
 -2.79468019e-03 -4.42487868e-03 -2.67820330e-03 -4.48740247e-03
  1.07626075e-03  9.79566501e-03  1.41960282e-02  1.36240334e-02
  1.68319237e-02  1.22008428e-02  1.26168121e-02  1.45120311e-02
  7.00376372e-03  9.38387008e-03  5.98835438e-03  8.50189428e-03
  8.62464040e-03  4.94295048e-03  4.93024481e-03  4.29070222e-03
  7.70724138e-03  9.06596240e-04  2.91052774e-04  3.54179641e-03
  1.08180190e-02  1.27877496e-02  1.94677360e-02  2.35933149e-02
  2.95990686e-02  2.60986285e-02  2.29567639e-02  2.48466336e-02
  1.40960647e-02  1.50412367e-02  1.58391975e-02  1.43294342e-02
  1.11351369e-03 -5.84999958e-03  3.20084283e-03 -2.73013132e-03
  2.17727035e-03  1.45420399e-03 -7.22535566e-04 -7.22535566e-04
 -7.22535566e-04 -7.22535566e-04 -7.22535566e-04 -7.22535566e-04
 -7.22535566e-04 -7.22535566e-04 -7.22535566e-04 -7.22535566e-04
 -7.22535566e-04 -7.22535566e-04 -7.22535566e-04 -7.22535566e-04
 -7.22535566e-04 -7.22535566e-04]",476970
1086500121,Sst-IRES-Cre,True,familiar,"[ 0.00588016  0.00452543 -0.00833447 -0.01457159 -0.01772975 -0.02142086
 -0.02740911 -0.03001979 -0.03443588 -0.03174683 -0.02851192 -0.01089482
  0.01573849  0.0377933   0.04752323  0.04463918  0.04227305  0.03841934
  0.04098391  0.03128865  0.01832557  0.00424801 -0.00572335 -0.0020069
  0.00019498 -0.00971193 -0.01314686 -0.02390167 -0.02541256 -0.02685502
 -0.02875357 -0.03128498 -0.03598437 -0.03920862 -0.04139556 -0.04352139
 -0.03990933 -0.04040987 -0.04356184 -0.05015451 -0.050853   -0.04938739
 -0.05230353 -0.05771928 -0.05091391 -0.04931914 -0.05729002 -0.0518528
 -0.04719011 -0.05433513 -0.05319955 -0.05141787 -0.05858796 -0.06169236
 -0.05416475 -0.04338268 -0.03059675 -0.00976285  0.00460636  0.01076354
  0.01594704  0.01352864  0.00777773  0.00238903  0.00429835 -0.00505574
 -0.0131408  -0.01886743 -0.02608033 -0.02293486 -0.02614088 -0.02557821
 -0.03120858 -0.03172462 -0.03188648 -0.03188648 -0.03188648 -0.03188648
 -0.03188648 -0.03188648 -0.03188648 -0.03188648 -0.03188648 -0.03188648
 -0.03188648 -0.03188648 -0.03188648 -0.03188648 -0.03188648 -0.03188648]",476970
1086500121,Sst-IRES-Cre,True,novel,"[-2.58195830e-03 -3.11629178e-03 -6.71711480e-03 -4.12682144e-04
 -1.80495048e-03 -7.67771113e-03 -8.05582217e-03 -8.78668277e-03
 -9.33863729e-03 -1.01266936e-02 -1.16224023e-02 -2.52120733e-03
 -6.44515946e-03 -6.08433001e-03  3.38193901e-03  7.32937128e-03
  2.30775242e-02  9.80217239e-03  8.59588706e-03  6.14730549e-03
  1.97503646e-03  1.49790331e-03  1.51242627e-02  1.08284031e-03
  4.33754303e-03  1.37819299e-03  2.48512839e-03  1.65318667e-03
 -1.19087043e-03 -1.38577925e-03 -2.54704170e-03 -6.46001674e-03
 -5.22667604e-03 -5.97357606e-03 -2.22247680e-03 -6.68741246e-05
 -4.97572573e-03 -2.98497226e-03 -1.81261047e-03 -4.76510824e-03
 -5.22637451e-03 -1.00453581e-02 -6.38664361e-03 -4.78453056e-03
 -8.55422974e-03 -4.86254593e-03 -7.26146238e-03 -9.55083658e-03
 -2.00212260e-03 -2.62251515e-03 -6.75909553e-03 -5.59581923e-03
 -8.83236627e-03 -5.76213435e-03 -9.37021836e-03 -9.58765558e-03
 -8.80975710e-03 -7.93930961e-03 -1.83663005e-03  7.87319125e-03
  2.89344360e-03 -1.12736292e-03  5.58151543e-03  7.94713485e-03
  1.04752423e-02  8.83263071e-03  6.06395016e-03  9.13863371e-03
  1.09919395e-03 -1.09924112e-03  3.62696242e-03  2.38364277e-03
  4.87479825e-03  4.61698534e-03  2.10006019e-03  2.10006019e-03
  2.10006019e-03  2.10006019e-03  2.10006019e-03  2.10006019e-03
  2.10006019e-03  2.10006019e-03  2.10006019e-03  2.10006019e-03
  2.10006019e-03  2.10006019e-03  2.10006019e-03  2.10006019e-03
  2.10006019e-03  2.10006019e-03]",476970
1086500194,Sst-IRES-Cre,False,familiar,"[-0.0208569  -0.02004385 -0.01425471 -0.02221327 -0.02031911 -0.02037362
 -0.02585233 -0.03051563 -0.0308556  -0.01929741 -0.00162371  0.0171087
  0.03035334  0.03403195  0.03387828  0.03095103  0.03456672  0.02841623
  0.01790734  0.00492337  0.00556732 -0.00265328 -0.00402214 -0.00031191
  0.00479198  0.00225125 -0.00062937  0.00075133 -0.00489738 -0.00677863
 -0.01017402 -0.00520362  0.01999553  0.04197929  0.05580619  0.05381171
  0.04974791  0.04213998  0.0369336   0.01949663  0.00585308 -0.02015135
 -0.03560615 -0.05642506 -0.07520897 -0.07951686 -0.07980619 -0.0900245
 -0.09303826 -0.09163395 -0.10304988 -0.10124594 -0.10278136 -0.10135611
 -0.08815625 -0.07137812 -0.0547862  -0.04018282 -0.03344752 -0.02917423
 -0.02572475 -0.02086598 -0.02130993 -0.0330137  -0.03875455 -0.05082043
 -0.0520418  -0.05482191 -0.05659156 -0.05263995 -0.04980672 -0.04919129
 -0.04519965 -0.04260415 -0.0334902  -0.0334902  -0.0334902  -0.0334902
 -0.0334902  -0.0334902  -0.0334902  -0.0334902  -0.0334902  -0.0334902
 -0.0334902  -0.0334902  -0.0334902  -0.0334902  -0.0334902  -0.0334902 ]",477202
1086500194,Sst-IRES-Cre,False,novel,"[-1.02761133e-02 -1.02574711e-02 -9.24130342e-03 -2.54124857e-03
  2.90839786e-03 -4.68816641e-03 -7.58632047e-03 -2.30881836e-04
  1.92233772e-03 -2.10120607e-03  2.19404521e-03  2.45736479e-03
 -7.18425200e-04 -1.60347106e-03  5.17811510e-04  2.19632183e-03
  6.28923892e-03 -4.19897884e-03 -5.07667626e-03 -9.99938817e-03
 -6.04239829e-03  2.81091274e-03  9.47011554e-04  4.28768934e-03
  1.14641970e-02  6.97046389e-03  5.89049088e-03  6.02925127e-03
  9.60189614e-03  8.07461830e-03  4.54606881e-03  2.63796146e-03
  6.77565344e-03  1.28289821e-02  1.28321128e-02  2.13318314e-03
  8.15031563e-05 -3.51676990e-03 -8.52998124e-03 -1.08908040e-02
 -1.08907124e-02 -2.47512092e-02 -2.49068675e-02 -2.65577396e-02
 -3.71320795e-02 -3.15369457e-02 -3.03723299e-02 -3.50979949e-02
 -2.80560007e-02 -3.11605638e-02 -3.60063301e-02 -3.20568672e-02
 -2.97973709e-02 -2.56726393e-02 -2.45096636e-02 -2.83277853e-02
 -2.49624495e-02 -2.29410824e-02 -2.41292259e-02 -1.65294029e-02
 -1.32849699e-02 -2.23063235e-02 -2.25589875e-02 -1.65054072e-02
 -2.75601190e-02 -2.50515705e-02 -2.10011783e-02 -2.53552717e-02
 -2.74026971e-02 -8.54271933e-03 -8.63332536e-03 -1.80478800e-02
 -1.47190902e-02 -1.55186427e-02 -1.69933832e-02 -1.69933832e-02
 -1.69933832e-02 -1.69933832e-02 -1.69933832e-02 -1.69933832e-02
 -1.69933832e-02 -1.69933832e-02 -1.69933832e-02 -1.69933832e-02
 -1.69933832e-02 -1.69933832e-02 -1.69933832e-02 -1.69933832e-02
 -1.69933832e-02 -1.69933832e-02]",477202
1086500194,Sst-IRES-Cre,True,familiar,"[-0.01246645 -0.01240699 -0.01215681 -0.0142072  -0.01718759 -0.02261103
 -0.02396899 -0.02152635 -0.02420114 -0.01653911 -0.00478294  0.01431204
  0.02360312  0.02642838  0.03040676  0.03662271  0.03838191  0.03556134
  0.0259016   0.01483799  0.00184174  0.00135203 -0.00861018 -0.01310154
 -0.00324882 -0.00830914 -0.0085956  -0.00809145 -0.00925688 -0.00798139
 -0.00983928 -0.00174451 -0.00569697 -0.00718192 -0.00805743 -0.01087702
 -0.01414056 -0.01822217 -0.01821184 -0.0203192  -0.02398135 -0.02335353
 -0.0311839  -0.0285661  -0.03286574 -0.02733824 -0.02875834 -0.03300773
 -0.04057312 -0.04619964 -0.05427119 -0.054105   -0.05537298 -0.06075563
 -0.05809955 -0.04188678 -0.02714075 -0.01620654 -0.00977738 -0.0116342
 -0.02164606 -0.01941202 -0.03026618 -0.03526996 -0.04244936 -0.05628573
 -0.05721007 -0.06080637 -0.06906064 -0.06855994 -0.0591661  -0.07232718
 -0.06604544 -0.07157268 -0.07636449 -0.07636449 -0.07636449 -0.07636449
 -0.07636449 -0.07636449 -0.07636449 -0.07636449 -0.07636449 -0.07636449
 -0.07636449 -0.07636449 -0.07636449 -0.07636449 -0.07636449 -0.07636449]",477202
1086500194,Sst-IRES-Cre,True,novel,"[ 0.00377205  0.00403202  0.00597599  0.00428758  0.0040401  -0.00303506
 -0.00226581 -0.00604361 -0.01023733 -0.00362104  0.00072914  0.00544838
  0.01026686  0.00599352  0.00548199  0.0087414   0.00176275 -0.00121664
  0.0007896  -0.01125803 -0.00934024 -0.00535666  0.00264017 -0.00878436
 -0.00118151 -0.00378628  0.00240494 -0.00196787  0.004689   -0.00296106
 -0.00221613  0.00121422  0.00384068  0.0030095  -0.000327   -0.00290729
 -0.00100125 -0.00469855 -0.00467366 -0.00869817 -0.01311457 -0.01079539
 -0.01625623 -0.01818993 -0.01246789 -0.01522425 -0.01954771 -0.01099032
 -0.01919905 -0.02507445 -0.02214692 -0.02267968 -0.02218864 -0.02125742
 -0.01831251 -0.0161049  -0.01355143 -0.01767223 -0.01830515 -0.01826058
 -0.01995726 -0.0147354  -0.00815751 -0.01718823 -0.01861946 -0.01844184
 -0.02778445 -0.02155108 -0.01938366 -0.0205808  -0.01925747 -0.03098801
 -0.0149882  -0.01221178 -0.01552464 -0.01552464 -0.01552464 -0.01552464
 -0.01552464 -0.01552464 -0.01552464 -0.01552464 -0.01552464 -0.01552464
 -0.01552464 -0.01552464 -0.01552464 -0.01552464 -0.01552464 -0.01552464]",477202
1086500281,Sst-IRES-Cre,False,familiar,"[ 0.00373692  0.00335926 -0.00145864 -0.0086898  -0.00270975 -0.00611466
 -0.01132584 -0.01596243 -0.01705706 -0.01813321 -0.00834144  0.00766335
  0.01404955  0.01795701  0.02808741  0.03718685  0.03213865  0.02399468
  0.0143773   0.01498083 -0.00467157  0.00460028 -0.00599666 -0.00924661
 -0.01159064 -0.01197173 -0.01795998 -0.01867412 -0.01260044 -0.0196275
 -0.01729975 -0.01561308 -0.01306304  0.0047262   0.01824947  0.02474563
  0.03801758  0.05174582  0.05434251  0.0464998   0.04578801  0.03690733
  0.02875112  0.01354036  0.01489633 -0.00089502 -0.00144842 -0.00545514
 -0.01011168 -0.01438819 -0.01769834 -0.01509112 -0.01948269 -0.01824876
 -0.00962683  0.00112427  0.01871354  0.02720185  0.04542147  0.05168151
  0.04745951  0.04919549  0.04300709  0.0375275   0.03012568  0.01928542
 -0.0030959  -0.00269826 -0.0043655  -0.00911407 -0.01854981 -0.01146736
 -0.01161401 -0.01755435 -0.02204369 -0.02204369 -0.02204369 -0.02204369
 -0.02204369 -0.02204369 -0.02204369 -0.02204369 -0.02204369 -0.02204369
 -0.02204369 -0.02204369 -0.02204369 -0.02204369 -0.02204369 -0.02204369]",476970
1086500281,Sst-IRES-Cre,False,novel,"[-2.35105932e-03 -2.03720606e-03  4.26068006e-04 -2.84658971e-03
 -8.04546934e-03 -3.58088756e-03 -7.87953899e-03 -8.32870845e-03
 -8.70907828e-03 -6.11945195e-03 -5.69224478e-03 -1.55430888e-03
  1.60838487e-03  5.51393288e-03  2.21985646e-03  1.43072734e-02
  1.69238776e-02  5.42148968e-03  8.63506101e-03  8.37341502e-03
  2.80106475e-03  1.15824612e-02  4.06746168e-03 -3.23413556e-03
 -4.13916112e-03 -9.06365963e-05 -3.17118827e-03 -9.65656808e-03
 -1.08461661e-04 -4.33565190e-03 -1.04733597e-02 -1.13010032e-02
 -7.47088535e-03 -6.02286266e-03  6.21809664e-04  8.69813941e-03
  1.26538351e-02  1.39781005e-02  2.77787316e-02  2.25104230e-02
  1.97763983e-02  1.49680828e-02  1.45348375e-02  5.47439259e-03
  9.16382914e-03 -3.45578706e-03 -2.19796731e-03  5.13168619e-03
 -8.08657176e-03 -1.05052212e-02 -4.53481396e-03 -6.39110115e-03
 -9.95520214e-05 -3.11664826e-03 -1.05995967e-02 -4.98703848e-03
  3.31740825e-03  1.40413617e-02  1.84370659e-02  2.26405135e-02
  3.00054110e-02  2.70556929e-02  2.63426588e-02  2.96179249e-02
  1.80404830e-02  1.62620223e-02  1.07640511e-02  5.24855538e-03
  7.99952441e-04  1.37354895e-03 -1.31664823e-03 -4.05742933e-03
 -6.91861604e-03 -8.97635052e-03 -9.28415766e-03 -9.28415766e-03
 -9.28415766e-03 -9.28415766e-03 -9.28415766e-03 -9.28415766e-03
 -9.28415766e-03 -9.28415766e-03 -9.28415766e-03 -9.28415766e-03
 -9.28415766e-03 -9.28415766e-03 -9.28415766e-03 -9.28415766e-03
 -9.28415766e-03 -9.28415766e-03]",476970
1086500281,Sst-IRES-Cre,True,familiar,"[-0.00630696 -0.00786665 -0.02161652 -0.02056051 -0.01662481 -0.01900816
 -0.02705765 -0.02744501 -0.02986484 -0.0324907  -0.01785864 -0.00431365
  0.0102826   0.02002462  0.04382151  0.04390423  0.0396956   0.03748566
  0.03642326  0.02732925  0.03841152 -0.00398893  0.01445653  0.00138214
 -0.00546144 -0.00971323 -0.01363291 -0.02214126 -0.01202645 -0.01523861
 -0.02233512 -0.02557683 -0.0263977  -0.02457834 -0.02886539 -0.03557689
 -0.03742481 -0.02886336 -0.02666459 -0.03572986 -0.0468144  -0.03430393
 -0.0205606  -0.02976256 -0.03049945 -0.03558671 -0.03888986 -0.04165548
 -0.02411969 -0.02510755 -0.03574767 -0.03029806 -0.03534725 -0.04258627
 -0.03982462 -0.03482131 -0.0091303   0.00135224  0.01382696  0.02610147
  0.02570236  0.02811016  0.02650371  0.02407741  0.01340749 -0.00427928
 -0.0101658  -0.01666756 -0.0220572  -0.02517172 -0.01749437 -0.01712306
 -0.01062152 -0.02392582 -0.02820109 -0.02820109 -0.02820109 -0.02820109
 -0.02820109 -0.02820109 -0.02820109 -0.02820109 -0.02820109 -0.02820109
 -0.02820109 -0.02820109 -0.02820109 -0.02820109 -0.02820109 -0.02820109]",476970
1086500281,Sst-IRES-Cre,True,novel,"[ 0.01025857  0.0093658   0.00167941  0.00095345 -0.00553136 -0.00741753
 -0.00752313 -0.00849022 -0.008241   -0.01192906 -0.01174125 -0.00412888
 -0.00155845 -0.00388128 -0.00012211  0.00573926  0.01072791  0.00924176
  0.01623546  0.01131489  0.00840064  0.00410649 -0.00046161  0.00404796
 -0.0008914  -0.00153539  0.00322235 -0.00587921 -0.00819749 -0.00776463
 -0.00634718 -0.00918573 -0.01117391 -0.01132545 -0.0111124  -0.01247775
 -0.01241015 -0.0126719  -0.01276939 -0.01180637 -0.01306001 -0.01340077
 -0.01372647 -0.01115776 -0.00947343 -0.02056002 -0.0091862  -0.0226317
 -0.02121911 -0.01613973 -0.01050381 -0.01417288 -0.01041777 -0.01328895
 -0.01464617 -0.01385582 -0.00761229  0.00301032  0.00845819  0.00729927
  0.00855283  0.01503655  0.00837326  0.00936241  0.00750668  0.00159746
  0.00598149 -0.00359601 -0.00638968 -0.00550445 -0.00256699 -0.00771466
 -0.00889043 -0.00691526 -0.00282503 -0.00282503 -0.00282503 -0.00282503
 -0.00282503 -0.00282503 -0.00282503 -0.00282503 -0.00282503 -0.00282503
 -0.00282503 -0.00282503 -0.00282503 -0.00282503 -0.00282503 -0.00282503]",476970
1086500297,Sst-IRES-Cre,False,familiar,"[ 2.16854269e-02  2.35964137e-02  3.88268761e-02  2.52455095e-02
  8.33030628e-03  3.14449935e-03 -4.89994378e-03 -1.13580920e-02
 -1.82415784e-02 -1.76116927e-02 -1.66876618e-02 -1.61455891e-02
 -1.81151201e-02 -1.91435121e-02 -1.72171349e-02 -2.14382959e-02
 -2.16704810e-02 -1.44485658e-02 -1.07419788e-02 -8.71780295e-03
 -1.34479451e-02  8.23998585e-03  3.33488641e-02  2.64134780e-02
  1.49704334e-02  2.52511925e-02  9.28100604e-03  4.60791711e-03
 -3.15459456e-03 -9.90191998e-03 -1.13705123e-02 -1.58773112e-02
 -1.30479074e-02 -1.87271307e-03  7.51393772e-03  1.69666501e-03
  3.93752990e-03  6.72926400e-04 -3.83610011e-03 -8.11493127e-04
 -6.13704792e-03 -1.56320488e-02 -1.26989958e-02 -1.20511578e-02
 -9.12254827e-03 -3.95843090e-03 -1.38003402e-02 -4.69588114e-03
 -1.24807722e-02 -1.50090321e-02 -1.19220105e-02 -2.19198464e-02
 -2.74030450e-02 -2.54887843e-02 -1.87012338e-02 -6.18923123e-03
 -1.04300342e-02 -1.00176589e-02 -1.10398639e-02 -4.80246847e-03
 -4.42866971e-03 -9.68429725e-03 -7.81552183e-03 -1.49231085e-02
 -1.43876634e-02 -2.03730739e-02 -6.08058618e-05  4.29995927e-03
  1.66886358e-02  1.74885157e-03  2.39985852e-03 -3.35217553e-03
 -1.07553615e-02 -1.54320810e-02 -1.79687601e-02 -1.79687601e-02
 -1.79687601e-02 -1.79687601e-02 -1.79687601e-02 -1.79687601e-02
 -1.79687601e-02 -1.79687601e-02 -1.79687601e-02 -1.79687601e-02
 -1.79687601e-02 -1.79687601e-02 -1.79687601e-02 -1.79687601e-02
 -1.79687601e-02 -1.79687601e-02]",477202
1086500297,Sst-IRES-Cre,True,familiar,"[ 1.83013211e-02  1.79075224e-02  1.30989216e-02  4.30675177e-03
 -1.92964448e-03 -1.07521882e-02 -1.43382860e-02 -1.25615285e-02
 -1.68101490e-02 -1.67824217e-02 -8.92898389e-03 -7.65826230e-03
 -8.83912233e-03 -7.05674082e-03 -7.15756068e-03  1.68534777e-03
 -5.48721466e-04  4.21637066e-03 -9.05055250e-03 -1.38452833e-02
 -2.21406776e-02 -1.25292668e-03  3.02585815e-02  3.09173021e-02
  2.63050108e-02  5.80317719e-03 -5.15130542e-05 -3.05017158e-03
  6.50739001e-03  3.44703720e-03 -3.63058360e-03 -1.05312237e-02
 -1.68369416e-03 -3.41681562e-03 -1.57899599e-02 -1.36739668e-02
 -1.99354206e-02 -2.27504250e-02 -1.17394088e-02 -1.99876118e-02
 -4.72321768e-03 -1.13362380e-02 -1.49543005e-02 -2.27903355e-02
 -1.83729092e-02 -8.46953643e-03 -2.29678614e-02 -2.65087113e-02
 -1.32714835e-02 -1.73666235e-02 -1.54497645e-02 -2.32192049e-02
 -1.54111467e-02 -3.10971968e-02 -3.48480166e-02 -2.54022044e-02
 -1.10202003e-02  6.72174409e-04 -4.27055467e-03 -1.10993295e-02
 -4.51070006e-03 -8.91791486e-04 -1.18112016e-02 -1.05832864e-02
 -9.04380311e-03 -8.83645447e-03  1.46466833e-03  1.86545693e-02
 -3.16380812e-04  1.56997798e-02  2.09863174e-03  3.24960048e-04
 -8.42891617e-03 -1.55897492e-02 -3.33667888e-03 -3.33667888e-03
 -3.33667888e-03 -3.33667888e-03 -3.33667888e-03 -3.33667888e-03
 -3.33667888e-03 -3.33667888e-03 -3.33667888e-03 -3.33667888e-03
 -3.33667888e-03 -3.33667888e-03 -3.33667888e-03 -3.33667888e-03
 -3.33667888e-03 -3.33667888e-03]",477202
1086500392,Sst-IRES-Cre,False,familiar,"[-0.01932259 -0.01858762 -0.0135732  -0.01952513 -0.00898602 -0.01631688
 -0.02059154 -0.02149284 -0.02332201 -0.01321221  0.00613329  0.01519156
  0.02017278  0.02465221  0.03075658  0.0390483   0.04099651  0.02630275
  0.0209744   0.0118231   0.00885442 -0.00345112 -0.000187   -0.0011157
 -0.00389207 -0.00585281 -0.01638515 -0.01046306 -0.01212852 -0.01650043
 -0.01774164 -0.01761419 -0.00723261  0.01537845  0.03534127  0.04218123
  0.03911192  0.04591782  0.04486795  0.03260156  0.01960513  0.0116126
  0.0071554  -0.00472476 -0.01790962 -0.01564392 -0.01996769 -0.02394571
 -0.01877336 -0.02405396 -0.0222793  -0.01763657 -0.03371224 -0.03317125
 -0.01189691  0.00858682  0.01442638  0.01210137  0.02107049  0.02674427
  0.03614662  0.03436101  0.02407606  0.01773797 -0.00207736 -0.01039785
 -0.01054375 -0.01191449 -0.01912382 -0.02192637 -0.02383634 -0.0227449
 -0.02251776 -0.02999798 -0.01899229 -0.01899229 -0.01899229 -0.01899229
 -0.01899229 -0.01899229 -0.01899229 -0.01899229 -0.01899229 -0.01899229
 -0.01899229 -0.01899229 -0.01899229 -0.01899229 -0.01899229 -0.01899229]",477202
1086500392,Sst-IRES-Cre,False,novel,"[-4.66826674e-03 -5.62720859e-03 -1.17842201e-02  2.50437107e-03
  2.89746936e-03 -3.30656377e-03 -9.73399299e-03 -3.78266144e-03
  2.04914668e-03 -4.23105738e-03  4.49941180e-03  9.36287155e-03
  1.00843657e-02  1.17428757e-02  1.51938051e-02  1.06728536e-02
  1.62150498e-02  1.14658099e-02  1.36275080e-02  8.83207908e-03
 -9.39122167e-03 -8.82145910e-03 -8.02503594e-03 -1.22855077e-02
 -1.05817270e-02  1.07255380e-03 -3.68855360e-03 -6.65668628e-03
 -1.45091486e-02 -3.12686027e-03  6.28255950e-04 -1.62274012e-05
  1.55059368e-04  6.70010370e-03  9.87459149e-03  1.70826210e-02
  2.19100639e-02  1.95462499e-02  2.21978979e-02  1.22365264e-02
  1.60180130e-03  5.54401433e-03 -6.95165454e-03 -1.24928355e-02
 -1.28284110e-02 -6.90573328e-03 -1.72265908e-02 -1.68818834e-02
 -1.15029746e-02 -2.00782270e-02 -1.70661559e-02 -3.22684487e-02
 -2.39185615e-02 -2.56840150e-02 -2.14804641e-02 -1.02494554e-02
 -5.06839348e-04  8.00155140e-03  9.07827409e-03  1.30636629e-02
  2.00390745e-02  1.77976850e-02  1.75377444e-02  5.69724389e-03
 -2.54354463e-03  2.65755900e-03 -3.66525168e-04 -1.02576573e-02
 -8.23915753e-03 -7.21287565e-03 -1.01696626e-02 -1.82337206e-02
 -1.24169911e-02 -8.95240000e-03 -9.57322495e-03 -9.57322495e-03
 -9.57322495e-03 -9.57322495e-03 -9.57322495e-03 -9.57322495e-03
 -9.57322495e-03 -9.57322495e-03 -9.57322495e-03 -9.57322495e-03
 -9.57322495e-03 -9.57322495e-03 -9.57322495e-03 -9.57322495e-03
 -9.57322495e-03 -9.57322495e-03]",477202
1086500392,Sst-IRES-Cre,True,familiar,"[-0.00307569 -0.00366313 -0.01077152 -0.02139506 -0.01665125 -0.01698889
 -0.02684329 -0.0153451  -0.01840432 -0.01746812 -0.00877896  0.01133841
  0.02307082  0.02347211  0.03093273  0.03289702  0.03972203  0.0400471
  0.03434395  0.01062765  0.00577088  0.00516866 -0.00254802 -0.00033833
 -0.00746786 -0.01585    -0.01794551 -0.02189497 -0.01339178 -0.01856956
 -0.01887237 -0.02195411 -0.02251343 -0.02158972 -0.01740744 -0.02486412
 -0.0347654  -0.0289807  -0.02356569 -0.02764213 -0.02619752 -0.02504975
 -0.02983757 -0.03646747 -0.04647639 -0.03375677 -0.02549114 -0.038066
 -0.03446155 -0.02442522 -0.03795903 -0.0298944  -0.03139994 -0.04396029
 -0.03371431 -0.01387637  0.01001325  0.02080605  0.01480663  0.00699323
  0.02032668  0.02130591  0.01251444  0.0038403  -0.01275247 -0.01182533
 -0.02085664 -0.01509089 -0.02991536 -0.0263054  -0.01961723 -0.01756749
 -0.02681284 -0.02270745 -0.02617821 -0.02617821 -0.02617821 -0.02617821
 -0.02617821 -0.02617821 -0.02617821 -0.02617821 -0.02617821 -0.02617821
 -0.02617821 -0.02617821 -0.02617821 -0.02617821 -0.02617821 -0.02617821]",477202
1086500392,Sst-IRES-Cre,True,novel,"[-0.00483791 -0.00452841 -0.00282762 -0.00659305  0.00214702 -0.00430619
 -0.00697865 -0.01160824 -0.01337846 -0.01415948 -0.00949772  0.00010833
  0.00569084  0.01640268  0.02248023  0.02507041  0.02278808  0.01750844
  0.01243635  0.00306113  0.0061944  -0.00631848 -0.00234718 -0.00111732
 -0.00813408 -0.00686944 -0.00409222 -0.00098297 -0.01701366 -0.00829686
 -0.00768193 -0.01476105 -0.00918496 -0.00194734 -0.0111626  -0.01490659
 -0.01752319 -0.01618741 -0.01465844 -0.01570693 -0.01266918 -0.00066015
 -0.00531484 -0.01669835 -0.01527781 -0.00879837 -0.01104333 -0.00867221
 -0.01329917 -0.00943883 -0.00976535 -0.00840566 -0.00704064 -0.00644031
 -0.00881448  0.00357878  0.00681557  0.00408     0.00485462  0.00696006
  0.01229802  0.01188044  0.00818414  0.00599956  0.00530519 -0.0050149
 -0.00531776 -0.01016821 -0.00924808 -0.00768804 -0.02037215 -0.02454105
 -0.01585495 -0.01284869 -0.00229279 -0.00229279 -0.00229279 -0.00229279
 -0.00229279 -0.00229279 -0.00229279 -0.00229279 -0.00229279 -0.00229279
 -0.00229279 -0.00229279 -0.00229279 -0.00229279 -0.00229279 -0.00229279]",477202
1086500533,Sst-IRES-Cre,False,familiar,"[-0.0138952  -0.01406991 -0.01429706 -0.00785724 -0.01424064 -0.01403011
 -0.01285013 -0.02615996 -0.02712262 -0.01500689  0.00491913  0.04057781
  0.05222647  0.0483268   0.04978532  0.04847322  0.04126617  0.02850399
  0.0155062   0.01085713 -0.00311852 -0.01108985 -0.00708106 -0.02018398
 -0.02280087 -0.01843979 -0.02238783 -0.02224003 -0.02522408 -0.02834648
 -0.03106421 -0.02127409  0.0032845   0.04174375  0.06112271  0.07454155
  0.08858078  0.09128746  0.08695737  0.07645368  0.05814839  0.03524435
  0.0206385   0.0157344   0.01402163  0.00535544  0.00466408 -0.0008044
 -0.00509733 -0.01652846 -0.02109732 -0.02023515 -0.02328524 -0.01726116
  0.0138015   0.04896948  0.07446039  0.0864067   0.08982009  0.09665134
  0.0907851   0.07150978  0.05315026  0.04093884  0.02236916  0.0082434
  0.00332265 -0.0036227  -0.00759451 -0.01312547 -0.01406082 -0.02181626
 -0.0333355  -0.03217361 -0.0346912  -0.0346912  -0.0346912  -0.0346912
 -0.0346912  -0.0346912  -0.0346912  -0.0346912  -0.0346912  -0.0346912
 -0.0346912  -0.0346912  -0.0346912  -0.0346912  -0.0346912  -0.0346912 ]",476970
1086500533,Sst-IRES-Cre,True,familiar,"[-0.02650315 -0.02575054 -0.02015974 -0.0255838  -0.02470985 -0.03794165
 -0.04265647 -0.02947292 -0.0336364  -0.02768226 -0.00857652  0.02398998
  0.05041016  0.05914978  0.06689458  0.063342    0.06300628  0.05923096
  0.04159633  0.02612105  0.01003671 -0.01130044  0.00103067 -0.01457016
 -0.00567369 -0.01522612 -0.03046226 -0.02247053 -0.03164202 -0.03078997
 -0.03079516 -0.03433395 -0.03438539 -0.03951361 -0.04064748 -0.04161973
 -0.0479186  -0.04084724 -0.04393039 -0.05353118 -0.04829457 -0.03350364
 -0.03480587 -0.0353588  -0.04315787 -0.03967325 -0.04466681 -0.03118245
 -0.03587186 -0.03994921 -0.0429378  -0.03969174 -0.03871124 -0.03870066
 -0.03549509 -0.004854    0.02758574  0.04598783  0.05047508  0.04760414
  0.03454944  0.03495854  0.03810639  0.01765891  0.00344648 -0.00448824
 -0.00877572 -0.0102507  -0.00291415 -0.01240959 -0.02802394 -0.02348622
 -0.02563838 -0.01980138 -0.03947962 -0.03947962 -0.03947962 -0.03947962
 -0.03947962 -0.03947962 -0.03947962 -0.03947962 -0.03947962 -0.03947962
 -0.03947962 -0.03947962 -0.03947962 -0.03947962 -0.03947962 -0.03947962]",476970
1086500583,Sst-IRES-Cre,False,familiar,"[ 3.16003078e-04  4.84657663e-05 -2.20348070e-03 -1.37359840e-03
 -4.28499338e-03 -5.95027701e-03 -3.98247270e-03 -3.68605769e-03
 -4.09637895e-03 -2.16744933e-03 -1.55573619e-03  3.39173500e-03
  4.63239451e-03  4.44502398e-03  9.94591364e-03  1.02714126e-02
  1.16693246e-02  1.20679090e-02  9.40830410e-04  3.24605130e-03
  2.31185812e-03 -2.70763608e-03 -2.27420093e-03 -3.46936221e-03
 -4.73387522e-03 -6.75876730e-03 -3.26753992e-03 -4.21590528e-03
 -3.96350775e-03 -2.59568291e-03 -7.64648517e-03 -8.17701397e-03
 -5.46481085e-03  2.02512700e-03  6.22197807e-03  7.79343615e-03
  1.24109170e-02  1.65737604e-02  2.00054091e-02  1.83086257e-02
  1.04013828e-02  5.85129228e-03  1.09532893e-02  1.88369730e-03
  1.16087024e-03  4.78215874e-03 -2.92833763e-03  5.18086554e-04
 -7.46098891e-03 -2.54057241e-03 -1.40781932e-03 -2.08374336e-03
 -9.32990929e-03 -8.86084842e-03 -9.66287123e-03 -1.21234319e-03
  2.43460526e-03  9.81710432e-03  1.61984512e-02  2.18278113e-02
  2.04947289e-02  2.18701658e-02  2.11431565e-02  1.55601663e-02
  9.27827549e-03  8.22359799e-03  4.36701841e-03 -2.06069431e-03
 -5.71205068e-03  1.15613089e-03 -7.50409794e-05 -9.42181498e-04
 -3.08928702e-03 -4.86109880e-03 -2.53832033e-03 -2.53832033e-03
 -2.53832033e-03 -2.53832033e-03 -2.53832033e-03 -2.53832033e-03
 -2.53832033e-03 -2.53832033e-03 -2.53832033e-03 -2.53832033e-03
 -2.53832033e-03 -2.53832033e-03 -2.53832033e-03 -2.53832033e-03
 -2.53832033e-03 -2.53832033e-03]",498972
1086500583,Sst-IRES-Cre,True,familiar,"[-0.00154522 -0.00144609 -0.0009765  -0.00196519  0.00327891 -0.00568547
 -0.00511504 -0.0018431  -0.0050995  -0.00870798 -0.0087293  -0.00247508
  0.00245683  0.00528723  0.00785489  0.00883987  0.0127553   0.01560082
  0.00732176  0.00347187  0.00625283 -0.00192252 -0.00070138 -0.00534798
 -0.00455897 -0.00065971 -0.00459108 -0.00238666 -0.00450786 -0.00485566
 -0.00397572 -0.00483985 -0.00516967 -0.00320274 -0.0012452  -0.00094409
 -0.00172357 -0.00026141  0.0016157  -0.00094545 -0.00156169  0.00089116
  0.00606117  0.00893446  0.00543665  0.00889     0.00492827  0.00386716
  0.0098033   0.00865579  0.00397957  0.00229171  0.00354467  0.00620998
  0.00641077  0.00630077  0.00639774  0.01033982  0.01452112  0.01538942
  0.01414549  0.0159926   0.01446041  0.00978769  0.00756028  0.00764616
  0.00597238  0.00247347 -0.00206086 -0.00246082 -0.00386811 -0.00836431
 -0.00341269 -0.00144944 -0.00125348 -0.00125348 -0.00125348 -0.00125348
 -0.00125348 -0.00125348 -0.00125348 -0.00125348 -0.00125348 -0.00125348
 -0.00125348 -0.00125348 -0.00125348 -0.00125348 -0.00125348 -0.00125348]",498972
1086500633,Sst-IRES-Cre,False,familiar,"[-0.01186921 -0.01043991  0.00049179 -0.01039285 -0.01393624 -0.01192723
 -0.00894078 -0.01592592 -0.01423776 -0.01452311  0.00153795  0.01699961
  0.02522925  0.02945059  0.02496336  0.03126396  0.02577914  0.01872045
  0.01168534  0.00515665 -0.00562997 -0.00396085 -0.00319393 -0.00259292
 -0.01076674 -0.01254934 -0.00431982 -0.00749164 -0.01268477 -0.01589508
 -0.01519892 -0.00492521  0.00762223  0.02186629  0.03481847  0.04316667
  0.04698991  0.04628429  0.04995344  0.03378071  0.02981284  0.01074966
  0.00926201  0.0041712  -0.00916308 -0.00684826 -0.00573899 -0.00476671
 -0.01161464 -0.0055042  -0.0093364  -0.00799605 -0.02263226 -0.01772727
  0.00017888  0.01304328  0.02002882  0.01811811  0.01892668  0.01523126
  0.01782471  0.01244825  0.00418197  0.00781797 -0.00175807 -0.01506138
 -0.00667372 -0.00817365 -0.00973218 -0.00792787 -0.01763908 -0.00569488
 -0.00250145 -0.01191955 -0.00438342 -0.00438342 -0.00438342 -0.00438342
 -0.00438342 -0.00438342 -0.00438342 -0.00438342 -0.00438342 -0.00438342
 -0.00438342 -0.00438342 -0.00438342 -0.00438342 -0.00438342 -0.00438342]",477202
1086500633,Sst-IRES-Cre,True,familiar,"[-0.02171488 -0.02076277 -0.0103553  -0.00147315 -0.0111824  -0.00600604
 -0.01652212 -0.0206229  -0.02105504 -0.01006396 -0.00269567  0.01464391
  0.01723236  0.02600475  0.02502434  0.02892073  0.03444349  0.02092326
  0.01053187  0.01136755  0.001782    0.00115348  0.00030663 -0.00145769
 -0.00557304 -0.00831893 -0.00292975 -0.01070316 -0.01601648 -0.00488109
 -0.00823463 -0.00218154 -0.00683746 -0.01067465 -0.01500772 -0.01595201
 -0.00728696 -0.0047191  -0.00769699 -0.01390887 -0.01541167 -0.01379881
  0.00196108 -0.01728387 -0.00359833 -0.0010502  -0.02199522 -0.01142611
 -0.0096475   0.00090473 -0.00813622 -0.00860594 -0.01399614 -0.01976769
 -0.0127222   0.00295006  0.01600187  0.02929953  0.03678015  0.03550837
  0.02366554  0.02880737  0.01786066  0.00247088 -0.00604272 -0.00070779
  0.00929416 -0.00992862 -0.00242418 -0.00272169 -0.00390658 -0.01820938
  0.00437728 -0.01664288 -0.01958699 -0.01958699 -0.01958699 -0.01958699
 -0.01958699 -0.01958699 -0.01958699 -0.01958699 -0.01958699 -0.01958699
 -0.01958699 -0.01958699 -0.01958699 -0.01958699 -0.01958699 -0.01958699]",477202
1086500756,Vip-IRES-Cre,False,familiar,"[ 6.90652901e-04  3.71188919e-04 -2.41159358e-03 -4.07145498e-04
  3.15626859e-03  3.54929203e-03  2.41647811e-03  6.06145799e-04
  7.92146832e-03  8.91125887e-03  9.85119368e-03  5.18916403e-03
 -2.49720996e-03 -3.79672783e-03  9.47452193e-04 -8.48664475e-05
  1.55877246e-03  4.16377289e-03  6.41017948e-04 -1.79808127e-03
 -8.08547469e-03 -7.11202001e-03 -4.98063501e-03 -3.54181473e-03
 -6.42930116e-03 -1.10284852e-03 -1.80023845e-03 -2.09792339e-03
 -4.71284086e-03  8.84594660e-04  1.97429321e-03  5.57596457e-04
  4.90014309e-03  4.23846739e-03  2.24636853e-03  2.26453392e-03
  3.26793212e-03  5.80819048e-03  8.14725886e-03  1.10950047e-02
  1.33064618e-02  1.02826911e-02  5.28846884e-03  7.93097234e-03
  1.80629955e-03  1.95474185e-03  2.76356008e-03  6.59141871e-03
  3.09033144e-03  4.84955260e-03  7.89374075e-04 -1.35031305e-04
 -3.23078855e-03 -1.73379498e-03 -2.22314837e-03 -4.41379949e-03
 -6.03208269e-03 -7.77441288e-03 -7.10739855e-03 -9.70999123e-03
 -7.62758986e-03 -4.82072796e-03 -2.98421991e-03 -5.65622357e-03
 -7.17671146e-03 -9.50072949e-03 -1.03766022e-02 -1.35990710e-02
 -1.03145373e-02 -1.06282419e-02 -1.09484124e-02 -6.54665429e-03
 -8.49852728e-03 -9.02568986e-03 -7.42861479e-03 -7.42861479e-03
 -7.42861479e-03 -7.42861479e-03 -7.42861479e-03 -7.42861479e-03
 -7.42861479e-03 -7.42861479e-03 -7.42861479e-03 -7.42861479e-03
 -7.42861479e-03 -7.42861479e-03 -7.42861479e-03 -7.42861479e-03
 -7.42861479e-03 -7.42861479e-03]",489066
1086500756,Vip-IRES-Cre,True,familiar,"[ 0.00383823  0.00376075  0.00271236  0.00074858  0.00268136  0.00859001
  0.00635213  0.00190501  0.00447703  0.00994022  0.01238938  0.00854549
  0.00510154  0.00087189 -0.00283783 -0.00307708 -0.00022707  0.00069702
  0.00250489 -0.00206706 -0.00547733 -0.00497141 -0.0074393  -0.0064246
 -0.00445292 -0.00672248 -0.00499692 -0.00953482 -0.01098067 -0.0059064
 -0.00697098 -0.00188776  0.00018803 -0.00267724 -0.0016501   0.00259382
  0.00832794  0.01473669  0.01990206  0.02544894  0.02929754  0.0358186
  0.040946    0.03895239  0.04768309  0.0503783   0.05231606  0.05848796
  0.05721916  0.05809615  0.06222455  0.06777628  0.07457866  0.07910449
  0.08359662  0.08316204  0.07785832  0.07000303  0.06189124  0.05595212
  0.05303645  0.05481328  0.05432245  0.0479426   0.04147107  0.04007745
  0.02822592  0.02917388  0.02850182  0.02750273  0.02702237  0.0258107
  0.02470153  0.02377097  0.02092428  0.02092428  0.02092428  0.02092428
  0.02092428  0.02092428  0.02092428  0.02092428  0.02092428  0.02092428
  0.02092428  0.02092428  0.02092428  0.02092428  0.02092428  0.02092428]",489066
1086500770,Sst-IRES-Cre,False,familiar,"[-0.00748187 -0.00806637 -0.012532   -0.00714776 -0.00280212 -0.00715831
 -0.01212492 -0.01296245 -0.01391453 -0.01336278  0.00721199  0.01576192
  0.01727833  0.02548992  0.02532938  0.03223604  0.03196095  0.0259353
  0.01475014  0.00666209  0.00671687 -0.00820528 -0.00559533 -0.00839037
 -0.00918642 -0.0095107  -0.0168003  -0.01308476 -0.02141143 -0.01959525
 -0.02354675 -0.01135353  0.00781573  0.01342653  0.02406382  0.02838598
  0.02766327  0.03111875  0.03247508  0.02653093  0.02141632  0.01285992
  0.00603352 -0.00908294 -0.00135544 -0.0056277  -0.00348119 -0.02004965
 -0.01621059 -0.0113753  -0.01018321 -0.01241209 -0.01783618 -0.00880531
  0.00367451  0.02046048  0.03035691  0.03531031  0.03372515  0.03380337
  0.0347894   0.03786128  0.03228314  0.02148983  0.01019651  0.0059697
  0.00338616 -0.00193657 -0.0081188  -0.00203009 -0.01905934 -0.01567973
 -0.00751626 -0.02555414 -0.0192172  -0.0192172  -0.0192172  -0.0192172
 -0.0192172  -0.0192172  -0.0192172  -0.0192172  -0.0192172  -0.0192172
 -0.0192172  -0.0192172  -0.0192172  -0.0192172  -0.0192172  -0.0192172 ]",477202
1086500770,Sst-IRES-Cre,False,novel,"[ 0.00339542  0.00264117 -0.00354223 -0.00053896  0.00040814  0.00087153
 -0.00398908  0.00185883  0.00127602 -0.00363079 -0.00220809 -0.00072964
  0.00415388  0.00061166  0.00128102  0.00075845  0.00084187  0.01001315
  0.00945568 -0.00513989 -0.00402092 -0.00522467  0.0049388  -0.01137926
 -0.00622492 -0.00016202 -0.00203994 -0.00112092  0.00693429  0.00051143
 -0.00792242 -0.00499554 -0.00446394 -0.00640652  0.00091513  0.00231257
 -0.00124161  0.00215362  0.00694707  0.00190504  0.00170262  0.00158953
 -0.00014309 -0.00113215 -0.00185915 -0.00239441 -0.00734328  0.0019616
  0.00982324  0.00611321  0.00110505 -0.00100499 -0.00078403  0.00096653
  0.0016456   0.00552796  0.00750493  0.00410164  0.00229385  0.00576947
  0.00975969  0.00477668  0.00486823  0.00334368 -0.00464378 -0.00188734
 -0.00742926 -0.00497398 -0.00502977 -0.0007584   0.00407282  0.00348036
  0.00414901  0.00223984 -0.00989285 -0.00989285 -0.00989285 -0.00989285
 -0.00989285 -0.00989285 -0.00989285 -0.00989285 -0.00989285 -0.00989285
 -0.00989285 -0.00989285 -0.00989285 -0.00989285 -0.00989285 -0.00989285]",477202
1086500770,Sst-IRES-Cre,True,familiar,"[-0.01655952 -0.01650798 -0.01732995 -0.02348669 -0.01689625 -0.0148825
 -0.01472614 -0.01966015 -0.02787517 -0.02231908 -0.00280033  0.01451593
  0.02201959  0.03098227  0.0355628   0.03245557  0.03558843  0.04385703
  0.03787461  0.0110864   0.00869294  0.00502775  0.00285646 -0.00221789
 -0.01026754 -0.02294615 -0.01489979 -0.01383439 -0.01204147 -0.01126876
 -0.02841512 -0.02243987 -0.02221959 -0.03107768 -0.03224136 -0.02398326
 -0.02333848 -0.03069333 -0.03373322 -0.0253727  -0.03179562 -0.0305911
 -0.0290134  -0.03325348 -0.03793327 -0.02668618 -0.03005151 -0.03297217
 -0.0300624  -0.03269902 -0.02795395 -0.02939448 -0.03209349 -0.03452835
 -0.02658456 -0.01043084  0.00064597  0.0044188   0.00289438  0.00804396
  0.0121246   0.01544007  0.01241004  0.00253299 -0.00326184 -0.00973455
 -0.00438016 -0.01561788 -0.01431838 -0.02535726 -0.02298273 -0.01225761
 -0.02102632 -0.02268186 -0.01302611 -0.01302611 -0.01302611 -0.01302611
 -0.01302611 -0.01302611 -0.01302611 -0.01302611 -0.01302611 -0.01302611
 -0.01302611 -0.01302611 -0.01302611 -0.01302611 -0.01302611 -0.01302611]",477202
1086500770,Sst-IRES-Cre,True,novel,"[ 5.10809591e-03  5.22932581e-03  5.59183591e-03  9.28864171e-04
 -3.81593421e-03 -8.78645669e-03  2.41888004e-03 -1.96242372e-03
 -4.45075310e-03 -4.63982053e-03  6.31532962e-04  7.08329213e-03
 -3.54846538e-03 -5.90420195e-03  5.65012328e-04  4.51758924e-03
  6.28388458e-03  1.83459810e-03  2.96066126e-03 -2.70909022e-03
  7.79763648e-03 -6.35838557e-04 -8.87753657e-04 -9.91691393e-03
  9.19094661e-04 -2.36136667e-03 -7.48289347e-03  2.51997228e-03
  5.24745433e-03 -2.53581812e-03 -2.89794996e-04  1.09561457e-03
  2.02233700e-03 -5.72392930e-04 -5.36160161e-03 -1.04518820e-02
 -8.89948351e-03 -9.31831376e-03 -9.88444232e-03 -4.04447087e-03
  4.68234930e-05 -2.94129975e-03  8.76422086e-04 -1.70080603e-03
  4.08622584e-03 -1.14769484e-02 -1.94797877e-03  3.43217489e-03
 -1.42752183e-04  4.45581298e-03  2.68447074e-03 -6.23368249e-03
  3.63479978e-03  1.66193650e-03  8.38905396e-04  3.19985045e-03
  7.52276680e-03  9.49792686e-03  1.60684310e-03  8.01433366e-03
  8.21258296e-03  3.11302812e-03  5.03126237e-03 -4.30745691e-03
  5.27982966e-03  9.40974319e-04  3.64030912e-03 -3.05928023e-03
  9.90286917e-03  6.74760643e-03  2.58240119e-05  4.22849145e-03
 -3.86642473e-03  5.86167199e-03 -3.74619139e-04 -3.74619139e-04
 -3.74619139e-04 -3.74619139e-04 -3.74619139e-04 -3.74619139e-04
 -3.74619139e-04 -3.74619139e-04 -3.74619139e-04 -3.74619139e-04
 -3.74619139e-04 -3.74619139e-04 -3.74619139e-04 -3.74619139e-04
 -3.74619139e-04 -3.74619139e-04]",477202
1086500807,Sst-IRES-Cre,False,familiar,"[-5.50172781e-03 -4.95615632e-03 -1.12472433e-04 -1.63045156e-03
 -3.59416898e-03 -4.32104461e-03 -3.44445708e-04 -7.86101775e-04
 -4.59469163e-03 -4.44791922e-03 -2.30029750e-03  7.70488535e-04
  5.23758586e-03  9.17059096e-03  8.15389381e-03  6.36515861e-03
  9.60553554e-03  1.05524079e-02  5.29881416e-03  6.85302352e-03
 -1.97659976e-03  1.58853765e-03 -8.66665765e-04 -1.22152085e-03
 -4.64919064e-03 -4.92639047e-03  1.45846808e-03 -6.49628404e-03
 -8.02561134e-03 -4.30276421e-03 -5.40991184e-03 -7.96523565e-03
 -8.49631098e-03 -3.54447465e-03 -9.13462941e-04 -4.82551766e-04
  6.47514204e-03  1.13297906e-02  1.73293905e-02  2.10128915e-02
  1.44960747e-02  8.32030741e-03  1.21462428e-02 -2.97361379e-03
  2.33105283e-03 -1.59579134e-03  4.74916570e-03 -7.25249640e-03
  1.11678426e-04 -5.60846932e-03 -6.62151899e-03 -3.38739348e-03
 -8.27405289e-03 -1.41495502e-02 -1.08016504e-02 -2.60102857e-03
  3.66635952e-04  6.14578699e-03  1.55923093e-02  2.34050528e-02
  2.72249811e-02  2.54869375e-02  2.82254348e-02  1.58770884e-02
  1.58132131e-02  1.44570152e-02  1.29432876e-02  1.05583034e-02
  4.76238313e-03  4.71409890e-03 -3.94836390e-06  7.45540005e-04
 -5.47272632e-04  1.11243391e-03  2.31911930e-04  2.31911930e-04
  2.31911930e-04  2.31911930e-04  2.31911930e-04  2.31911930e-04
  2.31911930e-04  2.31911930e-04  2.31911930e-04  2.31911930e-04
  2.31911930e-04  2.31911930e-04  2.31911930e-04  2.31911930e-04
  2.31911930e-04  2.31911930e-04]",498972
1086500807,Sst-IRES-Cre,True,familiar,"[-0.00757395 -0.00757378 -0.00776669 -0.00802656 -0.00346876 -0.00173557
 -0.00076383 -0.00222453 -0.00663292 -0.007558   -0.00989005 -0.00539854
  0.00097562  0.00550428  0.00784349  0.00786981  0.00958681  0.01690837
  0.01610698  0.00664995  0.00335261 -0.00556132  0.00258169  0.00022038
 -0.00074844  0.00425915  0.00169796 -0.00410885  0.00055442 -0.00507971
 -0.00293849 -0.00218199 -0.00318816 -0.00372224 -0.00203601 -0.00257312
  0.00045649  0.00109024 -0.00325069 -0.00055407  0.00067136  0.00022549
 -0.00057704 -0.00095683  0.00371005  0.00250294  0.00065264 -0.00244598
 -0.00172289 -0.0025433   0.0058076   0.00456793  0.0043018   0.00399319
  0.00228344  0.00539524  0.00915531  0.01185553  0.01354003  0.01001295
  0.01283784  0.01023829  0.00848392  0.00943856  0.01034116  0.00019455
 -0.00085301  0.00044946 -0.00735995 -0.00641418 -0.00695762 -0.00509616
 -0.0005318  -0.00346267 -0.00972075 -0.00972075 -0.00972075 -0.00972075
 -0.00972075 -0.00972075 -0.00972075 -0.00972075 -0.00972075 -0.00972075
 -0.00972075 -0.00972075 -0.00972075 -0.00972075 -0.00972075 -0.00972075]",498972
1086500839,Vip-IRES-Cre,False,familiar,"[ 0.00378134  0.00389746  0.00523051  0.00703306  0.0076743   0.00572967
  0.0054998   0.00393597  0.00079362  0.00125179  0.00149643  0.00131043
  0.00033043 -0.0041033  -0.01245692 -0.01161279 -0.00677123 -0.00127943
 -0.00300173 -0.00419619 -0.00077049 -0.00418197 -0.00678504 -0.00810649
  0.00084785  0.0016123   0.00114101  0.00746919  0.00148246  0.00274797
  0.00202647  0.00173448  0.00654564  0.00535509 -0.00226511 -0.00206547
 -0.00668087 -0.00676059 -0.00303593 -0.00124345 -0.00862994 -0.00938358
 -0.00934724 -0.00785132 -0.00702567 -0.01147978 -0.00622125 -0.00476374
 -0.00821333 -0.00542039 -0.00121412 -0.00560206 -0.00869579 -0.01296127
 -0.00957196 -0.01010642 -0.00992702 -0.01194806 -0.01574632 -0.01685854
 -0.01404576 -0.00924156 -0.01345803 -0.01592541 -0.00877236 -0.00848578
 -0.01735649 -0.00661027 -0.00538086 -0.00217149  0.00053232 -0.00200923
  0.00072458 -0.00282249 -0.00397123 -0.00397123 -0.00397123 -0.00397123
 -0.00397123 -0.00397123 -0.00397123 -0.00397123 -0.00397123 -0.00397123
 -0.00397123 -0.00397123 -0.00397123 -0.00397123 -0.00397123 -0.00397123]",489066
1086500839,Vip-IRES-Cre,False,novel,"[-0.00922689 -0.00884671 -0.00421931  0.0025604   0.00102375 -0.00289168
 -0.00323418 -0.00477891 -0.00690125 -0.00913525 -0.00706924 -0.00427762
  0.00452948  0.01355496  0.01069991  0.00809192  0.01240494  0.02109669
  0.01435753  0.00404572  0.00901816  0.00302904  0.00059841 -0.00546619
 -0.00135178 -0.00481562 -0.00694646 -0.0090647  -0.00620252 -0.01058263
 -0.01001615 -0.00926246 -0.00747231  0.00492973  0.01500874  0.02325418
  0.03267755  0.03894174  0.03670043  0.03477535  0.03642509  0.03767727
  0.03203396  0.02139938  0.02510062  0.0122901   0.01434082  0.01277703
  0.01534236  0.00326561  0.00624054 -0.00026424  0.0002526  -0.00396134
 -0.00170985  0.003319    0.01003858  0.01555722  0.01528631  0.0109386
  0.01581438  0.01852538  0.01485803  0.01347002  0.01542068  0.01162907
  0.01657013  0.01057753  0.01080156  0.00985505  0.00317229 -0.00122923
 -0.00490351 -0.00338476 -0.00677046 -0.00677046 -0.00677046 -0.00677046
 -0.00677046 -0.00677046 -0.00677046 -0.00677046 -0.00677046 -0.00677046
 -0.00677046 -0.00677046 -0.00677046 -0.00677046 -0.00677046 -0.00677046]",489066
1086500839,Vip-IRES-Cre,True,familiar,"[ 0.00341749  0.00355115  0.00462811  0.00416227  0.00557308  0.00087306
 -0.00038209  0.00361773  0.00662242  0.00713932  0.00523416  0.00404884
  0.0049101   0.00283883  0.00166356 -0.00408572 -0.0069257  -0.00568809
 -0.00160742 -0.00400232 -0.00209686 -0.005037   -0.00406819 -0.0043802
 -0.00597786 -0.00440122 -0.00194385 -0.00118452 -0.00129593 -0.00520314
 -0.00317799 -0.00087278 -0.00222513  0.00134816  0.00472685  0.00630091
  0.01055532  0.01227412  0.01364395  0.01456737  0.0192264   0.02270757
  0.02455945  0.02610723  0.03665884  0.03264064  0.03969789  0.0406491
  0.05385121  0.04853794  0.05782253  0.05850383  0.05943187  0.06381345
  0.06671994  0.06144503  0.06034784  0.06166034  0.05151632  0.05181144
  0.0439493   0.0385283   0.03891891  0.03725732  0.04449492  0.03206976
  0.03044097  0.02669511  0.03104728  0.02962546  0.03068042  0.033609
  0.0351437   0.03158168  0.03536431  0.03536431  0.03536431  0.03536431
  0.03536431  0.03536431  0.03536431  0.03536431  0.03536431  0.03536431
  0.03536431  0.03536431  0.03536431  0.03536431  0.03536431  0.03536431]",489066
1086500839,Vip-IRES-Cre,True,novel,"[ 0.00912559  0.00889302  0.00617704  0.00277286  0.00350792  0.00307676
 -0.00118502 -0.00238551 -0.00227816 -0.0056522  -0.00810709  0.00014039
  0.00626838  0.01056286  0.01003023  0.00983377  0.01541412  0.009431
  0.00919355  0.00622922  0.00044056 -0.00202826 -0.00367706 -0.01264249
 -0.01317257 -0.0059387  -0.01176082 -0.01180371 -0.01510574 -0.01535992
 -0.01815213 -0.02128099 -0.02094334 -0.02394832 -0.02549828 -0.02021726
 -0.02089339 -0.01681685 -0.01673761 -0.01891352 -0.01585394 -0.00745307
 -0.01414447 -0.01056629 -0.01344093 -0.00865483 -0.00197301 -0.00487109
  0.00468754  0.00311791  0.00412818  0.00557771  0.0099652   0.01071075
  0.00642265  0.0132036   0.02621442  0.03219738  0.03710366  0.04489493
  0.04121785  0.0341225   0.03759015  0.03230617  0.0284466   0.02744644
  0.02717893  0.01699816  0.01370094  0.00871083  0.01047878  0.00625933
  0.00128913  0.00044907  0.00151123  0.00151123  0.00151123  0.00151123
  0.00151123  0.00151123  0.00151123  0.00151123  0.00151123  0.00151123
  0.00151123  0.00151123  0.00151123  0.00151123  0.00151123  0.00151123]",489066
1086500872,Sst-IRES-Cre,False,familiar,"[-0.01407991 -0.01345034 -0.00703826 -0.00338821 -0.00966682 -0.00802925
 -0.00309245 -0.01327303 -0.02276963 -0.02105016 -0.00035887  0.01520901
  0.01896189  0.02817039  0.03388436  0.02961279  0.02553607  0.01975616
  0.01817253  0.01197388  0.00448937  0.00052629 -0.0018638   0.00278315
 -0.00824137 -0.00996867 -0.01718695 -0.01529644 -0.02069094 -0.0196308
 -0.01738447 -0.0181495  -0.00602331  0.01669372  0.03700009  0.05024978
  0.05298833  0.05749498  0.05506938  0.05076584  0.03177859  0.02543474
  0.01691656 -0.006261   -0.00695445 -0.00571836 -0.02349283 -0.00377815
 -0.00327512 -0.01494143 -0.01820226 -0.01032128 -0.01414736 -0.00884531
 -0.00386233  0.01741795  0.03268572  0.03713213  0.03794599  0.04313468
  0.04318348  0.03624095  0.03035872  0.01941384  0.01627621  0.01187453
  0.01013525 -0.01148247 -0.01272598 -0.015721   -0.01054143 -0.02113759
 -0.00559604  0.00081792 -0.00185106 -0.00185106 -0.00185106 -0.00185106
 -0.00185106 -0.00185106 -0.00185106 -0.00185106 -0.00185106 -0.00185106
 -0.00185106 -0.00185106 -0.00185106 -0.00185106 -0.00185106 -0.00185106]",477202
1086500872,Sst-IRES-Cre,True,familiar,"[-0.00551249 -0.00704641 -0.01991386 -0.01596577 -0.01661808 -0.01585418
 -0.01691408 -0.02029889 -0.02106998 -0.02018721 -0.00893878  0.00808155
  0.02509015  0.02381466  0.02622921  0.03352648  0.04067389  0.04241686
  0.03132621  0.01762118  0.00430972  0.00639445  0.00210269 -0.00938378
 -0.00850275 -0.01729004 -0.01611228 -0.00948564 -0.00977481 -0.02271802
 -0.02023566 -0.02148857 -0.01467644 -0.01010897 -0.0122762  -0.01950963
 -0.01941702 -0.0202267  -0.01390632 -0.0206088  -0.02933511 -0.03151055
 -0.02630817 -0.02257762 -0.02041861 -0.01898441 -0.03020398 -0.02833477
 -0.03061199 -0.03465239 -0.03001984 -0.02969277 -0.0285268  -0.03212809
 -0.03649503 -0.01381882  0.00495403  0.00832051  0.01611067  0.02833004
  0.0321459   0.02619153  0.0159526   0.01192854 -0.00335684 -0.01249986
 -0.01967548 -0.02363479 -0.01793368 -0.02254359 -0.02378161 -0.03193009
 -0.02410128 -0.02985728 -0.02743586 -0.02743586 -0.02743586 -0.02743586
 -0.02743586 -0.02743586 -0.02743586 -0.02743586 -0.02743586 -0.02743586
 -0.02743586 -0.02743586 -0.02743586 -0.02743586 -0.02743586 -0.02743586]",477202
1086500898,Vip-IRES-Cre,False,familiar,"[-0.00711044 -0.00716364 -0.00700216 -0.00278227 -0.00193243  0.00040532
  0.00828149  0.0106272   0.01013652  0.01354189  0.00610523  0.00050651
  0.00030451 -0.00499339 -0.00835629 -0.01120533 -0.00764588 -0.00452734
 -0.00159326 -0.00714071 -0.00652008 -0.00172479 -0.0025262  -0.00625745
 -0.00359572  0.00296449  0.00432615  0.00681592  0.0118208   0.01624135
  0.01240384  0.01006907  0.00853128  0.01003223  0.00216658 -0.00035528
  0.00170437  0.00305617  0.00561879  0.00961075  0.0163889   0.01208642
  0.01253552  0.0095866   0.01416139  0.0049937   0.0062136   0.00255029
  0.00571972  0.01247259  0.0214254   0.02041427  0.01247636  0.01807963
  0.01439627  0.0066159  -0.00037608 -0.00558921 -0.01599678 -0.0124597
 -0.01124703 -0.00987574 -0.01390749 -0.01303956 -0.01454266 -0.02249252
 -0.01081446 -0.01766867 -0.01181306 -0.00732906 -0.01046427 -0.00476218
 -0.00220855 -0.00952282 -0.00196142 -0.00196142 -0.00196142 -0.00196142
 -0.00196142 -0.00196142 -0.00196142 -0.00196142 -0.00196142 -0.00196142
 -0.00196142 -0.00196142 -0.00196142 -0.00196142 -0.00196142 -0.00196142]",489066
1086500898,Vip-IRES-Cre,False,novel,"[ 0.00333835  0.00388002  0.0076515   0.00157648  0.00762679  0.00912225
  0.01244969  0.01643275  0.01661373  0.0121095   0.0064941  -0.0007447
 -0.00223564 -0.00586903 -0.00753909 -0.00086543  0.00046731  0.0053481
  0.00792196  0.00311923 -0.00214598 -0.00655084 -0.00912772 -0.00972963
 -0.01274883 -0.01320057 -0.01311481 -0.01051864 -0.00971053 -0.01005032
 -0.00335492  0.00024142 -0.00361953 -0.010064   -0.00794565 -0.00439817
 -0.0023747   0.01162848  0.02628988  0.03188638  0.0344951   0.03634121
  0.03964049  0.03156484  0.0368011   0.02783294  0.02711395  0.0228503
  0.02164823  0.02478764  0.02276599  0.02097748  0.01899482  0.02579371
  0.02754328  0.01766124  0.01434455  0.017392    0.01970949  0.02816774
  0.03332916  0.03540798  0.03864276  0.04056934  0.0296959   0.03631798
  0.03836857  0.04026012  0.02694592  0.03314507  0.0297434   0.02979611
  0.03093001  0.02846405  0.0283809   0.0283809   0.0283809   0.0283809
  0.0283809   0.0283809   0.0283809   0.0283809   0.0283809   0.0283809
  0.0283809   0.0283809   0.0283809   0.0283809   0.0283809   0.0283809 ]",489066
1086500898,Vip-IRES-Cre,True,familiar,"[ 0.0047146   0.00533766  0.01082755  0.00837345  0.00777021  0.01324578
  0.0111933   0.01145041  0.01701767  0.01643074  0.01470944  0.01070161
  0.00222668  0.00013078 -0.00227524 -0.00654247 -0.0070551  -0.0084702
 -0.00244683 -0.01024123 -0.00140355 -0.00744809 -0.00972907 -0.02182554
 -0.01961953 -0.0172356  -0.00352469 -0.00518523 -0.00624255 -0.00488496
 -0.00027689  0.00186337  0.00010349  0.00175302  0.00621606  0.00873921
  0.00900709  0.01250077  0.01368726  0.02164355  0.02413187  0.02489429
  0.03919177  0.04914114  0.06263952  0.06510476  0.06816404  0.0745123
  0.07583033  0.07918986  0.08090881  0.07945748  0.08318975  0.08810733
  0.08410592  0.07580781  0.06834754  0.06404647  0.04892009  0.04279663
  0.04935343  0.04937439  0.04603968  0.04025741  0.03748623  0.0382963
  0.04317074  0.03259956  0.03787007  0.03571707  0.04273999  0.0415492
  0.04129691  0.04621088  0.04591922  0.04591922  0.04591922  0.04591922
  0.04591922  0.04591922  0.04591922  0.04591922  0.04591922  0.04591922
  0.04591922  0.04591922  0.04591922  0.04591922  0.04591922  0.04591922]",489066
1086500898,Vip-IRES-Cre,True,novel,"[-0.00124266 -0.00067057  0.00431793  0.00192342 -0.00048156  0.00250484
  0.00063088 -0.00370662  0.00172829  0.00298265  0.004239   -0.00044279
 -0.00643767 -0.00677438 -0.0050777  -0.00205619  0.00124629  0.00716331
  0.0115306   0.01056055  0.00481089  0.00995179  0.00700737 -0.00184859
 -0.0028253  -0.00934325 -0.00968103 -0.00858386 -0.00516453 -0.0062611
 -0.00436081 -0.00237258  0.00225339  0.00727745  0.00408744  0.00413705
  0.00930733  0.00881464  0.01211455  0.0127901   0.02014286  0.02047634
  0.02540169  0.03103609  0.03804058  0.03443682  0.03561641  0.05251031
  0.0513476   0.06115011  0.06257824  0.0680089   0.06794356  0.07323497
  0.07523341  0.07134698  0.06074241  0.05179186  0.05225391  0.04964004
  0.05655159  0.05893854  0.05381195  0.04997646  0.04848238  0.04519973
  0.0401431   0.03535231  0.03210139  0.01868342  0.02569735  0.02372267
  0.02371388  0.02349972  0.02785471  0.02785471  0.02785471  0.02785471
  0.02785471  0.02785471  0.02785471  0.02785471  0.02785471  0.02785471
  0.02785471  0.02785471  0.02785471  0.02785471  0.02785471  0.02785471]",489066
1086500926,Sst-IRES-Cre,False,novel,"[-2.63991473e-04 -1.02493080e-04  6.43699704e-04 -4.04311615e-03
 -5.70738865e-03 -6.09744489e-04 -1.24458120e-03  3.26983595e-04
 -4.65277560e-03 -4.53262119e-03  4.43675683e-03  6.55115114e-03
 -7.73011274e-04  1.28685068e-03  8.09149283e-03  1.22544259e-02
  7.95763675e-03  5.20508492e-03 -1.70389810e-03  6.67284191e-03
 -1.63477572e-04  2.01572979e-04 -6.38405479e-03 -4.36258583e-03
 -6.72673068e-03 -6.65217833e-03 -3.50459154e-03 -2.59223783e-03
  2.56998350e-03 -2.17900295e-03 -4.24179328e-03 -6.55520445e-03
 -2.62200027e-04  6.65855527e-05  2.42220812e-03  6.58094750e-03
  1.03689077e-02  1.47540667e-02  1.68716388e-02  1.09305254e-02
  1.14112005e-02  8.08305681e-03  1.15794040e-02  1.09183983e-02
  4.40269808e-03  1.78238925e-03  3.84258901e-03  2.98534551e-03
  3.64636546e-03  2.13618473e-03 -6.32323479e-04 -5.23731705e-04
 -3.50206312e-03 -9.82490834e-04 -1.68856104e-04  4.47829572e-03
  8.89010842e-03  5.34265015e-03  7.03479574e-03  1.56925349e-02
  1.72479593e-02  1.71120664e-02  5.35872040e-03  5.23103836e-03
  5.19658116e-03  7.10184298e-03  6.59499068e-05  5.27870732e-03
 -4.68031957e-03 -2.34501216e-03 -2.73600547e-03 -7.38066020e-03
 -2.58323541e-03  6.92149649e-04 -6.72044503e-03 -6.72044503e-03
 -6.72044503e-03 -6.72044503e-03 -6.72044503e-03 -6.72044503e-03
 -6.72044503e-03 -6.72044503e-03 -6.72044503e-03 -6.72044503e-03
 -6.72044503e-03 -6.72044503e-03 -6.72044503e-03 -6.72044503e-03
 -6.72044503e-03 -6.72044503e-03]",476970
1086500926,Sst-IRES-Cre,True,novel,"[-0.0047468  -0.00339259  0.0052508  -0.01124618 -0.00380571 -0.00737663
 -0.00353889 -0.0058507  -0.0041984  -0.0067098  -0.0046392  -0.00627794
  0.00029231  0.00687669  0.00394854  0.00653521  0.01317409  0.01625511
  0.00847702  0.01050512  0.01169579  0.00339004 -0.00196897 -0.00844426
 -0.00216575 -0.00425897  0.00041311 -0.0046355   0.00085422 -0.00441175
 -0.00678757  0.00039447  0.00219246 -0.00633281 -0.01107792 -0.004501
 -0.00556176 -0.00827338 -0.01074487 -0.00384776 -0.00524568 -0.00708021
 -0.00610203 -0.00074191 -0.00215411 -0.00090015  0.00375757 -0.00907722
 -0.01146365 -0.00517909 -0.01074705 -0.00788422  0.00188591 -0.00154878
 -0.00245232  0.0025439   0.00092982 -0.0006674   0.00141819  0.00457361
  0.0095497   0.01021199  0.00923103  0.01780748  0.00560616 -0.00512309
 -0.00576073 -0.00193488 -0.00557694 -0.0003435  -0.00667198 -0.01176296
 -0.00201892 -0.00728557 -0.00314677 -0.00314677 -0.00314677 -0.00314677
 -0.00314677 -0.00314677 -0.00314677 -0.00314677 -0.00314677 -0.00314677
 -0.00314677 -0.00314677 -0.00314677 -0.00314677 -0.00314677 -0.00314677]",476970
1086500959,Vip-IRES-Cre,False,familiar,"[-0.01335147 -0.01230479 -0.00157851  0.00388449  0.00497988  0.01579357
  0.01446285  0.01751826  0.02271172  0.02591176  0.02442665  0.01501612
  0.01041394 -0.00092963 -0.00427152 -0.01414504 -0.01725161 -0.01324233
 -0.01033353 -0.02329276 -0.02113013 -0.01824042 -0.01598465 -0.02215079
 -0.00706346 -0.00149927  0.00356247  0.00411949  0.01549985  0.01846885
  0.03249588  0.04570262  0.05202211  0.0460642   0.0345438   0.0268205
  0.01709202  0.0066223   0.00255779 -0.00133961 -0.00175915 -0.01582622
 -0.01811733 -0.02243558 -0.02745303 -0.03373321 -0.02754994 -0.0303786
 -0.02235992 -0.03148732 -0.03072492 -0.03511957 -0.03838722 -0.03329242
 -0.02917425 -0.03150513 -0.03410288 -0.03993306 -0.04385806 -0.05017562
 -0.04114041 -0.03595877 -0.0426036  -0.04752995 -0.04447559 -0.04929152
 -0.05010061 -0.05079264 -0.03863157 -0.04650732 -0.05172077 -0.03754046
 -0.04000227 -0.03680086 -0.04042473 -0.04042473 -0.04042473 -0.04042473
 -0.04042473 -0.04042473 -0.04042473 -0.04042473 -0.04042473 -0.04042473
 -0.04042473 -0.04042473 -0.04042473 -0.04042473 -0.04042473 -0.04042473]",489066
1086500959,Vip-IRES-Cre,False,novel,"[-5.04693045e-03 -4.82703310e-03 -2.21371701e-03  1.34122291e-03
  2.18466715e-04 -3.56851592e-03 -3.75184535e-03 -1.12676324e-03
  4.93733756e-04  5.65995986e-04  2.13233253e-03  1.02695768e-02
  9.96229330e-03  6.45601189e-03  9.16856806e-03  9.13534407e-03
  8.55067022e-03  1.24245413e-02  8.16685840e-03  6.38216883e-03
 -2.12927331e-03  1.80291430e-04 -2.38062792e-05 -4.23697228e-03
 -5.27226602e-03 -9.93741083e-03 -1.38598573e-02 -1.01463574e-02
 -1.00905973e-02 -9.21673046e-03 -1.06090872e-02 -1.65869327e-02
 -7.94920594e-03  1.08582104e-02  2.97398709e-02  4.30397430e-02
  5.21961543e-02  4.98290671e-02  4.87464954e-02  4.61440589e-02
  4.85302229e-02  4.42541424e-02  3.36748879e-02  3.01357690e-02
  2.86312569e-02  1.95435678e-02  1.53432669e-02  1.30528860e-02
  8.90412549e-03 -9.79565116e-04  1.06623601e-03 -9.40566821e-05
 -4.03789140e-03 -1.38598456e-03 -3.62398330e-03 -2.53014296e-03
  4.87873639e-03  1.75335809e-02  2.65990325e-02  2.91161635e-02
  3.59036804e-02  3.99519009e-02  3.95455340e-02  3.75999013e-02
  3.77547010e-02  2.81116635e-02  2.15921344e-02  1.57727744e-02
  9.33155439e-03  5.10231733e-03  3.55950281e-03 -1.84305367e-03
 -4.54173003e-03 -1.08938337e-02 -1.51485730e-02 -1.51485730e-02
 -1.51485730e-02 -1.51485730e-02 -1.51485730e-02 -1.51485730e-02
 -1.51485730e-02 -1.51485730e-02 -1.51485730e-02 -1.51485730e-02
 -1.51485730e-02 -1.51485730e-02 -1.51485730e-02 -1.51485730e-02
 -1.51485730e-02 -1.51485730e-02]",489066
1086500959,Vip-IRES-Cre,True,familiar,"[-0.0216024  -0.02049022 -0.01087899 -0.01150226  0.00726499  0.01313509
  0.0223658   0.02783254  0.03685679  0.05008943  0.05104984  0.04259515
  0.03087548  0.02496861  0.0193133   0.00749635 -0.00125055 -0.00780484
 -0.00364847 -0.00764063 -0.0173899  -0.02221576 -0.02572149 -0.03532759
 -0.02373464 -0.02090561 -0.02155356 -0.02816901 -0.02465198 -0.02935547
 -0.02799836 -0.02777955 -0.02204153 -0.00708154  0.00541658  0.02029984
  0.03157811  0.04361515  0.05697326  0.07555584  0.0957622   0.11193075
  0.12397914  0.13540548  0.14983505  0.17208894  0.19529666  0.2116738
  0.2324616   0.25131652  0.25272858  0.27333349  0.30179791  0.31087789
  0.31821353  0.31439972  0.28932746  0.26837937  0.24980587  0.22788192
  0.21179792  0.19548513  0.18790211  0.17640607  0.15736256  0.14663785
  0.12810029  0.11673516  0.12038718  0.11553509  0.12767677  0.11782159
  0.11852564  0.12101532  0.1240462   0.1240462   0.1240462   0.1240462
  0.1240462   0.1240462   0.1240462   0.1240462   0.1240462   0.1240462
  0.1240462   0.1240462   0.1240462   0.1240462   0.1240462   0.1240462 ]",489066
1086500959,Vip-IRES-Cre,True,novel,"[ 0.02042908  0.0195189   0.01122964  0.01149159  0.01011363  0.00876458
  0.00555258  0.00362506  0.00347651  0.00092895 -0.0022909   0.00120818
  0.00342289  0.00549068  0.00552264  0.00912144  0.01181811  0.0073283
  0.00686936  0.00195275 -0.00321544 -0.0125633  -0.0166507  -0.0108469
 -0.01384552 -0.01308848 -0.02027771 -0.01922052 -0.01663952 -0.01922587
 -0.01834164 -0.02116877 -0.02334713 -0.02193312 -0.01901052 -0.02044339
 -0.01332559 -0.01563025 -0.01541878 -0.01287107 -0.00253587  0.00192072
  0.00592572  0.0160915   0.01806745  0.02293415  0.03087928  0.03566926
  0.04024879  0.04179683  0.05222217  0.05495743  0.0565281   0.05975115
  0.05960729  0.06493429  0.07285832  0.07242126  0.06704856  0.06511167
  0.05931733  0.05473072  0.05252051  0.05592114  0.04798171  0.03949136
  0.04041543  0.0258763   0.02964012  0.02607781  0.02307309  0.02072437
  0.01920796  0.01070194  0.00740762  0.00740762  0.00740762  0.00740762
  0.00740762  0.00740762  0.00740762  0.00740762  0.00740762  0.00740762
  0.00740762  0.00740762  0.00740762  0.00740762  0.00740762  0.00740762]",489066
1086501010,Sst-IRES-Cre,False,familiar,"[-0.01156591 -0.01129308 -0.00986786 -0.01864606 -0.03094703 -0.02841112
 -0.02806184 -0.0346404  -0.03744549 -0.0355828  -0.02602572 -0.0123455
  0.01642991  0.04204838  0.05675747  0.08186902  0.08073063  0.05824549
  0.04980203  0.03651001  0.01716517  0.00090028 -0.00973515 -0.00925087
 -0.00099594 -0.01323616 -0.01918619 -0.0311667  -0.03768142 -0.03437314
 -0.0385454  -0.03845798 -0.0344861  -0.01636754  0.01280819  0.03645459
  0.04891665  0.07040678  0.08705953  0.07204394  0.0557872   0.03554478
  0.03412166  0.0157054   0.00819245 -0.00539355 -0.0015542  -0.01871362
 -0.0264381  -0.01435933 -0.01369262 -0.02261978 -0.02171421 -0.02381565
 -0.01838319  0.00585047  0.03481894  0.05927983  0.07178729  0.08249579
  0.09341334  0.08513644  0.07038733  0.05750605  0.04047968  0.01942407
  0.0021117  -0.00609566 -0.01987138 -0.01886926 -0.0246841  -0.01830458
 -0.02783007 -0.0371581  -0.03372335 -0.03372335 -0.03372335 -0.03372335
 -0.03372335 -0.03372335 -0.03372335 -0.03372335 -0.03372335 -0.03372335
 -0.03372335 -0.03372335 -0.03372335 -0.03372335 -0.03372335 -0.03372335]",477202
1086501010,Sst-IRES-Cre,False,novel,"[ 1.04757159e-02  9.60220432e-03  1.01970755e-03 -2.29991895e-03
  3.13512603e-03 -3.55018135e-03 -8.43663231e-03 -5.27815789e-03
 -3.51098601e-03 -1.08120531e-02  3.82860704e-03  9.04244625e-03
  3.21030699e-03  4.56407457e-03  6.75930570e-03  5.91411359e-03
  3.45173415e-03  2.54933674e-03 -5.17574801e-04 -2.83927639e-05
  5.34399419e-03 -6.54650356e-03 -6.48023779e-03 -1.33057791e-03
 -4.04709009e-03 -4.17589496e-03 -7.93546082e-03 -3.50404390e-03
  3.64474861e-03 -4.08771543e-03 -1.03079091e-02 -1.12125172e-02
 -6.87046948e-03  1.44969002e-03  1.89399599e-03  1.81699926e-04
 -3.77045303e-03 -1.04227976e-03  1.19550653e-02  1.05956102e-02
  2.39283082e-03  1.03141706e-02 -1.14100033e-03  3.67263787e-03
  1.25723129e-02  1.27644157e-02 -5.34550715e-03  3.40976310e-03
  1.24964335e-03 -6.22581538e-03  1.06212065e-04 -1.38175987e-03
  1.02341416e-02  4.03879829e-03  2.94880234e-03  9.38510694e-03
  1.51755292e-02  1.94842614e-02  1.95051658e-02  1.73505826e-02
  1.75723371e-02  1.87247466e-02  1.92297134e-02  1.13968339e-02
  8.36813634e-03  1.32444914e-02  6.45216440e-03  5.46039303e-04
 -3.23423377e-03 -1.25254220e-02 -3.54304320e-03  6.10336965e-03
 -1.09248032e-03 -1.88411136e-03  2.91997033e-03  2.91997033e-03
  2.91997033e-03  2.91997033e-03  2.91997033e-03  2.91997033e-03
  2.91997033e-03  2.91997033e-03  2.91997033e-03  2.91997033e-03
  2.91997033e-03  2.91997033e-03  2.91997033e-03  2.91997033e-03
  2.91997033e-03  2.91997033e-03]",477202
1086501010,Sst-IRES-Cre,True,familiar,"[-0.00939583 -0.00839819 -0.00493937 -0.03455398 -0.02591062 -0.02980024
 -0.03932452 -0.04347154 -0.03766781 -0.04094551 -0.04155074 -0.02377591
  0.00581822  0.03109459  0.05332364  0.0708353   0.09597401  0.09604315
  0.05747832  0.03459577  0.0432281   0.01692338 -0.01441768  0.0040772
 -0.01494655 -0.02312037 -0.02544811 -0.02559586 -0.02638423 -0.03974462
 -0.03473065 -0.03696551 -0.04825786 -0.04309509 -0.04185827 -0.04435947
 -0.04158256 -0.04688784 -0.05899842 -0.06549407 -0.05351699 -0.05384059
 -0.06299314 -0.05014356 -0.06181    -0.05588707 -0.0539065  -0.05958626
 -0.05795231 -0.04425521 -0.05705368 -0.06166111 -0.05755547 -0.05318508
 -0.0532772  -0.04649419 -0.03203491 -0.00421646  0.01484187  0.02308739
  0.02665012  0.02982612  0.03816483  0.02260362 -0.00522945 -0.00814095
 -0.02437991 -0.02588752 -0.03716461 -0.03003558 -0.03017558 -0.0355415
 -0.04366979 -0.04294496 -0.04567587 -0.04567587 -0.04567587 -0.04567587
 -0.04567587 -0.04567587 -0.04567587 -0.04567587 -0.04567587 -0.04567587
 -0.04567587 -0.04567587 -0.04567587 -0.04567587 -0.04567587 -0.04567587]",477202
1086501010,Sst-IRES-Cre,True,novel,"[-0.00519258 -0.00473927 -0.00118765 -0.00434217 -0.00477817 -0.00159956
 -0.00734856 -0.00872311 -0.00162087 -0.00729308 -0.00309359  0.00130752
  0.00023325  0.00013675  0.00546235 -0.00298047  0.00289146  0.01348372
  0.00441701  0.00723676  0.00085797  0.01224389  0.00584233  0.00391609
  0.00330527 -0.00042429  0.00357235  0.00019545 -0.00458411 -0.00719468
 -0.01521745 -0.01413488 -0.00582954 -0.01018448 -0.01043535 -0.01002257
 -0.01231686 -0.00894609 -0.00916225 -0.01866909 -0.01356654 -0.01137644
 -0.00780188 -0.00476324 -0.01056697 -0.00871556 -0.01202369 -0.01714884
 -0.00749582 -0.00905729 -0.01259935 -0.01321943 -0.01600559 -0.01123514
 -0.01006983 -0.00803201 -0.00373664  0.00212561  0.00211364  0.00186652
  0.00629355  0.01047497  0.01071399 -0.00293152  0.00411759  0.00197652
 -0.01105077  0.0003707   0.00854282 -0.00435982  0.0053546  -0.00806633
  0.00197815  0.00333329 -0.00441364 -0.00441364 -0.00441364 -0.00441364
 -0.00441364 -0.00441364 -0.00441364 -0.00441364 -0.00441364 -0.00441364
 -0.00441364 -0.00441364 -0.00441364 -0.00441364 -0.00441364 -0.00441364]",477202
1086501038,Vip-IRES-Cre,False,familiar,"[-7.49903790e-03 -7.72381017e-03 -9.89748239e-03 -1.00802067e-02
 -8.08492451e-03 -3.12581934e-03  4.92466752e-03  7.73878358e-03
  1.20866166e-02  1.54115591e-02  1.63927053e-02  1.55492260e-02
  3.72562065e-03  6.04901782e-03  6.12853099e-03  1.25247852e-03
 -5.70139622e-03 -1.11371551e-04 -7.01643491e-03  4.49534937e-03
 -4.86094960e-03 -1.66764802e-05 -5.42513742e-03 -5.02385503e-03
 -9.72392705e-03 -1.12395116e-02  3.28786735e-04 -3.76017362e-05
  9.08115007e-04  5.76685374e-04  6.78830835e-03  8.15231503e-03
  9.04934976e-03  1.09894698e-02  7.47472721e-03  4.08053031e-04
  3.20851742e-03  3.48028531e-03  1.58301494e-03  4.29098106e-04
 -1.80088465e-03 -5.84377994e-03 -6.27489733e-03 -7.64547761e-03
 -7.28092111e-03 -9.25097581e-03 -7.49638481e-03 -7.85754998e-03
 -6.29848728e-03 -9.59377261e-03 -1.00111945e-02 -1.01864897e-02
 -6.07005506e-03 -1.01749494e-03 -2.58585337e-03 -5.20823482e-03
 -3.89066814e-03 -6.00397473e-03 -7.28456234e-03 -1.05357436e-02
 -1.73039689e-03 -3.54502089e-03 -6.65865319e-03 -6.29404536e-03
 -6.71127406e-03 -1.27715840e-02 -1.09649218e-02 -1.14101916e-02
 -1.13369330e-02 -2.20554829e-02 -2.14897709e-02 -1.25227462e-02
 -1.41497134e-02 -9.29808391e-03 -6.73789090e-03 -6.73789090e-03
 -6.73789090e-03 -6.73789090e-03 -6.73789090e-03 -6.73789090e-03
 -6.73789090e-03 -6.73789090e-03 -6.73789090e-03 -6.73789090e-03
 -6.73789090e-03 -6.73789090e-03 -6.73789090e-03 -6.73789090e-03
 -6.73789090e-03 -6.73789090e-03]",489066
1086501038,Vip-IRES-Cre,False,novel,"[-0.00156862 -0.00178796 -0.00449215 -0.00981673 -0.01179311 -0.00321677
 -0.00736856 -0.00427613 -0.00246734 -0.00128287 -0.00140747  0.00387648
  0.01211972  0.00804897  0.00948521  0.00615032  0.00844394  0.01394126
  0.01729512  0.02498922  0.01157956  0.00996805 -0.00257953  0.0004825
 -0.00839222 -0.01272868 -0.01687472 -0.01203518 -0.01458484 -0.00970744
 -0.01126262 -0.01436532 -0.00941565  0.00042211  0.01137091  0.01935804
  0.02703736  0.02996728  0.03320766  0.03464467  0.03168781  0.03156321
  0.02588595  0.02383297  0.01390542  0.00798125  0.00277733  0.00221202
 -0.01228726 -0.01597577 -0.01461232 -0.01896163 -0.02103831 -0.01756334
 -0.01671562 -0.01651088 -0.01494321 -0.01472513 -0.01684016 -0.01425462
 -0.00991386 -0.00402259  0.00052384 -0.00230257  0.00252619 -0.00438998
 -0.00958248 -0.00207003 -0.01080657 -0.01160124 -0.02315123 -0.01845933
 -0.02594238 -0.02624626 -0.02590978 -0.02590978 -0.02590978 -0.02590978
 -0.02590978 -0.02590978 -0.02590978 -0.02590978 -0.02590978 -0.02590978
 -0.02590978 -0.02590978 -0.02590978 -0.02590978 -0.02590978 -0.02590978]",489066
1086501038,Vip-IRES-Cre,True,familiar,"[ 0.00375937  0.00318158 -0.0016177   0.00227619  0.00510029  0.00900543
  0.00711361  0.0114833   0.01761589  0.02421276  0.02538054  0.02295096
  0.01782929  0.01026379  0.00722265  0.00290425  0.00122412  0.00131328
 -0.00591037  0.00164725 -0.00766823 -0.01109928 -0.01736724 -0.0143229
 -0.01797209 -0.01843026 -0.01835917 -0.02134782 -0.02303491 -0.01735457
 -0.00964286 -0.00986422 -0.00563861 -0.0024133   0.00653369  0.01457091
  0.01787504  0.02153048  0.0353442   0.04288575  0.04677649  0.05375112
  0.06436555  0.08069138  0.0969335   0.09593697  0.11456778  0.1329359
  0.14352301  0.15803946  0.17928074  0.19715859  0.22116898  0.23898858
  0.25048875  0.25776001  0.24692197  0.226522    0.20620709  0.19024142
  0.18024141  0.17392731  0.16997672  0.15794485  0.1480767   0.13232228
  0.12250064  0.10775773  0.09951507  0.09998535  0.09353275  0.09495623
  0.0906968   0.08023762  0.08291116  0.08291116  0.08291116  0.08291116
  0.08291116  0.08291116  0.08291116  0.08291116  0.08291116  0.08291116
  0.08291116  0.08291116  0.08291116  0.08291116  0.08291116  0.08291116]",489066
1086501038,Vip-IRES-Cre,True,novel,"[ 0.01432722  0.01432645  0.01379832  0.01019564  0.0083765   0.0067559
  0.00085878  0.00066695  0.00669422  0.00974769  0.00649708  0.00512162
  0.0034031   0.00022645  0.00462307  0.00086879  0.00265944  0.00570515
  0.00963815  0.01147615  0.00234693 -0.00299206 -0.0091027  -0.00668882
 -0.011704   -0.01526685 -0.02217568 -0.02664185 -0.02397561 -0.01976605
 -0.0289921  -0.02832394 -0.01956604 -0.01980484 -0.01922152 -0.01415192
 -0.01274552 -0.01362878 -0.01098747 -0.00543829  0.00421757  0.01666058
  0.01959953  0.02203559  0.02476079  0.04275592  0.04423033  0.0567484
  0.0663668   0.06949503  0.07884803  0.09457234  0.11042127  0.11337126
  0.12674742  0.1300753   0.12900405  0.13235962  0.12555302  0.12448886
  0.12308644  0.11863311  0.11855796  0.11426446  0.10648248  0.0968204
  0.08749779  0.07671454  0.06294259  0.06574596  0.04873162  0.04560442
  0.04055118  0.03841304  0.03502825  0.03502825  0.03502825  0.03502825
  0.03502825  0.03502825  0.03502825  0.03502825  0.03502825  0.03502825
  0.03502825  0.03502825  0.03502825  0.03502825  0.03502825  0.03502825]",489066
1086501072,Sst-IRES-Cre,False,familiar,"[-0.00247848 -0.00295179 -0.00724492 -0.0065878  -0.00748082 -0.01475393
 -0.01670337 -0.01084054 -0.01504145 -0.01994141 -0.01135683  0.00155315
  0.01139883  0.01343015  0.01882652  0.02705791  0.02683879  0.02975584
  0.02007582  0.01856692  0.00728681  0.00563768  0.00350565 -0.00139022
 -0.00861129 -0.00654441 -0.01478012 -0.00900879 -0.01280807 -0.01540984
 -0.01853399 -0.0216897  -0.0222818  -0.00772323  0.00648311  0.01750754
  0.02470916  0.03253085  0.03603054  0.03917348  0.03197544  0.02176406
  0.01525837  0.01245114  0.00561278  0.00243061  0.00081484 -0.00612412
 -0.01043712 -0.01370961 -0.02190493 -0.01448737 -0.02030319 -0.02232659
 -0.0178144  -0.00461319  0.01324912  0.03620661  0.05105637  0.06591677
  0.08248762  0.08256486  0.06889544  0.0550792   0.04899107  0.03201721
  0.02839191  0.02149194  0.01188204  0.00843424  0.00119851 -0.00335227
 -0.0072325  -0.0086972  -0.01644482 -0.01644482 -0.01644482 -0.01644482
 -0.01644482 -0.01644482 -0.01644482 -0.01644482 -0.01644482 -0.01644482
 -0.01644482 -0.01644482 -0.01644482 -0.01644482 -0.01644482 -0.01644482]",498972
1086501072,Sst-IRES-Cre,True,familiar,"[-0.01527299 -0.01468444 -0.01059111 -0.01974976 -0.02396992 -0.02505808
 -0.02742112 -0.02823397 -0.0337383  -0.03842593 -0.03474648 -0.01664095
 -0.00116239  0.01396493  0.02891274  0.04323312  0.0555833   0.05624406
  0.05307699  0.04175149  0.0276847   0.02104783  0.00991073  0.01058849
 -0.00362059 -0.00134226 -0.00905532 -0.0160725  -0.01928224 -0.02293001
 -0.02554893 -0.02631949 -0.02559877 -0.02748984 -0.02962759 -0.03208757
 -0.035332   -0.03481082 -0.03788057 -0.04272074 -0.04542753 -0.04458293
 -0.04670751 -0.04602377 -0.04284    -0.0442809  -0.05025787 -0.04137583
 -0.04436478 -0.04430728 -0.04985013 -0.04746143 -0.04540015 -0.04363636
 -0.04687012 -0.04346511 -0.02759567 -0.01468182 -0.00921938 -0.00265898
 -0.00058776  0.00895518  0.0103848   0.00570274 -0.00218441 -0.00930655
 -0.01274302 -0.01426916 -0.01849259 -0.02797983 -0.02738249 -0.02401084
 -0.02488774 -0.03202743 -0.03309492 -0.03309492 -0.03309492 -0.03309492
 -0.03309492 -0.03309492 -0.03309492 -0.03309492 -0.03309492 -0.03309492
 -0.03309492 -0.03309492 -0.03309492 -0.03309492 -0.03309492 -0.03309492]",498972
1086501106,Sst-IRES-Cre,False,familiar,"[-0.00124763 -0.00174998 -0.00920373 -0.02507794 -0.01728155 -0.01832379
 -0.0171916  -0.02544586 -0.03596851 -0.03748889 -0.018038    0.00553542
  0.01191534  0.03026481  0.04195421  0.03718753  0.03835861  0.04403852
  0.03518086  0.02794742  0.0215007   0.0079384   0.00330954 -0.01281517
 -0.00926366 -0.00915186 -0.0101051  -0.00832861 -0.02192829 -0.02652116
 -0.02709314 -0.02396446 -0.01704359 -0.00058764  0.02033837  0.03681385
  0.04214659  0.04571327  0.05547729  0.04821765  0.03460487  0.02341804
  0.00872636 -0.00824949 -0.02312195 -0.02607347 -0.03074748 -0.03520794
 -0.03724098 -0.04067193 -0.03485897 -0.04204656 -0.04536972 -0.04344381
 -0.03681387 -0.0225523   0.0004291   0.0042168   0.00695166  0.01811369
  0.02223843  0.03349942  0.03074643  0.02496347  0.00848031  0.00117366
 -0.00502171 -0.00678866 -0.01154944 -0.0167272  -0.01759564 -0.0254321
 -0.02251696 -0.01900351 -0.02392176 -0.02392176 -0.02392176 -0.02392176
 -0.02392176 -0.02392176 -0.02392176 -0.02392176 -0.02392176 -0.02392176
 -0.02392176 -0.02392176 -0.02392176 -0.02392176 -0.02392176 -0.02392176]",477202
1086501106,Sst-IRES-Cre,True,familiar,"[-0.01316575 -0.01383668 -0.01912257 -0.0154785  -0.01865152 -0.02661502
 -0.02487418 -0.02065396 -0.02175203 -0.03192917 -0.03025575 -0.00381259
  0.01278895  0.02468668  0.03192851  0.03708664  0.03779885  0.04920405
  0.04872661  0.02730862  0.02143554  0.01455419  0.01209371 -0.00502853
  0.00149237 -0.01324664 -0.00886665 -0.01168176 -0.01812972 -0.02200367
 -0.0278331  -0.02490145 -0.0263857  -0.02815785 -0.0301714  -0.03958504
 -0.03854983 -0.03552238 -0.03478414 -0.04460946 -0.04717503 -0.04462881
 -0.04184673 -0.04256852 -0.04311315 -0.03967913 -0.04193645 -0.04469089
 -0.04164448 -0.04046772 -0.04108449 -0.05185477 -0.04773722 -0.053012
 -0.05345572 -0.03441049 -0.01330675  0.00506119  0.01016507  0.01117068
  0.01524836  0.01762363  0.01677284  0.00191569 -0.00173064 -0.00016207
 -0.00678084 -0.007327   -0.02794713 -0.03234113 -0.03021951 -0.03265556
 -0.03838002 -0.04433733 -0.04437108 -0.04437108 -0.04437108 -0.04437108
 -0.04437108 -0.04437108 -0.04437108 -0.04437108 -0.04437108 -0.04437108
 -0.04437108 -0.04437108 -0.04437108 -0.04437108 -0.04437108 -0.04437108]",477202
1086501134,Vip-IRES-Cre,False,familiar,"[-0.00549921 -0.00473553  0.00292439  0.00605433  0.00376827 -0.00110312
 -0.00124346  0.00051231  0.00505711  0.00563185  0.00090982 -0.00128165
 -0.00357417 -0.0037619  -0.00337034 -0.00487485 -0.00022748 -0.00285959
 -0.00351522  0.00247661  0.00771335 -0.00746646 -0.00586454 -0.00155751
 -0.00451398  0.00468396  0.00170392  0.00279273  0.00564628  0.00557406
  0.00808969  0.00336903  0.00472643  0.0053104   0.00193759 -0.00027978
 -0.00317528 -0.00491651 -0.00183535  0.00237446  0.00092865 -0.00282639
  0.00595339  0.00360753  0.00203883  0.00402585  0.00254155  0.00168251
  0.00493563  0.004712    0.00164599  0.00253526  0.00421726  0.00797887
  0.00056258 -0.00343098 -0.00612648 -0.00894478 -0.01098669 -0.0140998
 -0.0154435  -0.01235354 -0.00974862 -0.01170471 -0.00973896 -0.0113138
 -0.00833641 -0.01433929 -0.00857236 -0.00464253 -0.00292723 -0.0062668
 -0.00844659 -0.00488593 -0.00053747 -0.00053747 -0.00053747 -0.00053747
 -0.00053747 -0.00053747 -0.00053747 -0.00053747 -0.00053747 -0.00053747
 -0.00053747 -0.00053747 -0.00053747 -0.00053747 -0.00053747 -0.00053747]",489066
1086501134,Vip-IRES-Cre,False,novel,"[ 0.00525424  0.00618641  0.01404042  0.00951385  0.00989843  0.01162206
  0.00810837  0.00739466  0.00932372  0.01078596  0.00225489 -0.00562301
 -0.00607837 -0.00228348 -0.00123698  0.00105273 -0.00420998 -0.01043961
 -0.01123037 -0.00309985 -0.00145027  0.00230317 -0.00544453 -0.01152777
 -0.0071203  -0.00861587 -0.0082166  -0.00447657 -0.00052926 -0.0061561
 -0.00787201 -0.0081486  -0.00494068 -0.00793427 -0.00909229 -0.00269893
  0.00262949  0.0094052   0.01598064  0.02197728  0.0292379   0.02755487
  0.0288973   0.02771945  0.02771928  0.02707027  0.0259416   0.02696335
  0.02075555  0.01674589  0.0187229   0.01505321  0.01119394  0.01173076
  0.00840489  0.00525251  0.00237515  0.00127897  0.00610596  0.00534576
  0.0099946   0.02036189  0.01683305  0.01490634  0.01624798  0.03011661
  0.01478957  0.02658614  0.02056358  0.01510075  0.02382537  0.01951265
  0.01075724  0.01335227  0.00653371  0.00653371  0.00653371  0.00653371
  0.00653371  0.00653371  0.00653371  0.00653371  0.00653371  0.00653371
  0.00653371  0.00653371  0.00653371  0.00653371  0.00653371  0.00653371]",489066
1086501134,Vip-IRES-Cre,True,familiar,"[-0.00442635 -0.00384737  0.00157823  0.00168395  0.00146125  0.00173896
  0.00332421  0.0071663   0.00729449  0.00714195  0.00555353  0.00645631
  0.00192535 -0.00179213 -0.00393351 -0.00185644 -0.00174924 -0.00145174
 -0.00248311 -0.00470989 -0.00276286 -0.00038453 -0.00948918 -0.00055922
 -0.00493947 -0.00035765  0.00025236  0.00165681 -0.00214341 -0.0003476
  0.00367833 -0.00050458  0.00298247  0.00484574  0.0050792   0.00279117
  0.00551731  0.01132719  0.00923701  0.01715227  0.01506264  0.02065218
  0.02012298  0.02136933  0.0267503   0.02635838  0.03335979  0.03258083
  0.0337014   0.03544396  0.03312888  0.03684446  0.04170591  0.04119677
  0.03705533  0.03312551  0.03229778  0.02976794  0.01914011  0.01851421
  0.02095815  0.02205289  0.01568102  0.01437741  0.01673055  0.02317975
  0.01104486  0.00884426  0.00939541  0.01203982  0.0114963   0.01516161
  0.01348998  0.01247843  0.01680092  0.01680092  0.01680092  0.01680092
  0.01680092  0.01680092  0.01680092  0.01680092  0.01680092  0.01680092
  0.01680092  0.01680092  0.01680092  0.01680092  0.01680092  0.01680092]",489066
1086501134,Vip-IRES-Cre,True,novel,"[ 0.00333732  0.0031998   0.00177764  0.00152059  0.00399302  0.00246755
  0.00068674 -0.00490483 -0.00014872  0.00211278 -0.00263554 -0.00382443
 -0.00177382 -0.007059   -0.01040307 -0.00093709  0.00294407 -0.00177175
 -0.00143685 -0.0012611   0.00863786  0.00183126 -0.00609108 -0.00066114
 -0.00066085  0.00419649  0.00153278  0.00369138  0.0020901  -0.00045012
 -0.00633926 -0.00512857 -0.00366004 -0.00057121 -0.00046887 -0.00339847
 -0.00363011 -0.00087603 -0.00150861  0.00514645  0.00436583  0.00337166
  0.01058333  0.01618143  0.02165644  0.0271298   0.02742087  0.02319318
  0.03134407  0.03496959  0.03568103  0.03781992  0.04008468  0.04685468
  0.04592387  0.04278671  0.03954806  0.04144697  0.04193717  0.03925164
  0.04095166  0.04197687  0.03852743  0.03626378  0.03365414  0.03281897
  0.02836228  0.02880003  0.02734481  0.01501879  0.01781091  0.02179594
  0.01791256  0.01880535  0.01367089  0.01367089  0.01367089  0.01367089
  0.01367089  0.01367089  0.01367089  0.01367089  0.01367089  0.01367089
  0.01367089  0.01367089  0.01367089  0.01367089  0.01367089  0.01367089]",489066
1086501226,Vip-IRES-Cre,False,familiar,"[-1.11834011e-03 -5.89637021e-04  4.35654145e-03  4.01853074e-03
  1.52265392e-03 -2.58285981e-04 -8.90139612e-04  2.77575848e-03
  8.84842541e-03  5.88821444e-03  1.62671465e-03  1.43106808e-03
 -8.14663099e-04 -2.69454844e-03 -2.23151293e-03 -2.17513068e-03
  1.20656886e-03 -2.39960671e-03 -1.09809115e-03  5.44137173e-04
 -6.19012472e-03 -7.42908078e-03 -3.34416280e-03 -9.91265537e-03
 -3.02266256e-03 -4.94338923e-04  6.40053411e-03  1.33316813e-03
  1.87730489e-03  2.83336054e-03  5.55346010e-03  7.48847785e-03
  4.80633948e-03  7.20826700e-03  1.22738980e-02  8.98138585e-03
  8.13080870e-03  2.25730851e-03  7.05190575e-03  8.98325623e-03
  1.06060691e-02  1.16555114e-02  1.03177804e-02  1.65773293e-02
  7.16298548e-03  7.98716670e-03  1.17623998e-02  4.01383048e-03
  2.60494581e-03  5.19597294e-03  7.36496900e-03  7.70484267e-03
  1.11352891e-02  1.41936154e-02  9.26939674e-03  3.21977514e-03
  1.97441874e-03  1.33559576e-03  7.61126759e-05  1.13652954e-03
  1.21469970e-03  4.46805783e-05 -3.31398804e-04  5.50231583e-03
 -5.67410809e-04 -3.04721065e-03 -3.66561342e-03 -1.20943594e-02
 -6.08417179e-03 -2.97150051e-03 -1.30538653e-02 -9.42868079e-03
 -8.42102583e-03 -3.65052121e-03  2.17618446e-03  2.17618446e-03
  2.17618446e-03  2.17618446e-03  2.17618446e-03  2.17618446e-03
  2.17618446e-03  2.17618446e-03  2.17618446e-03  2.17618446e-03
  2.17618446e-03  2.17618446e-03  2.17618446e-03  2.17618446e-03
  2.17618446e-03  2.17618446e-03]",489066
1086501226,Vip-IRES-Cre,False,novel,"[ 9.35603811e-04  1.27654468e-03  4.66436462e-03  4.13878783e-03
 -3.12702809e-03  2.71537868e-03  2.69781253e-03  5.64631996e-03
  5.15377185e-03 -2.42701947e-04 -2.58749683e-03 -3.50334196e-03
  2.32688705e-03  3.97180994e-03  8.50587042e-05  1.65992697e-03
  8.62556766e-03  1.32061463e-02  1.32079523e-02  7.79820246e-03
  6.13982821e-03  5.22133015e-05 -5.10034326e-03 -5.30160307e-03
 -7.61713949e-03 -6.13849998e-03 -1.28938762e-02 -1.59931972e-02
 -1.01757524e-02 -1.16211964e-02 -7.32046566e-03 -1.22408877e-02
 -1.51962011e-02 -8.97550114e-03  3.40822768e-03  1.18790493e-02
  1.85334181e-02  2.63004715e-02  2.92615534e-02  3.10456188e-02
  3.77081387e-02  3.33345445e-02  4.47432994e-02  3.13616536e-02
  3.15314632e-02  2.63046398e-02  2.19604382e-02  1.43113668e-02
  7.67257243e-03  6.17712295e-03  7.54614338e-03  3.94042982e-03
  5.11460592e-03  5.15796346e-03  4.55749536e-03  3.55457302e-03
  5.60700084e-03  6.06824451e-03  9.86920315e-03  1.66575921e-02
  2.32669137e-02  2.55967746e-02  2.78429181e-02  2.93611227e-02
  2.91898547e-02  2.93309114e-02  2.28511491e-02  2.40911357e-02
  1.91705198e-02  1.39727642e-02  1.63020876e-02  1.62643155e-02
  9.92067048e-03  7.84806871e-03  8.34490210e-03  8.34490210e-03
  8.34490210e-03  8.34490210e-03  8.34490210e-03  8.34490210e-03
  8.34490210e-03  8.34490210e-03  8.34490210e-03  8.34490210e-03
  8.34490210e-03  8.34490210e-03  8.34490210e-03  8.34490210e-03
  8.34490210e-03  8.34490210e-03]",489066
1086501226,Vip-IRES-Cre,True,familiar,"[ 0.00556993  0.00511592  0.00126494  0.00478933  0.00914915  0.00840396
  0.01204047  0.007847    0.0127034   0.01399587  0.01446491  0.01018716
  0.00169759 -0.00160416 -0.00285922 -0.00350064 -0.00492669 -0.00482084
 -0.00596412 -0.00261308 -0.00669161 -0.00249443 -0.0049192  -0.01053575
 -0.0129718  -0.00310215 -0.00923533 -0.01306494 -0.01069059 -0.00723506
  0.00012383  0.00234847  0.00494988  0.01033086  0.00484969  0.00283097
  0.01201366  0.01338453  0.01519341  0.02908769  0.03314566  0.03378083
  0.03447633  0.03609161  0.04910257  0.04749691  0.05281236  0.06145013
  0.05982884  0.05846509  0.06899459  0.07798784  0.08637525  0.08467153
  0.09333749  0.09047039  0.0788033   0.07262828  0.06533898  0.06143363
  0.05847548  0.04908372  0.05057983  0.0493031   0.04231677  0.0399993
  0.03286728  0.02808224  0.03576652  0.02971426  0.02804964  0.03011016
  0.03447435  0.02738732  0.03099364  0.03099364  0.03099364  0.03099364
  0.03099364  0.03099364  0.03099364  0.03099364  0.03099364  0.03099364
  0.03099364  0.03099364  0.03099364  0.03099364  0.03099364  0.03099364]",489066
1086501226,Vip-IRES-Cre,True,novel,"[ 0.00815742  0.00786074  0.0050881   0.00499873  0.00468064  0.00174117
  0.00240418  0.00160221  0.00272517  0.00299884  0.00340299 -0.00134215
 -0.00030017  0.00010491  0.00148832  0.00202984  0.00781744  0.00918344
  0.00691545  0.00806603  0.00029463  0.0094304   0.00238298 -0.00376215
 -0.00856943 -0.00739545 -0.01559414 -0.01904188 -0.02062167 -0.01674655
 -0.01805034 -0.02042627 -0.01934839 -0.01370508 -0.01186747 -0.01463593
 -0.012997   -0.00576743  0.00020803 -0.00235771  0.00319052  0.00971746
  0.02020844  0.01379302  0.02764908  0.01640749  0.02178622  0.02975408
  0.02870162  0.03347235  0.03113619  0.03398634  0.03286409  0.04247585
  0.03630247  0.04183635  0.04196667  0.05114672  0.05262751  0.05069491
  0.05764801  0.05181657  0.04805635  0.05238124  0.05101162  0.04644086
  0.04682904  0.03688697  0.03021715  0.0183507   0.01827176  0.01255297
  0.00937076  0.00698041  0.0075732   0.0075732   0.0075732   0.0075732
  0.0075732   0.0075732   0.0075732   0.0075732   0.0075732   0.0075732
  0.0075732   0.0075732   0.0075732   0.0075732   0.0075732   0.0075732 ]",489066
1086501262,Sst-IRES-Cre,False,familiar,"[-0.00513353 -0.00430881  0.00219103 -0.00574427 -0.01004925 -0.00790585
 -0.00476202 -0.00304639 -0.00733192 -0.00098949  0.00181247  0.00069382
  0.00240259  0.00719684  0.00440738  0.01440128  0.01749724  0.0106223
  0.0066585   0.00900148  0.00779877 -0.00509733  0.00205419 -0.007741
 -0.00291985 -0.00319834 -0.00171454 -0.00284328 -0.00858168 -0.00537035
 -0.00318134 -0.00685318 -0.00182678  0.01176197  0.01978784  0.02121448
  0.02706054  0.03670493  0.03268871  0.03335671  0.02808049  0.01865732
  0.01505207  0.00601545  0.00424948  0.00433293  0.0062077   0.00122048
  0.0017229  -0.00141865  0.00312462  0.00282172 -0.00506359 -0.00738346
  0.00067937  0.00612363  0.01628171  0.02115116  0.02363678  0.03205195
  0.03205997  0.03290306  0.03223952  0.02180162  0.01795557  0.01080238
  0.00573565  0.0035484  -0.00199756 -0.00156127  0.00473269  0.00328858
 -0.00565002 -0.00447243 -0.00179824 -0.00179824 -0.00179824 -0.00179824
 -0.00179824 -0.00179824 -0.00179824 -0.00179824 -0.00179824 -0.00179824
 -0.00179824 -0.00179824 -0.00179824 -0.00179824 -0.00179824 -0.00179824]",498972
1086501262,Sst-IRES-Cre,True,familiar,"[-0.00900908 -0.00923642 -0.0108928  -0.00763127 -0.00551671 -0.00728124
 -0.00956774 -0.01104495 -0.01155196 -0.01485809 -0.0146511  -0.0042379
  0.00704655  0.01556649  0.01622811  0.01855001  0.01850768  0.01705881
  0.0204966   0.01630165  0.01183936  0.00300126  0.00115953 -0.00529882
  0.00527446 -0.00486134  0.00236223 -0.00763647 -0.00908914 -0.0110277
 -0.01140683 -0.00939148 -0.00613301 -0.01040967 -0.01009192 -0.00901871
 -0.00764005 -0.01325843 -0.00914294 -0.0097508  -0.01172939 -0.01677445
 -0.01893749 -0.02046637 -0.01140783 -0.01573618 -0.01638188 -0.01555897
 -0.01395455 -0.01575293 -0.01569449 -0.0179181  -0.01779329 -0.01978856
 -0.01367929 -0.01359118 -0.0023529   0.00367025  0.0025658   0.00684009
  0.01265937  0.0152474   0.0085347   0.00527222  0.00488577 -0.00087552
 -0.00287035 -0.00757633 -0.00568685 -0.01291004 -0.00905489 -0.01375135
 -0.00947089 -0.01030106 -0.00904008 -0.00904008 -0.00904008 -0.00904008
 -0.00904008 -0.00904008 -0.00904008 -0.00904008 -0.00904008 -0.00904008
 -0.00904008 -0.00904008 -0.00904008 -0.00904008 -0.00904008 -0.00904008]",498972
1086501280,Vip-IRES-Cre,False,familiar,"[ 0.00312399  0.00327567  0.00418225  0.00109828  0.00271062  0.0078088
  0.00704641  0.00670407  0.01154209  0.00699261  0.00012823  0.00292172
  0.00095684 -0.00394169 -0.00680997 -0.00079306 -0.00217753 -0.00151497
 -0.00166117 -0.00706331 -0.00707782 -0.00703966 -0.00543397 -0.00916444
 -0.0030777  -0.00504184 -0.00196083 -0.00018007  0.00207079  0.00237568
  0.00435651  0.00759636  0.00392534 -0.00124308 -0.00138055 -0.00357655
 -0.00485047 -0.00444445  0.0020948   0.00875371  0.00669296  0.01317924
  0.01010555  0.00341561  0.00694762  0.00651194  0.01083112  0.00300282
  0.00675946  0.00408677  0.00066226 -0.00149289 -0.00490072 -0.00378066
 -0.00759159 -0.00832235 -0.01519772 -0.0161907  -0.01933566 -0.02067147
 -0.02108478 -0.02706846 -0.023009   -0.01591222 -0.01621363 -0.01837243
 -0.01890471 -0.01561316 -0.01044013 -0.00921083 -0.00951743 -0.00994664
 -0.00668577 -0.0065602  -0.01424333 -0.01424333 -0.01424333 -0.01424333
 -0.01424333 -0.01424333 -0.01424333 -0.01424333 -0.01424333 -0.01424333
 -0.01424333 -0.01424333 -0.01424333 -0.01424333 -0.01424333 -0.01424333]",489066
1086501280,Vip-IRES-Cre,False,novel,"[ 1.91996835e-02  1.78378471e-02  5.31560544e-03  6.58874941e-03
  1.13363014e-02  9.49522008e-03  5.88345223e-03 -1.04018824e-03
  5.65575933e-05 -5.94560450e-03 -9.11464191e-03 -7.78489532e-03
 -6.44449801e-03 -3.66171282e-03 -6.44051846e-03 -1.03102683e-02
 -4.08152377e-03 -2.20780044e-03  3.76955066e-03  7.29414045e-03
  7.13161535e-03  6.38654623e-03 -6.44380092e-04 -4.21674825e-03
 -1.51957841e-03  8.79027687e-04 -5.19589128e-03 -9.20560013e-03
 -1.09298735e-02 -1.24305738e-02 -7.41173794e-03 -1.21358906e-02
 -1.39793578e-02 -1.42947941e-02 -1.08409482e-02 -5.71179098e-04
  3.91683262e-03  1.19244334e-02  1.49826848e-02  2.31026483e-02
  3.09576620e-02  3.89259353e-02  4.22848981e-02  4.17218934e-02
  3.41465465e-02  2.24451606e-02  2.38064056e-02  1.74361815e-02
  1.46926661e-02  1.25523774e-02  4.39033369e-03  1.50840137e-04
 -1.03382754e-03  3.82455484e-03 -2.88088788e-03 -4.95949646e-03
  8.99174303e-04  3.78934763e-03  9.04680387e-03  7.45511533e-03
  6.08393778e-03  1.57569622e-02  2.15941093e-02  2.56266755e-02
  3.03558715e-02  3.94758818e-02  3.80370633e-02  3.28723003e-02
  2.59203457e-02  2.41838505e-02  1.73591046e-02  1.17791622e-02
  5.14094172e-03  1.00025134e-02  8.13776970e-03  8.13776970e-03
  8.13776970e-03  8.13776970e-03  8.13776970e-03  8.13776970e-03
  8.13776970e-03  8.13776970e-03  8.13776970e-03  8.13776970e-03
  8.13776970e-03  8.13776970e-03  8.13776970e-03  8.13776970e-03
  8.13776970e-03  8.13776970e-03]",489066
1086501280,Vip-IRES-Cre,True,familiar,"[ 0.00933654  0.00885049  0.00574595  0.01410401  0.01422425  0.01911157
  0.01407858  0.01227355  0.01574511  0.01668699  0.00612398  0.0032323
  0.00222012 -0.00437158 -0.0079562  -0.00732719 -0.00895561 -0.01346816
 -0.00554211 -0.00163055 -0.00687553 -0.00986783 -0.00450779 -0.01238067
 -0.01006721 -0.00975699 -0.00603302 -0.00954121 -0.01399197 -0.00945981
 -0.00398255 -0.0022722  -0.0073885  -0.00593495 -0.00183504  0.00064108
  0.00143785  0.00386812  0.00639363  0.01555074  0.02382937  0.01747075
  0.02434161  0.02549841  0.03382505  0.04192094  0.03446842  0.0473658
  0.04416265  0.0483535   0.06071525  0.06924415  0.0692132   0.07819244
  0.08141177  0.07161587  0.06207105  0.05811262  0.05310068  0.04689364
  0.03844655  0.03561557  0.03512735  0.04115982  0.0409611   0.03503397
  0.03871961  0.02639868  0.03291568  0.02686595  0.03416517  0.03358137
  0.03177955  0.03345437  0.03614274  0.03614274  0.03614274  0.03614274
  0.03614274  0.03614274  0.03614274  0.03614274  0.03614274  0.03614274
  0.03614274  0.03614274  0.03614274  0.03614274  0.03614274  0.03614274]",489066
1086501280,Vip-IRES-Cre,True,novel,"[ 0.01304285  0.01336882  0.01580757  0.01020543  0.00089529 -0.00074785
 -0.00664692 -0.00095441  0.00072156 -0.00144666 -0.0066386  -0.00950981
 -0.00505399 -0.00408132 -0.0047029  -0.00457306 -0.00350926  0.00366098
  0.00220996  0.00695425  0.00740732  0.01085119  0.00252377  0.00471502
  0.00596671 -0.00062448 -0.0060516  -0.01511793 -0.01253583 -0.0161361
 -0.01394208 -0.01766809 -0.01604471 -0.01643439 -0.01882467 -0.01996697
 -0.01934461 -0.01509343 -0.01619511 -0.01734162 -0.01977915 -0.01692583
 -0.01222223 -0.00629539 -0.01007802 -0.00477051  0.00229871  0.00054063
 -0.00699936 -0.0035039   0.00251603  0.00728695  0.01610372  0.01473404
  0.00917402  0.01477273  0.02084822  0.02493771  0.02722328  0.02515756
  0.02521602  0.02587116  0.02774483  0.03349058  0.0363675   0.03300927
  0.03084125  0.02103436  0.0168876   0.01502485  0.01181182  0.00080445
 -0.00221708  0.00607024  0.00025484  0.00025484  0.00025484  0.00025484
  0.00025484  0.00025484  0.00025484  0.00025484  0.00025484  0.00025484
  0.00025484  0.00025484  0.00025484  0.00025484  0.00025484  0.00025484]",489066
1086501360,Sst-IRES-Cre,False,familiar,"[ 0.00941684  0.00862623  0.00267941  0.00900821  0.00125127  0.00411489
  0.00083083 -0.00148076  0.0008003  -0.00440264 -0.00479583 -0.00396173
 -0.0066615  -0.00481748 -0.00080047  0.00180317 -0.00202631 -0.00334196
 -0.00528315 -0.00161593 -0.00225976  0.00111537 -0.00443334  0.00331071
 -0.00145223  0.00368952  0.0010199   0.00261054  0.00410613 -0.00705023
 -0.01014826 -0.00874573 -0.00832828 -0.0093563  -0.00513037  0.00280398
  0.00137969  0.00255735  0.00500207 -0.00026207 -0.00012208  0.00112903
 -0.00609968 -0.00624007 -0.00296137 -0.00193086 -0.01176706 -0.00579571
 -0.01238145 -0.00874598 -0.0086401  -0.01382291 -0.01340559 -0.01123591
 -0.00781164 -0.00234233 -0.00910372 -0.00508077 -0.00155071 -0.0102388
 -0.00755451 -0.00610767 -0.00756603 -0.01137233 -0.00785517 -0.009484
 -0.00789843 -0.01473616 -0.01505633 -0.01333961 -0.00641567 -0.01481721
 -0.0123818  -0.01345158 -0.00879173 -0.00879173 -0.00879173 -0.00879173
 -0.00879173 -0.00879173 -0.00879173 -0.00879173 -0.00879173 -0.00879173
 -0.00879173 -0.00879173 -0.00879173 -0.00879173 -0.00879173 -0.00879173]",498972
1086501360,Sst-IRES-Cre,True,familiar,"[ 8.63053845e-03  8.32105869e-03  4.69286111e-03  5.72281534e-04
  3.46113830e-03  3.41857737e-03  4.52904064e-04  2.77288367e-03
  2.75331126e-03 -1.39596756e-03  1.15245629e-03  1.11183928e-03
  1.45416802e-03  3.04857360e-03  1.40625461e-03 -1.23281276e-04
  5.45229263e-03  2.41263795e-03 -3.03935016e-03  2.70818815e-04
 -4.49762699e-03 -5.75085959e-04 -2.45717887e-03 -6.10846955e-03
 -9.49963493e-03 -9.77317915e-03 -7.08768221e-03 -2.17293402e-03
 -5.16222570e-03  5.08020728e-04  6.86294385e-04  3.08783376e-03
  3.48023721e-03 -3.25778388e-05 -4.70038648e-03 -6.02305329e-04
  1.56107639e-03  4.94395014e-03  6.75944692e-03  5.16730183e-03
  1.15337896e-02  5.58363160e-03  4.24937546e-03  3.79065070e-03
  1.16641942e-02  1.51826225e-02  1.91730775e-02  1.69534753e-02
  2.72176609e-02  1.85410189e-02  1.76449105e-02  1.79911068e-02
  1.89701073e-02  2.03256046e-02  2.25019627e-02  1.56734866e-02
  1.27401936e-02  1.23093963e-02  8.63856872e-03  1.02749754e-02
  1.25814565e-02  1.21089986e-02  1.29374371e-02  7.16091376e-03
  9.01631793e-03  7.59319798e-03  8.73577877e-03  6.47479336e-03
  2.69316067e-03 -7.73976343e-04  2.05827466e-03  1.16320109e-02
  9.64610558e-03  5.43650224e-03  8.47130063e-03  8.47130063e-03
  8.47130063e-03  8.47130063e-03  8.47130063e-03  8.47130063e-03
  8.47130063e-03  8.47130063e-03  8.47130063e-03  8.47130063e-03
  8.47130063e-03  8.47130063e-03  8.47130063e-03  8.47130063e-03
  8.47130063e-03  8.47130063e-03]",498972
1086501383,Vip-IRES-Cre,False,novel,"[-0.0020142  -0.00215648 -0.00449918 -0.01053398 -0.00864041 -0.0052732
 -0.00270793 -0.00091535  0.00216487  0.0048513   0.00426728  0.00716047
  0.00950712  0.00837781  0.01509428  0.02206938  0.02632017  0.03711411
  0.03282909  0.02003053  0.00588081  0.00041909 -0.00905722 -0.01055351
 -0.01633355 -0.0177944  -0.02288858 -0.02704215 -0.02818534 -0.02749082
 -0.0209743  -0.01556314 -0.00763144  0.00055244  0.00951494  0.02774294
  0.05235785  0.07846521  0.11006326  0.12157208  0.12488503  0.11897077
  0.11026213  0.10080843  0.08857843  0.08640495  0.07778981  0.06799442
  0.05671016  0.05472156  0.05325665  0.04700166  0.04188605  0.04552959
  0.04810992  0.04664015  0.05232466  0.06310251  0.07483066  0.08708035
  0.10657518  0.11847019  0.11771079  0.10459621  0.09039954  0.08793771
  0.08021563  0.06747727  0.05915422  0.05172042  0.05054972  0.04098542
  0.04042034  0.04249581  0.04105123  0.04105123  0.04105123  0.04105123
  0.04105123  0.04105123  0.04105123  0.04105123  0.04105123  0.04105123
  0.04105123  0.04105123  0.04105123  0.04105123  0.04105123  0.04105123]",489066
1086501383,Vip-IRES-Cre,True,novel,"[ 0.01553332  0.01479428  0.00777378  0.00539821 -0.00082357 -0.00466889
 -0.00211222 -0.00545811 -0.00563111 -0.00673897 -0.00661195 -0.00487701
  0.00048258  0.00408507  0.00592945  0.01549988  0.02822976  0.04302142
  0.04042424  0.03084774  0.02088856  0.00519722 -0.00442359 -0.0109008
 -0.0235799  -0.02706513 -0.03485085 -0.03434382 -0.03496968 -0.03104992
 -0.03809026 -0.0348698  -0.03271385 -0.03157384 -0.02457388 -0.01487792
 -0.00844076 -0.00585237  0.00210591  0.0110741   0.0248853   0.03630741
  0.04636326  0.06162868  0.07816443  0.09689771  0.10893875  0.12576759
  0.13158275  0.14212132  0.16277775  0.18274503  0.19969502  0.2092214
  0.22251696  0.23128565  0.23908726  0.23849116  0.23676039  0.24270507
  0.25620399  0.27124096  0.26975627  0.25720378  0.2304683   0.19980449
  0.18297213  0.1624613   0.14494494  0.12729571  0.11051319  0.10863802
  0.1006453   0.09366389  0.08721622  0.08721622  0.08721622  0.08721622
  0.08721622  0.08721622  0.08721622  0.08721622  0.08721622  0.08721622
  0.08721622  0.08721622  0.08721622  0.08721622  0.08721622  0.08721622]",489066
1086501454,Vip-IRES-Cre,False,familiar,"[ 2.65347998e-03  3.92728817e-03  1.38335954e-02  2.84899178e-03
  6.44155264e-03  4.23982816e-03  6.14130110e-03  1.85383548e-03
  5.17878461e-03  4.11148905e-03  3.71927407e-03  2.47455540e-03
  1.64061843e-03 -2.52243578e-03 -2.65073680e-03 -4.09213494e-03
 -7.88504950e-03 -8.17458690e-03 -2.45721291e-03 -1.65576885e-03
 -4.92467405e-03 -1.08642952e-05 -2.74489400e-03 -6.04018421e-03
 -2.78387551e-03 -3.27638466e-03 -1.85978285e-03 -9.96072178e-04
 -8.24855517e-03  1.25861830e-03  8.62576184e-03  2.56549850e-03
 -2.37426404e-03 -5.49356558e-04 -3.89715474e-03 -5.28210619e-03
 -6.93901022e-03 -1.10657888e-02 -9.58795291e-03 -3.84480091e-03
 -6.44151614e-03 -8.05157069e-03 -1.05428416e-02 -8.90057005e-03
 -3.67232362e-03 -1.96254604e-03 -2.83518072e-03 -6.82328341e-03
 -5.44015504e-03 -1.12017065e-02 -1.18151647e-02 -9.32427539e-03
 -6.85462078e-03 -5.41694241e-03 -3.38996388e-03 -8.00563685e-03
 -1.75485628e-02 -1.73785521e-02 -1.03383948e-02 -1.41470439e-02
 -1.36793178e-02 -1.19947131e-02 -1.11148630e-02 -1.27770417e-02
 -7.80761449e-03 -1.76153251e-02 -1.64547644e-02 -8.58903117e-03
 -1.96220826e-02 -1.56023320e-02 -1.37520888e-02 -1.09151257e-02
 -1.89128296e-02 -1.29604471e-02 -1.10221859e-02 -1.10221859e-02
 -1.10221859e-02 -1.10221859e-02 -1.10221859e-02 -1.10221859e-02
 -1.10221859e-02 -1.10221859e-02 -1.10221859e-02 -1.10221859e-02
 -1.10221859e-02 -1.10221859e-02 -1.10221859e-02 -1.10221859e-02
 -1.10221859e-02 -1.10221859e-02]",489066
1086501454,Vip-IRES-Cre,False,novel,"[-0.00451735 -0.00390278  0.00254157  0.00666239  0.00318659  0.00290534
  0.00708788  0.00930622  0.00941712  0.00588589  0.0038031   0.00474599
  0.00630885  0.00295816 -0.00101061  0.00030266  0.00281551 -0.00198133
 -0.00510568 -0.00848163 -0.00237864 -0.00652651 -0.0050211  -0.00565832
 -0.00926277  0.00077206 -0.00382205 -0.0027488  -0.0034491  -0.00483266
 -0.00558853 -0.00233306  0.00162491 -0.00208024  0.00869175  0.01922538
  0.02452137  0.03123128  0.03554289  0.02701349  0.01914863  0.01460055
  0.02401713  0.01545758  0.01819166  0.01413703  0.00648352  0.01373183
  0.0048108   0.01140395  0.00570417  0.00080704  0.00789694  0.01177487
  0.0035503   0.00109557  0.00972277  0.0134693   0.01604461  0.02015694
  0.02737413  0.02120699  0.01630401  0.0195935   0.0242744   0.02579136
  0.02018125  0.01363138  0.01752225  0.00699544  0.01415388  0.01529074
  0.01153385  0.01377757  0.01566726  0.01566726  0.01566726  0.01566726
  0.01566726  0.01566726  0.01566726  0.01566726  0.01566726  0.01566726
  0.01566726  0.01566726  0.01566726  0.01566726  0.01566726  0.01566726]",489066
1086501454,Vip-IRES-Cre,True,familiar,"[ 0.00028711  0.00064122  0.00382958  0.00398579  0.00844252  0.01065455
  0.00840299  0.00607519  0.01001791  0.00921946  0.0035605   0.00161938
  0.00635061  0.00214238 -0.00451403 -0.00319771 -0.00847622 -0.00495487
 -0.00716837 -0.00608969 -0.00509426 -0.00294928 -0.00623455  0.00217701
  0.00109653 -0.00495166 -0.00550086 -0.00306104 -0.00883831 -0.0074719
 -0.00482155 -0.00419572  0.00098321  0.00479813  0.00772127  0.01430359
  0.00993304  0.00854929  0.01155608  0.0093949   0.01268     0.01976245
  0.02324644  0.01865504  0.02861851  0.02621366  0.03741054  0.03487905
  0.03100934  0.04231081  0.05204714  0.05144822  0.05686342  0.0613362
  0.05908672  0.05784647  0.05057427  0.0432895   0.04003128  0.03510167
  0.02461569  0.01600032  0.01805384  0.01678547  0.01330127  0.0046978
  0.00988118  0.01020887  0.01041951  0.00945455  0.01507427  0.01123472
  0.01113059  0.01376716  0.02205414  0.02205414  0.02205414  0.02205414
  0.02205414  0.02205414  0.02205414  0.02205414  0.02205414  0.02205414
  0.02205414  0.02205414  0.02205414  0.02205414  0.02205414  0.02205414]",489066
1086501454,Vip-IRES-Cre,True,novel,"[ 3.49378343e-03  3.66025777e-03  4.28843816e-03 -1.30458750e-03
 -2.43275661e-03 -2.36715475e-03  4.52903289e-03  3.22624314e-03
  8.96347343e-04  2.35784166e-03  4.34030089e-04 -1.75898459e-03
  4.58127416e-03  8.20083982e-03  1.12572541e-02  8.17736706e-03
  3.91451277e-03  9.74092243e-03  7.14443862e-03  3.93560210e-03
  2.65727540e-03 -4.78320079e-03 -8.65635673e-05 -9.91521916e-03
 -8.21352153e-03 -1.18259352e-03 -3.37020377e-03 -1.45518710e-02
 -1.65160337e-02 -1.60127704e-02 -8.82956579e-03 -2.52581683e-03
 -5.27530256e-03 -9.21602418e-03 -1.41926091e-02 -1.26111549e-02
 -9.30487602e-03 -7.76197242e-04  4.16111723e-03  2.31368232e-03
  1.44511880e-03 -7.66001562e-03 -2.99925327e-03  2.16473172e-03
  2.25199594e-04  2.93146984e-03 -3.59467631e-03  5.83151884e-03
  3.93290168e-03  1.02867285e-02  1.58114063e-02  1.25062791e-02
  2.17292700e-02  2.76188736e-02  2.11684794e-02  2.04361802e-02
  1.77058179e-02  2.02841061e-02  2.77919886e-02  2.38942549e-02
  2.27154493e-02  2.56039129e-02  2.79224498e-02  2.17877801e-02
  8.67607985e-03  5.08123313e-03  1.79733665e-02  1.02319067e-02
  5.56084563e-03  1.20062430e-02  8.62242084e-03  8.35906057e-03
  9.18854603e-03  1.40645069e-02  7.52098728e-03  7.52098728e-03
  7.52098728e-03  7.52098728e-03  7.52098728e-03  7.52098728e-03
  7.52098728e-03  7.52098728e-03  7.52098728e-03  7.52098728e-03
  7.52098728e-03  7.52098728e-03  7.52098728e-03  7.52098728e-03
  7.52098728e-03  7.52098728e-03]",489066
1086501538,Vip-IRES-Cre,False,familiar,"[-0.01439383 -0.01386321 -0.00897015 -0.00731422  0.00117062  0.00165389
  0.00641513  0.00862211  0.01111387  0.01216523  0.01077819  0.00863617
  0.00316915 -0.00841281 -0.01325835 -0.00935342 -0.01071879 -0.00356096
 -0.00959938 -0.01013581 -0.00922856 -0.0109143  -0.0006037  -0.00455777
  0.00163527  0.00756601  0.01198433  0.01567766  0.01733962  0.01695802
  0.02271473  0.03141467  0.03057978  0.02545404  0.02063316  0.01404949
  0.01295593  0.00704146  0.0105094   0.00777891 -0.00036708  0.00030486
  0.00374486 -0.00403161 -0.00783736 -0.0137627  -0.01241466 -0.00684841
 -0.01083946 -0.01228187 -0.01439403 -0.0188334  -0.02079704 -0.02153682
 -0.01785736 -0.02498412 -0.02897944 -0.02806416 -0.03098277 -0.02920378
 -0.02528151 -0.02724396 -0.02644654 -0.03063613 -0.02984618 -0.03934037
 -0.03413951 -0.03647047 -0.03694353 -0.0272239  -0.03801434 -0.0268692
 -0.02145342 -0.02268686 -0.02918732 -0.02918732 -0.02918732 -0.02918732
 -0.02918732 -0.02918732 -0.02918732 -0.02918732 -0.02918732 -0.02918732
 -0.02918732 -0.02918732 -0.02918732 -0.02918732 -0.02918732 -0.02918732]",489066
1086501538,Vip-IRES-Cre,False,novel,"[-0.00504983 -0.00487639 -0.00372189 -0.00753382 -0.01268731 -0.01180841
 -0.0075091  -0.00997154 -0.01653214 -0.01623617 -0.00899303 -0.00251224
  0.00250683  0.01195273  0.01686954  0.02048743  0.02841983  0.02534849
  0.03158953  0.02382014  0.01079596  0.00514808  0.00180572 -0.00484206
 -0.0051574  -0.005134   -0.01040098 -0.01309317 -0.01523409 -0.01745074
 -0.02173346 -0.01597611 -0.00802019  0.01528972  0.04270504  0.06746063
  0.08622698  0.09411987  0.11019386  0.11493565  0.11264158  0.1032856
  0.08828096  0.06994687  0.06126427  0.0404223   0.03922452  0.02801063
  0.0297972   0.0178008   0.01087276  0.0097272   0.00463972 -0.00407289
 -0.00052502  0.01290994  0.03586693  0.05144758  0.06821856  0.07775271
  0.0863833   0.08895091  0.08970236  0.08723909  0.08323275  0.06928974
  0.0601651   0.05045193  0.04133451  0.03257124  0.02661392  0.01457291
  0.00923373  0.00433226  0.00556077  0.00556077  0.00556077  0.00556077
  0.00556077  0.00556077  0.00556077  0.00556077  0.00556077  0.00556077
  0.00556077  0.00556077  0.00556077  0.00556077  0.00556077  0.00556077]",489066
1086501538,Vip-IRES-Cre,True,familiar,"[ 0.01089399  0.01168696  0.01859198  0.01700692  0.02048462  0.01165719
  0.01437098  0.01698961  0.01418718  0.01294116  0.01526171  0.01385888
  0.006769   -0.00247412 -0.00776761 -0.00300997 -0.00572368 -0.00683649
 -0.00887221 -0.012423   -0.02122279 -0.01385373 -0.01360614 -0.00740671
 -0.01894437 -0.01330704 -0.01344824 -0.0137386  -0.01041589 -0.01164961
 -0.00792921 -0.00210783 -0.00183853  0.00682118  0.01653458  0.01967131
  0.0251838   0.02922791  0.03652725  0.04520724  0.04651816  0.04902047
  0.0588626   0.05449356  0.058393    0.06456921  0.06533095  0.07354732
  0.07931308  0.08959744  0.09307321  0.09622778  0.0954089   0.10458036
  0.10773207  0.10043581  0.09087981  0.07910219  0.07193924  0.06287056
  0.0590504   0.05735846  0.05381261  0.04398242  0.04198801  0.04312254
  0.04654885  0.0338465   0.02997726  0.02169528  0.0374237   0.03122928
  0.03231847  0.03077062  0.03060668  0.03060668  0.03060668  0.03060668
  0.03060668  0.03060668  0.03060668  0.03060668  0.03060668  0.03060668
  0.03060668  0.03060668  0.03060668  0.03060668  0.03060668  0.03060668]",489066
1086501538,Vip-IRES-Cre,True,novel,"[ 0.00888958  0.00870705  0.00621207  0.00134099 -0.0022652  -0.0143427
 -0.01086726 -0.01436716 -0.01889543 -0.02145543 -0.01674656 -0.00517195
  0.01176663  0.01870188  0.02981473  0.02901969  0.03564848  0.03886572
  0.02599062  0.01991171  0.00790036  0.00371103 -0.00434708 -0.00635941
 -0.0111059  -0.02235406 -0.01281745 -0.02744835 -0.02674666 -0.03118995
 -0.03613616 -0.03913768 -0.03693291 -0.03882762 -0.04194483 -0.04466626
 -0.04668003 -0.04388649 -0.04345609 -0.04150967 -0.0363299  -0.0401047
 -0.04167568 -0.0450378  -0.03138645 -0.0306257  -0.02584672 -0.03523318
 -0.03068627 -0.02314487 -0.0276976  -0.02330992 -0.02661177 -0.01842332
 -0.01292829 -0.00495875  0.01272939  0.02921785  0.03931762  0.04066035
  0.05351733  0.05177903  0.05102516  0.04735958  0.04138906  0.02905711
  0.02249687  0.00902478  0.00291806  0.00073078 -0.00525228 -0.01532699
 -0.02570848 -0.02109558 -0.01737385 -0.01737385 -0.01737385 -0.01737385
 -0.01737385 -0.01737385 -0.01737385 -0.01737385 -0.01737385 -0.01737385
 -0.01737385 -0.01737385 -0.01737385 -0.01737385 -0.01737385 -0.01737385]",489066
1086501573,Sst-IRES-Cre,False,familiar,"[-0.01172347 -0.0113459  -0.0094189  -0.01733443 -0.01457405 -0.01561576
 -0.02547985 -0.02264791 -0.02040873 -0.01353358  0.00218764  0.02603576
  0.04113963  0.04424763  0.0487981   0.0505294   0.04950023  0.03140139
  0.01798109  0.01021132  0.00710617 -0.00715516 -0.01539512 -0.01762853
 -0.0121023  -0.01826601 -0.02378242 -0.02514101 -0.01802423 -0.029561
 -0.03247588 -0.02654256 -0.01412218  0.01234274  0.03949984  0.05837907
  0.07536687  0.08806502  0.09284052  0.08316737  0.07127537  0.04930942
  0.03489375  0.01155526  0.01005248 -0.00238775 -0.00583848 -0.00206356
 -0.01045549 -0.0220493  -0.02331785 -0.01804916 -0.01416054 -0.01642596
 -0.00359851  0.02358829  0.0582731   0.08549004  0.0964772   0.09640124
  0.09205369  0.08440355  0.07232075  0.04640106  0.02580441  0.01589155
  0.00488802 -0.00142316 -0.0076551  -0.01784478 -0.0141264  -0.02695978
 -0.0235909  -0.02796848 -0.02206411 -0.02206411 -0.02206411 -0.02206411
 -0.02206411 -0.02206411 -0.02206411 -0.02206411 -0.02206411 -0.02206411
 -0.02206411 -0.02206411 -0.02206411 -0.02206411 -0.02206411 -0.02206411]",476970
1086501573,Sst-IRES-Cre,True,familiar,"[-0.01493372 -0.01559264 -0.0224663  -0.02721223 -0.02260418 -0.02640371
 -0.02168658 -0.02721878 -0.02887442 -0.02928664 -0.02576971  0.00056418
  0.03570807  0.05293554  0.06970073  0.06347713  0.07192767  0.05503176
  0.04040651  0.02920045  0.01332127  0.01639472 -0.00894882 -0.01268918
 -0.01516868 -0.02646213 -0.02832931 -0.02859085 -0.03100709 -0.03542306
 -0.0336196  -0.0323207  -0.03380395 -0.03439578 -0.03324083 -0.03090506
 -0.04116126 -0.04529347 -0.03780833 -0.03797559 -0.04108096 -0.03653564
 -0.03902439 -0.04441305 -0.03390604 -0.03169384 -0.0390609  -0.04159303
 -0.03547083 -0.03383589 -0.02889727 -0.03035982 -0.03126666 -0.02785986
 -0.02776835 -0.01153216  0.01437927  0.03141612  0.04690935  0.04949018
  0.04890774  0.04328387  0.03122446  0.03361866  0.01418703  0.00717454
  0.00113303 -0.01607545 -0.015078   -0.01999548 -0.02933839 -0.0237623
 -0.02360319 -0.03604867 -0.01908401 -0.01908401 -0.01908401 -0.01908401
 -0.01908401 -0.01908401 -0.01908401 -0.01908401 -0.01908401 -0.01908401
 -0.01908401 -0.01908401 -0.01908401 -0.01908401 -0.01908401 -0.01908401]",476970
1086501601,Vip-IRES-Cre,False,familiar,"[-0.01598347 -0.01536076 -0.00864817 -0.00108888  0.00977696  0.01957866
  0.0308261   0.03905264  0.04489912  0.05171506  0.04684338  0.02994634
  0.01316554  0.0009567  -0.00551489 -0.01325951 -0.0234798  -0.0170831
 -0.03128302 -0.03677639 -0.02901938 -0.03233921 -0.03256794 -0.03102347
 -0.02622662 -0.0136911   0.00050074  0.00214952  0.01463924  0.02929569
  0.0437106   0.05725174  0.05811031  0.04611789  0.03050053  0.01908753
  0.00953305 -0.00217367 -0.00622528 -0.01469735 -0.01917875 -0.0223171
 -0.02063219 -0.01115801 -0.01879713 -0.01533999  0.00092257  0.01803983
  0.0190682   0.02742027  0.03647382  0.05691939  0.06792386  0.07824305
  0.08506593  0.07106295  0.05473477  0.04403775  0.03866484  0.03577351
  0.02399842  0.02609778  0.01405444  0.00541914  0.00907646  0.00229712
 -0.00848099 -0.00528597  0.00389827  0.0157226   0.01425781  0.01991577
  0.03492251  0.04137497  0.05114659  0.05114659  0.05114659  0.05114659
  0.05114659  0.05114659  0.05114659  0.05114659  0.05114659  0.05114659
  0.05114659  0.05114659  0.05114659  0.05114659  0.05114659  0.05114659]",489066
1086501601,Vip-IRES-Cre,False,novel,"[-0.00648078 -0.00686439 -0.01009524 -0.01022251 -0.0170965  -0.01035402
 -0.00689907 -0.00068464  0.00366187  0.00315324  0.00598027  0.00944347
  0.01199973  0.01503268  0.01416035  0.01831188  0.02605681  0.03240341
  0.02321684  0.01672786  0.00888031 -0.00501758 -0.01759187 -0.01236298
 -0.02181535 -0.01970026 -0.01107675 -0.01078727 -0.01043456 -0.01154497
 -0.00577459 -0.00555621  0.00401557  0.02314771  0.03567811  0.06627651
  0.09398002  0.1180815   0.13178367  0.14040249  0.14732461  0.14119784
  0.12665513  0.11150708  0.09991104  0.08713086  0.08876229  0.07227934
  0.06121268  0.06039482  0.04963235  0.05010572  0.0471436   0.05144154
  0.05447084  0.0564411   0.06156661  0.06993937  0.08723713  0.10629897
  0.12526055  0.13479468  0.14373294  0.13858877  0.11753368  0.10335535
  0.09732426  0.08844138  0.07541663  0.06156438  0.05500975  0.04924556
  0.05030705  0.04609835  0.04100733  0.04100733  0.04100733  0.04100733
  0.04100733  0.04100733  0.04100733  0.04100733  0.04100733  0.04100733
  0.04100733  0.04100733  0.04100733  0.04100733  0.04100733  0.04100733]",489066
1086501601,Vip-IRES-Cre,True,familiar,"[-1.05471969e-04  5.14926593e-04  7.64284130e-03  1.74011219e-02
  2.56889090e-02  3.30628557e-02  4.13173499e-02  5.14807925e-02
  6.08972953e-02  7.21566656e-02  7.13810366e-02  4.96641655e-02
  2.62075638e-02  1.10410643e-02 -6.38879972e-03 -1.27714765e-02
 -2.31508618e-02 -2.69391325e-02 -3.15339841e-02 -3.84581487e-02
 -4.97856099e-02 -5.09591818e-02 -4.98588856e-02 -5.74376997e-02
 -4.47213941e-02 -3.79113755e-02 -2.35665295e-02 -1.50074820e-02
 -3.41408508e-03  3.55353045e-03  1.28832493e-02  3.20123721e-02
  4.17925234e-02  5.56231558e-02  7.45417806e-02  9.47522465e-02
  1.17468716e-01  1.43252440e-01  1.69610725e-01  1.98538479e-01
  2.33561141e-01  2.62518153e-01  2.96112896e-01  3.24295871e-01
  3.53046050e-01  3.88433654e-01  4.01550553e-01  4.42894217e-01
  4.62591348e-01  4.89356390e-01  5.20711995e-01  5.40549302e-01
  5.79155637e-01  6.15065503e-01  6.15678038e-01  5.95663243e-01
  5.48637516e-01  5.02342482e-01  4.62439799e-01  4.18556812e-01
  3.89786176e-01  3.68364484e-01  3.52172938e-01  3.23637335e-01
  2.93701173e-01  2.67329385e-01  2.53563044e-01  2.33551882e-01
  2.24977106e-01  2.22374572e-01  2.24682375e-01  2.22300522e-01
  2.24131237e-01  2.17245947e-01  2.12527308e-01  2.12527308e-01
  2.12527308e-01  2.12527308e-01  2.12527308e-01  2.12527308e-01
  2.12527308e-01  2.12527308e-01  2.12527308e-01  2.12527308e-01
  2.12527308e-01  2.12527308e-01  2.12527308e-01  2.12527308e-01
  2.12527308e-01  2.12527308e-01]",489066
1086501601,Vip-IRES-Cre,True,novel,"[ 0.01950898  0.01884575  0.0122339   0.00949689  0.01094141  0.01033666
  0.00792337  0.00195702 -0.00662826 -0.01317758 -0.00409482  0.00162112
  0.00467661  0.01272884  0.01137086  0.01850936  0.03687236  0.04980384
  0.04810773  0.04064068  0.01648156  0.00233777 -0.01650186 -0.02427755
 -0.03391637 -0.04149423 -0.04863229 -0.04722717 -0.05332413 -0.04512045
 -0.05391296 -0.04743296 -0.04931862 -0.05169022 -0.05305527 -0.04323196
 -0.03946817 -0.02415172 -0.02207559 -0.018688   -0.01005497 -0.0050294
  0.01111996  0.00707132  0.02882866  0.03591751  0.06078703  0.06325145
  0.08413784  0.08711252  0.09699306  0.11119373  0.11062576  0.13039658
  0.14221686  0.16111658  0.15879965  0.15834269  0.16809448  0.17211796
  0.18353155  0.19558974  0.20093961  0.19375055  0.17101893  0.14855691
  0.13034935  0.11175156  0.08757874  0.07216504  0.06979959  0.05654053
  0.05049733  0.0420579   0.04089088  0.04089088  0.04089088  0.04089088
  0.04089088  0.04089088  0.04089088  0.04089088  0.04089088  0.04089088
  0.04089088  0.04089088  0.04089088  0.04089088  0.04089088  0.04089088]",489066
1086501675,Sst-IRES-Cre,False,familiar,"[-3.28427357e-03 -3.96748837e-03 -1.09468513e-02 -1.47499638e-02
 -1.43906266e-02 -1.75774681e-02 -1.99014374e-02 -2.28103898e-02
 -2.43402435e-02 -2.23546677e-02 -1.12664864e-02  6.82317436e-03
  1.95960799e-02  3.11449339e-02  3.79246763e-02  3.87813428e-02
  4.67069603e-02  3.43683584e-02  2.32304617e-02  2.34331674e-02
  9.49439044e-03  3.70216703e-03 -6.08673977e-03 -1.34622187e-03
 -9.85350320e-03 -1.65152578e-02 -1.68418744e-02 -1.85390893e-02
 -1.88550530e-02 -2.15780765e-02 -2.40717626e-02 -2.51389690e-02
 -1.89821718e-02 -8.08402878e-03  6.26971025e-03  1.76187068e-02
  2.54057212e-02  3.32923266e-02  3.73554023e-02  3.01716010e-02
  2.57645370e-02  2.35738614e-02  4.32154312e-03  5.30798015e-03
 -4.72635223e-03 -6.94556774e-04 -1.24640220e-02 -1.67387196e-02
 -1.65368329e-02 -2.51350100e-02 -2.44159058e-02 -2.57615851e-02
 -2.64302699e-02 -2.63832174e-02 -2.03014842e-02  9.16207263e-04
  2.88952829e-02  5.37678640e-02  6.59953970e-02  7.55021696e-02
  7.52666874e-02  6.62403353e-02  5.88510750e-02  4.41668298e-02
  3.03300697e-02  1.61118149e-02  1.41053058e-02  6.65847208e-03
 -2.52177456e-05 -7.87887292e-03 -9.95400526e-03 -1.65659254e-02
 -1.68886808e-02 -2.41305121e-02 -1.92202940e-02 -1.92202940e-02
 -1.92202940e-02 -1.92202940e-02 -1.92202940e-02 -1.92202940e-02
 -1.92202940e-02 -1.92202940e-02 -1.92202940e-02 -1.92202940e-02
 -1.92202940e-02 -1.92202940e-02 -1.92202940e-02 -1.92202940e-02
 -1.92202940e-02 -1.92202940e-02]",498972
1086501675,Sst-IRES-Cre,True,familiar,"[-0.00884061 -0.00940801 -0.01445058 -0.01489129 -0.0227872  -0.02460382
 -0.02481256 -0.02671725 -0.03186271 -0.03536475 -0.02411936 -0.00417418
  0.00968556  0.03028248  0.03965487  0.04597904  0.05348266  0.05259564
  0.04497779  0.03030755  0.0179203   0.01291622  0.00062376 -0.00233121
 -0.00762152 -0.01120625 -0.01458885 -0.01990225 -0.02052791 -0.02021554
 -0.02800815 -0.02777044 -0.02899731 -0.029177   -0.03088601 -0.0301542
 -0.03324591 -0.03548105 -0.03752393 -0.03785947 -0.03984468 -0.03942895
 -0.03981843 -0.04249547 -0.0453306  -0.04856879 -0.04009604 -0.04082489
 -0.04197941 -0.04198378 -0.03748716 -0.03883279 -0.04021619 -0.0425876
 -0.04524528 -0.03392797 -0.01638693 -0.00599037  0.00178443  0.01053445
  0.02167098  0.02037548  0.01330974  0.0056922  -0.00589672 -0.01536098
 -0.01708533 -0.01709557 -0.02301672 -0.02591522 -0.02844496 -0.02959161
 -0.02935833 -0.02727242 -0.03056856 -0.03056856 -0.03056856 -0.03056856
 -0.03056856 -0.03056856 -0.03056856 -0.03056856 -0.03056856 -0.03056856
 -0.03056856 -0.03056856 -0.03056856 -0.03056856 -0.03056856 -0.03056856]",498972
1086501688,Vip-IRES-Cre,False,familiar,"[-0.00952207 -0.00992493 -0.0109159   0.00562027  0.00283534 -0.0012517
 -0.00289357  0.00337123  0.0089038   0.01001976  0.00477871 -0.00126406
 -0.00187277 -0.00063884  0.00725159  0.00676268  0.0031402  -0.00250298
  0.00070379  0.00066121 -0.0116828  -0.00202031 -0.00702475 -0.00184825
 -0.00673438  0.00376485  0.00012783  0.006665    0.00193878  0.00355225
  0.00804114  0.00764949  0.0074495   0.01265348  0.00793463  0.00385942
  0.0035047   0.00347652  0.00730642  0.00463107  0.00201563 -0.00229855
 -0.00143221  0.0004208  -0.00347656 -0.00386337 -0.01202905 -0.00601988
 -0.0080623  -0.00506677 -0.00275842 -0.00982733 -0.00329938 -0.00129631
 -0.00566481 -0.00622462 -0.00866115 -0.01821951 -0.02310985 -0.02496695
 -0.02017648 -0.01787535 -0.01961402 -0.02382274 -0.02736659 -0.02337903
 -0.02558785 -0.02230726 -0.02493171 -0.02624899 -0.02454641 -0.02571442
 -0.02475048 -0.01591268 -0.00985888 -0.00985888 -0.00985888 -0.00985888
 -0.00985888 -0.00985888 -0.00985888 -0.00985888 -0.00985888 -0.00985888
 -0.00985888 -0.00985888 -0.00985888 -0.00985888 -0.00985888 -0.00985888]",489066
1086501688,Vip-IRES-Cre,False,novel,"[ 0.00747833  0.00692747  0.0013425  -0.00160875 -0.00026243  0.00119443
 -0.00099435 -0.00268195 -0.00538211 -0.01057433 -0.00355854  0.00183369
  0.00410001  0.00369562  0.00419093  0.00732385  0.01094392  0.01628461
  0.01198998  0.0141331   0.0092747   0.00384626 -0.00616306 -0.00668856
 -0.00897289 -0.00176065 -0.00725691 -0.01396987 -0.01884149 -0.01584352
 -0.00834211 -0.00330277 -0.00247704  0.00176214  0.00968787  0.015962
  0.02670815  0.03475995  0.03318473  0.03841091  0.04321381  0.04148409
  0.03730529  0.03185531  0.03689276  0.02923509  0.02638557  0.01975011
 -0.00030403  0.00039155  0.0015429   0.00834079  0.00539392  0.00560049
  0.00754501  0.00677404  0.01220673  0.01833383  0.02157632  0.02189398
  0.02941372  0.03019459  0.02385379  0.02664752  0.02305621  0.03100208
  0.0263912   0.01344404  0.02041447  0.01375285  0.00921423  0.00438809
  0.00474582  0.00215769  0.00257745  0.00257745  0.00257745  0.00257745
  0.00257745  0.00257745  0.00257745  0.00257745  0.00257745  0.00257745
  0.00257745  0.00257745  0.00257745  0.00257745  0.00257745  0.00257745]",489066
1086501688,Vip-IRES-Cre,True,familiar,"[ 0.00080133  0.00142934  0.00831604  0.013266    0.00707963  0.00810975
  0.00799427  0.00967027  0.02048858  0.01662088  0.01382908  0.01208685
  0.00984749  0.00339359 -0.00123209 -0.00186055 -0.00717726 -0.00423955
 -0.00159705 -0.00746822 -0.00506166 -0.01898605 -0.00993505 -0.01485106
 -0.01974927 -0.00825392 -0.00804478 -0.00890449 -0.00751148 -0.0080606
 -0.0020606   0.00297648  0.00178889 -0.00043553  0.00461482  0.01038279
  0.01391866  0.01768643  0.02495769  0.02260982  0.02564329  0.03416106
  0.03879259  0.04587775  0.05047569  0.05317114  0.0559906   0.06120614
  0.06680852  0.06783784  0.07865235  0.0724533   0.08141328  0.09153396
  0.09446328  0.08926102  0.07982507  0.07287403  0.06685711  0.058495
  0.05114286  0.04262165  0.04233031  0.04304963  0.03617193  0.03482044
  0.02777174  0.03407767  0.04245558  0.04357863  0.03557345  0.04406994
  0.03678195  0.03762073  0.04491349  0.04491349  0.04491349  0.04491349
  0.04491349  0.04491349  0.04491349  0.04491349  0.04491349  0.04491349
  0.04491349  0.04491349  0.04491349  0.04491349  0.04491349  0.04491349]",489066
1086501688,Vip-IRES-Cre,True,novel,"[ 2.55488276e-03  2.21999481e-03 -4.32257290e-04  2.28588483e-03
  2.61189173e-03  7.65826742e-04 -3.44918247e-03 -5.57178113e-03
 -7.74427340e-03 -3.43844119e-03 -1.55536205e-03 -4.48036446e-03
  2.70379808e-03  8.83773115e-03  7.58612984e-03  5.55606860e-03
  8.67058093e-03  1.52875103e-02  1.47799159e-02  3.93859232e-03
  6.60865422e-03  7.71232183e-03 -2.08750880e-04 -3.61654532e-03
 -4.49088594e-05 -1.02567268e-02 -9.04315405e-03 -1.28603917e-02
 -1.17773469e-02 -1.76402975e-02 -1.96786368e-02 -1.50920319e-02
 -1.71993192e-02 -1.85862299e-02 -1.35483956e-02 -1.47215027e-02
 -1.52277537e-02 -9.11502469e-03 -7.75601996e-03 -9.06920315e-03
 -3.64161391e-03 -5.85983597e-03  1.18864311e-03  1.21333760e-02
  1.34571100e-02  1.46442810e-02  1.82313574e-02  2.27070038e-02
  2.83237352e-02  2.83343234e-02  2.88288768e-02  3.32908744e-02
  3.66474234e-02  4.28646187e-02  4.25944468e-02  5.40253001e-02
  5.61792054e-02  5.77867246e-02  6.44180469e-02  6.11422619e-02
  5.99809747e-02  6.42354503e-02  6.82295490e-02  6.47731628e-02
  6.03595366e-02  6.30975583e-02  4.95537126e-02  4.03525053e-02
  3.57500571e-02  2.80335904e-02  2.69322914e-02  2.41011328e-02
  2.82237866e-02  1.89562728e-02  2.48125767e-02  2.48125767e-02
  2.48125767e-02  2.48125767e-02  2.48125767e-02  2.48125767e-02
  2.48125767e-02  2.48125767e-02  2.48125767e-02  2.48125767e-02
  2.48125767e-02  2.48125767e-02  2.48125767e-02  2.48125767e-02
  2.48125767e-02  2.48125767e-02]",489066
1086501720,Sst-IRES-Cre,False,familiar,"[-0.01002214 -0.01010716 -0.01113083 -0.01513437 -0.02511606 -0.02511819
 -0.02826677 -0.02728431 -0.02259748 -0.00633031  0.01926542  0.03876873
  0.04792876  0.051403    0.05090761  0.05160073  0.04077701  0.03023845
  0.02498827  0.00316211 -0.00712651 -0.0082363  -0.01834636 -0.00832791
 -0.02814966 -0.01352997 -0.01775685 -0.03005345 -0.02501428 -0.02139118
 -0.03326725 -0.02657606  0.00998522  0.04662435  0.06194848  0.08665856
  0.10662719  0.0948551   0.0954981   0.07840069  0.06144504  0.04464628
  0.0294509   0.02565619  0.01562779  0.00368788 -0.00837021 -0.01581923
 -0.01346931 -0.01331889 -0.02014905 -0.02692292 -0.024987   -0.02704928
 -0.00222676  0.03566132  0.06279776  0.07566997  0.08521413  0.08169846
  0.07682744  0.07421635  0.05336404  0.04171576  0.02216104  0.00914912
 -0.00474332  0.00326675 -0.01547134 -0.00743433 -0.01281635 -0.02879205
 -0.02091522 -0.02968515 -0.03947478 -0.03947478 -0.03947478 -0.03947478
 -0.03947478 -0.03947478 -0.03947478 -0.03947478 -0.03947478 -0.03947478
 -0.03947478 -0.03947478 -0.03947478 -0.03947478 -0.03947478 -0.03947478]",476970
1086501720,Sst-IRES-Cre,True,familiar,"[-0.01675407 -0.016167   -0.01392075 -0.0283267  -0.02045329 -0.03545785
 -0.03636325 -0.04410687 -0.04319783 -0.04126974 -0.015508    0.0206172
  0.04449817  0.06151473  0.06964229  0.06882901  0.07117779  0.06048117
  0.03524145  0.03304031  0.01184306  0.01469771 -0.01173324 -0.01697377
 -0.01760199 -0.03127332 -0.01778147 -0.03105544 -0.0276043  -0.02603403
 -0.03148699 -0.0378166  -0.04008713 -0.0407397  -0.03171829 -0.04296094
 -0.04993889 -0.04603217 -0.05624424 -0.04147032 -0.03607058 -0.04449763
 -0.04139525 -0.03676945 -0.03430704 -0.03670215 -0.04462899 -0.03559573
 -0.0430677  -0.03749221 -0.03695785 -0.04895284 -0.05155549 -0.04540914
 -0.02627227 -0.00129917  0.02745286  0.05164179  0.06152962  0.04486115
  0.0301055   0.03378158  0.01658219 -0.00011956  0.00234399  0.00480786
 -0.0164185  -0.01754111 -0.01897518 -0.03441275 -0.04708329 -0.02212658
 -0.0253565  -0.02588126 -0.03286305 -0.03286305 -0.03286305 -0.03286305
 -0.03286305 -0.03286305 -0.03286305 -0.03286305 -0.03286305 -0.03286305
 -0.03286305 -0.03286305 -0.03286305 -0.03286305 -0.03286305 -0.03286305]",476970
1086501814,Vip-IRES-Cre,False,familiar,"[-0.00566984 -0.00577705 -0.00593303 -0.0008286  -0.00058721  0.00018583
 -0.00108378  0.0038035   0.00839777  0.01333841  0.01183596  0.00538314
 -0.00121544 -0.00306192 -0.0029552   0.0019745   0.00237994  0.00460361
 -0.00094156 -0.00122764 -0.00283577 -0.00365551  0.00297723 -0.0063408
 -0.00796213 -0.01044104  0.00294185 -0.00011749 -0.00093021  0.00374248
  0.00522906  0.00841903  0.00111754 -0.0010336   0.00121016  0.00453397
  0.00747501  0.01321882  0.0145425   0.02060348  0.01682319  0.00853286
  0.01490294  0.0066329   0.00609962  0.01041572  0.01799665  0.01407099
  0.00858655  0.01268835  0.01033804  0.01296131  0.01136788  0.0136454
  0.0148434   0.0139411   0.01019407  0.00626004  0.00442733  0.00650075
  0.01035415  0.00512678  0.00903612  0.00552955  0.00113629 -0.00217861
  0.00534212 -0.00543563  0.00165805 -0.00304701 -0.00127106  0.00222747
  0.00823119  0.01480151  0.01668328  0.01668328  0.01668328  0.01668328
  0.01668328  0.01668328  0.01668328  0.01668328  0.01668328  0.01668328
  0.01668328  0.01668328  0.01668328  0.01668328  0.01668328  0.01668328]",489066
1086501814,Vip-IRES-Cre,True,familiar,"[ 0.00526783  0.0048821   0.00089868 -0.00113065  0.00244014  0.0071393
  0.00334615  0.00672569  0.00385655  0.00403928  0.00706405  0.00392558
 -0.00057187 -0.00292763 -0.00382344 -0.00566294 -0.00494321 -0.00122849
 -0.00668825 -0.002514   -0.00209873 -0.00064843 -0.00117973 -0.00256274
 -0.00507522 -0.0044297  -0.00387669 -0.0011169   0.00048446  0.00040879
  0.00209934  0.00157025 -0.00248014  0.00481714  0.00839137  0.00669518
  0.00876774  0.00867909  0.00519084  0.0154909   0.0169052   0.01561951
  0.02101541  0.0179187   0.02153783  0.01877157  0.02766001  0.02557231
  0.02607808  0.02348823  0.03159229  0.03123307  0.02555565  0.02437623
  0.03104629  0.02366659  0.01594926  0.01361632  0.01293311  0.01406461
  0.01374094  0.01997793  0.02068138  0.01782055  0.00816565  0.01184979
  0.00785679  0.00310678 -0.00169565  0.00165682  0.00435168 -0.00345981
  0.00167228  0.00551082  0.01011228  0.01011228  0.01011228  0.01011228
  0.01011228  0.01011228  0.01011228  0.01011228  0.01011228  0.01011228
  0.01011228  0.01011228  0.01011228  0.01011228  0.01011228  0.01011228]",489066
1086501850,Sst-IRES-Cre,False,familiar,"[-0.00164849 -0.00215594 -0.0065714  -0.00532333 -0.00876085 -0.01486889
 -0.01879808 -0.02372902 -0.02620592 -0.0194626  -0.00266107  0.00923101
  0.02005935  0.02410685  0.03290399  0.03873532  0.0430911   0.03259973
  0.02311387  0.01597611  0.00702893  0.00828831  0.00047635 -0.00078809
 -0.01091379 -0.01072965 -0.02068111 -0.02618773 -0.02682381 -0.02930115
 -0.03278548 -0.02952762 -0.0160868   0.01288556  0.03954896  0.0594475
  0.07570688  0.09173659  0.09912915  0.09551756  0.08491171  0.07216917
  0.06294839  0.04850307  0.03925005  0.03111952  0.02632932  0.02328902
  0.01802458  0.008373    0.00490548 -0.00244935 -0.00366956 -0.00264878
  0.00663398  0.03099471  0.05943464  0.07721645  0.08969153  0.09724319
  0.1034632   0.10240428  0.08187092  0.06975575  0.05922559  0.04100579
  0.03929115  0.03054326  0.02126277  0.01468744  0.01147282  0.00434784
 -0.00583492 -0.01366995 -0.00707266 -0.00707266 -0.00707266 -0.00707266
 -0.00707266 -0.00707266 -0.00707266 -0.00707266 -0.00707266 -0.00707266
 -0.00707266 -0.00707266 -0.00707266 -0.00707266 -0.00707266 -0.00707266]",498972
1086501850,Sst-IRES-Cre,True,familiar,"[-0.01373749 -0.01364837 -0.01322311 -0.01694635 -0.02301352 -0.02438812
 -0.0266275  -0.0341993  -0.03970504 -0.03559718 -0.0279209  -0.00766214
  0.01500295  0.02821794  0.03562333  0.04849293  0.05915358  0.05500616
  0.0471367   0.03163791  0.02779629  0.01502506  0.00317045 -0.00086964
 -0.00455519 -0.01096612 -0.01308239 -0.01410794 -0.02214377 -0.0238692
 -0.02771489 -0.03457064 -0.03642401 -0.03154634 -0.03093397 -0.03974739
 -0.04468012 -0.04705432 -0.04865858 -0.04825009 -0.05513303 -0.05417814
 -0.05246929 -0.05819375 -0.05150139 -0.05804324 -0.05265912 -0.05462226
 -0.05966342 -0.06021758 -0.05962499 -0.05989518 -0.05816433 -0.06347655
 -0.06142101 -0.04595826 -0.02520979 -0.01135546  0.00111253  0.00718839
  0.01354582  0.01584253  0.01455433  0.00990351  0.00120053 -0.00811691
 -0.01473594 -0.01883895 -0.02165603 -0.02763679 -0.02512574 -0.0331578
 -0.03445038 -0.03556138 -0.0374093  -0.0374093  -0.0374093  -0.0374093
 -0.0374093  -0.0374093  -0.0374093  -0.0374093  -0.0374093  -0.0374093
 -0.0374093  -0.0374093  -0.0374093  -0.0374093  -0.0374093  -0.0374093 ]",498972
1086502044,Sst-IRES-Cre,False,familiar,"[-0.00187116 -0.00258785 -0.01006368 -0.01691665 -0.02252501 -0.01768941
 -0.01967015 -0.02079565 -0.02708929 -0.02103715 -0.00301834  0.01290793
  0.01913203  0.03099091  0.04211954  0.04071328  0.03570117  0.03018304
  0.02757766  0.02119653  0.01373856  0.00224503 -0.00382053 -0.00538332
 -0.00515651 -0.00682692 -0.01991404 -0.02242983 -0.0244558  -0.02525438
 -0.03316499 -0.0369602  -0.02656316 -0.00321957  0.02052524  0.04092303
  0.05771605  0.06627599  0.06678153  0.05764277  0.05339886  0.04788263
  0.03369822  0.02159449  0.00207062  0.00617621 -0.01099637  0.00221121
 -0.01123491 -0.0137223  -0.02342935 -0.03046359 -0.03198118 -0.02900152
 -0.01107599  0.01409842  0.03326915  0.05982296  0.0802089   0.09033935
  0.10177205  0.10066631  0.08271916  0.07877147  0.0649769   0.04715815
  0.02830875  0.0294657   0.02624295  0.01178659  0.00994027  0.00032769
 -0.003066   -0.00497493 -0.0145704  -0.0145704  -0.0145704  -0.0145704
 -0.0145704  -0.0145704  -0.0145704  -0.0145704  -0.0145704  -0.0145704
 -0.0145704  -0.0145704  -0.0145704  -0.0145704  -0.0145704  -0.0145704 ]",498972
1086502044,Sst-IRES-Cre,True,familiar,"[-0.00110826 -0.00229757 -0.01321938 -0.0151406  -0.02525023 -0.02543027
 -0.02686197 -0.03037618 -0.04332606 -0.0441228  -0.03344902 -0.00483635
  0.01470974  0.02997857  0.03887325  0.04893822  0.05275958  0.05058395
  0.0446412   0.03141115  0.01612313  0.01507078  0.01215824  0.0025848
 -0.00922231 -0.00919355 -0.01874231 -0.01758468 -0.01649881 -0.02117225
 -0.02590213 -0.03140755 -0.03547071 -0.04089113 -0.04032721 -0.03875054
 -0.04501873 -0.05214108 -0.05215127 -0.05529859 -0.05682307 -0.06373141
 -0.05565051 -0.06226546 -0.06137989 -0.05953759 -0.06281226 -0.06469579
 -0.06126232 -0.06847785 -0.06799991 -0.06130298 -0.0665351  -0.0720765
 -0.06433807 -0.051041   -0.03338593 -0.015664   -0.00881985  0.00292868
  0.01482518  0.02190324  0.0168439   0.0067018  -0.00963665 -0.01572782
 -0.02184153 -0.02287696 -0.03481029 -0.03278001 -0.03485016 -0.03690916
 -0.04614231 -0.0431914  -0.0476083  -0.0476083  -0.0476083  -0.0476083
 -0.0476083  -0.0476083  -0.0476083  -0.0476083  -0.0476083  -0.0476083
 -0.0476083  -0.0476083  -0.0476083  -0.0476083  -0.0476083  -0.0476083 ]",498972
1086502228,Vip-IRES-Cre,False,familiar,"[-0.00867886 -0.00855866 -0.00709827 -0.00549443 -0.00515872  0.00285101
  0.00027183 -0.0016009   0.00118158  0.00782118  0.011024    0.00475976
  0.00066858  0.00129728  0.00373403 -0.00485639  0.00049912  0.00727568
  0.0029553   0.00047241  0.00405797 -0.00491579 -0.00465306 -0.00322343
 -0.00249256 -0.00027842  0.00433087  0.00028042  0.00088297  0.00264553
  0.00553959  0.00862911  0.01533051  0.01487207  0.00604307  0.00403426
  0.00339371  0.00098209  0.00250274  0.006779    0.00564142 -0.00116728
  0.00418658  0.00181004 -0.0037017  -0.00305037  0.00136781 -0.00102722
  0.00229636 -0.00166711 -0.00447445 -0.00120545 -0.00250139 -0.00154376
 -0.00307993 -0.00142243 -0.00373768 -0.00173488 -0.00502056 -0.00687675
 -0.00321472 -0.00196507 -0.00841212 -0.00724993 -0.00804364 -0.0056619
 -0.0094007  -0.00952722 -0.01386725 -0.01265526 -0.01377758 -0.00803371
 -0.00671403 -0.00296385 -0.00660638 -0.00660638 -0.00660638 -0.00660638
 -0.00660638 -0.00660638 -0.00660638 -0.00660638 -0.00660638 -0.00660638
 -0.00660638 -0.00660638 -0.00660638 -0.00660638 -0.00660638 -0.00660638]",489066
1086502228,Vip-IRES-Cre,True,familiar,"[ 9.52298165e-05 -2.50365591e-04 -2.94272144e-03 -4.72582324e-04
 -3.91187900e-03 -1.03871947e-03  7.35279870e-03  1.07727922e-02
  1.51994904e-02  1.94508419e-02  2.06867391e-02  1.86795819e-02
  1.00765441e-02  5.74449137e-03  8.36227785e-03  4.42354593e-03
  9.74897528e-05  5.53649207e-03  2.64765074e-03  3.03779119e-04
 -1.25429260e-03 -4.73704755e-03 -1.09558221e-02 -7.17384433e-03
 -1.62793366e-02 -1.50804671e-02 -1.06182318e-02 -1.89030886e-02
 -1.80517327e-02 -1.77596137e-02 -1.56746287e-02 -1.73137597e-02
 -1.44060578e-02 -1.16368183e-02 -7.37239057e-03 -1.94784986e-03
 -4.48574731e-03  5.42695659e-04  8.24358914e-03  1.41076559e-02
  1.42958094e-02  2.27317888e-02  3.80342209e-02  4.28022290e-02
  4.27894205e-02  5.66211408e-02  6.35089532e-02  6.35423462e-02
  8.41324247e-02  9.80020886e-02  1.05865008e-01  1.20695458e-01
  1.39426794e-01  1.56332886e-01  1.69175713e-01  1.73383319e-01
  1.57092274e-01  1.44109444e-01  1.40350513e-01  1.34608200e-01
  1.23347590e-01  1.21467364e-01  1.25184993e-01  1.21594968e-01
  1.17803470e-01  1.04731411e-01  9.43288169e-02  9.02361883e-02
  8.30035199e-02  7.44161823e-02  7.74189461e-02  7.70053016e-02
  7.02358466e-02  6.68353238e-02  6.93484967e-02  6.93484967e-02
  6.93484967e-02  6.93484967e-02  6.93484967e-02  6.93484967e-02
  6.93484967e-02  6.93484967e-02  6.93484967e-02  6.93484967e-02
  6.93484967e-02  6.93484967e-02  6.93484967e-02  6.93484967e-02
  6.93484967e-02  6.93484967e-02]",489066
1086502269,Sst-IRES-Cre,False,familiar,"[ 0.00530244  0.00533961  0.00642032  0.00981616  0.00740791  0.0130415
  0.00626666  0.00804438  0.00493155 -0.00047742  0.0026702   0.00779262
  0.00692341  0.00797873  0.00529765  0.001155    0.00183884 -0.00115894
  0.0063917  -0.00291635 -0.00740172 -0.00129007 -0.00677133 -0.01608447
 -0.01368757 -0.01432755 -0.01027027 -0.00757271 -0.00961906 -0.01504122
 -0.01279598 -0.00949356 -0.01051069 -0.00958981 -0.00753621 -0.00854526
 -0.00596188 -0.00253538 -0.00135853  0.00068976 -0.01091988 -0.01043636
 -0.01294944 -0.01810876 -0.02847726 -0.02454111 -0.02497088 -0.02471861
 -0.01281886 -0.01893701 -0.01854762 -0.02186337 -0.02397157 -0.02331667
 -0.0175674  -0.01082541 -0.00719503 -0.00260218 -0.00325349 -0.00573693
 -0.003786   -0.00655109 -0.00407444  0.00218995 -0.00402764 -0.01077749
 -0.0186325  -0.01724406 -0.02070816 -0.01586473 -0.01800762 -0.01784358
 -0.0166818  -0.01914059 -0.01317124 -0.01317124 -0.01317124 -0.01317124
 -0.01317124 -0.01317124 -0.01317124 -0.01317124 -0.01317124 -0.01317124
 -0.01317124 -0.01317124 -0.01317124 -0.01317124 -0.01317124 -0.01317124]",498972
1086502269,Sst-IRES-Cre,True,familiar,"[ 6.62127670e-04 -4.42315005e-05 -6.08606145e-03 -3.48810127e-03
 -2.76243370e-03  7.20430592e-03  6.44113564e-03 -7.00014682e-03
 -5.87426863e-03 -3.73455175e-03 -6.46146534e-04  1.64642464e-03
  6.35862280e-03  1.05843932e-02  4.65079838e-03  1.83572690e-03
  7.85013780e-03 -5.93970776e-04  3.25407988e-03 -3.00217370e-03
  1.39076834e-03 -7.42384119e-03 -2.74298868e-03 -8.71009495e-03
  5.27365122e-03 -2.63199209e-03 -6.59507403e-05 -1.39644070e-03
 -2.54346811e-03  1.59469017e-03  4.96541216e-03  2.38741201e-03
 -3.59042397e-03 -2.19095243e-03  2.31725206e-03 -1.68016783e-03
 -6.23056876e-03 -3.55647314e-03 -6.71337203e-03 -6.09471651e-03
 -5.02747361e-03 -2.47889778e-03 -1.33931519e-02 -5.53513841e-03
 -3.31628923e-03 -1.29380959e-02 -5.12185919e-03 -5.96278311e-03
 -9.98877645e-03 -9.22328521e-03 -6.33599585e-03 -8.29197552e-03
 -1.24393356e-02 -1.42801777e-02 -1.70331525e-02 -1.64996325e-02
 -9.39158690e-03 -1.03431194e-02 -1.30269968e-02 -7.73541618e-03
  1.95209461e-03  2.06652271e-03 -1.43486493e-03  1.87033491e-03
  5.50362809e-04 -2.02974311e-03  2.32737649e-03 -1.54174944e-03
  6.03418179e-03  2.97962594e-03  4.96436678e-03  1.85171798e-04
  3.43308807e-03  1.83820961e-04 -2.36451011e-03 -2.36451011e-03
 -2.36451011e-03 -2.36451011e-03 -2.36451011e-03 -2.36451011e-03
 -2.36451011e-03 -2.36451011e-03 -2.36451011e-03 -2.36451011e-03
 -2.36451011e-03 -2.36451011e-03 -2.36451011e-03 -2.36451011e-03
 -2.36451011e-03 -2.36451011e-03]",498972
1086502278,Vip-IRES-Cre,False,familiar,"[-4.86589455e-03 -4.31398896e-03  8.00742333e-04  4.75038332e-04
  4.60342798e-04  2.74143092e-03  2.53397710e-03  4.48414980e-03
  1.05510607e-02  9.03351737e-03  3.91560396e-03  1.56025680e-04
 -4.83046586e-05  1.39539659e-03 -3.27067392e-03 -6.79000958e-03
 -3.06591909e-03 -5.92269508e-03 -4.97576650e-03 -2.95083357e-03
 -6.53456787e-03 -5.51109452e-03 -5.43733174e-03 -2.62912394e-03
 -1.57487005e-03  2.39676189e-03  5.32534102e-03  3.87025715e-03
  4.21445466e-03  5.53697371e-03  6.23584569e-03  1.03077602e-02
  9.47124617e-03  7.82163092e-03  6.28846427e-03  4.85591033e-03
  3.41077792e-03  6.79012300e-03  3.93148146e-03  4.40005998e-03
  3.51285809e-03  1.60684718e-03 -1.81484793e-03 -2.69537025e-03
 -8.23025960e-03  2.10525404e-03 -1.03647398e-04  1.42409186e-03
 -1.25758134e-03 -1.69051739e-03 -3.17211335e-03 -4.10228668e-03
 -5.62835710e-03 -1.31932222e-03 -2.05037683e-03 -4.74609053e-03
 -6.64129441e-03 -6.39925303e-03 -7.72788946e-03 -8.54383793e-03
 -7.72985665e-03 -6.77766505e-03 -3.85294681e-03 -3.57945767e-03
 -5.40764168e-03 -9.31060848e-03 -1.02210585e-02 -1.26306361e-02
 -7.18437697e-03 -7.92801408e-03 -5.31285330e-03 -1.09020788e-02
 -3.41518535e-03 -4.23213314e-03 -4.70535844e-03 -4.70535844e-03
 -4.70535844e-03 -4.70535844e-03 -4.70535844e-03 -4.70535844e-03
 -4.70535844e-03 -4.70535844e-03 -4.70535844e-03 -4.70535844e-03
 -4.70535844e-03 -4.70535844e-03 -4.70535844e-03 -4.70535844e-03
 -4.70535844e-03 -4.70535844e-03]",489066
1086502278,Vip-IRES-Cre,True,familiar,"[ 0.0016244   0.00188313  0.00314643 -0.00340621  0.0007265   0.00690638
  0.00442575  0.00539845  0.01136275  0.01001301  0.0101274   0.00553594
  0.00418813  0.0024039  -0.00178245 -0.00109138  0.00330323 -0.00632718
 -0.00625937 -0.00382217 -0.00157944 -0.00867552 -0.00598492 -0.00747885
 -0.00153698 -0.00181283 -0.00574545 -0.00725347 -0.00589123 -0.00239795
  0.00297748 -0.00029713  0.00248246  0.0033407   0.00511515  0.01212995
  0.01364606  0.01402885  0.01510791  0.02203258  0.02358588  0.02387834
  0.02751702  0.02712357  0.03015271  0.03709781  0.03752095  0.03866019
  0.04203725  0.04727361  0.05267663  0.05555669  0.05856221  0.06265488
  0.05972784  0.05783255  0.05244044  0.04988197  0.04809035  0.04031933
  0.03662719  0.03244429  0.02757287  0.028095    0.02706414  0.02518321
  0.02515797  0.02233904  0.02117261  0.01960729  0.01886856  0.02729607
  0.02145674  0.02034974  0.01969649  0.01969649  0.01969649  0.01969649
  0.01969649  0.01969649  0.01969649  0.01969649  0.01969649  0.01969649
  0.01969649  0.01969649  0.01969649  0.01969649  0.01969649  0.01969649]",489066
1086502328,Vip-IRES-Cre,False,novel,"[-7.67432197e-04 -5.75900033e-04  6.17177116e-04 -2.06784700e-03
  7.80314441e-04 -1.21365110e-03 -1.53858896e-03 -1.66192712e-03
 -5.47410120e-05 -5.23830110e-04  3.00473989e-04 -4.91552788e-04
 -2.47917560e-03 -1.74609853e-03 -5.53271372e-04  9.47498904e-04
  7.86011143e-03  9.08906234e-03  7.46987865e-03  5.10969771e-03
  1.48799541e-03  2.70825054e-03 -5.43302583e-03  3.89423564e-03
 -4.21784566e-03 -4.00012645e-03 -5.16883578e-03 -1.09232061e-03
 -3.11926984e-03 -3.55925618e-03  8.68210524e-04 -1.27951036e-03
 -2.15769459e-03 -4.88088475e-03 -2.48835079e-03  5.13993298e-03
  8.47031214e-03  1.30328642e-02  2.20718391e-02  2.11474810e-02
  1.71944207e-02  2.18218446e-02  2.24747138e-02  1.21037478e-02
  1.32931770e-02  5.11908856e-03  6.39971928e-03  1.25158584e-03
  2.72837481e-03  1.08010559e-03 -3.81259019e-03 -1.67193378e-03
  5.81375998e-04 -3.45985435e-03 -2.83568688e-03 -3.33798674e-03
 -5.02154856e-03 -5.10739566e-03 -2.56926479e-03  1.94886893e-04
  4.00949460e-03  4.76944512e-03  8.80086984e-03  8.73935008e-03
  5.95190116e-03  4.41884360e-03  6.19243670e-03  2.64889855e-04
 -8.46424971e-04  4.02830524e-03 -2.06056637e-03 -7.40036248e-03
  1.91049183e-03  7.10113633e-04 -2.52390746e-03 -2.52390746e-03
 -2.52390746e-03 -2.52390746e-03 -2.52390746e-03 -2.52390746e-03
 -2.52390746e-03 -2.52390746e-03 -2.52390746e-03 -2.52390746e-03
 -2.52390746e-03 -2.52390746e-03 -2.52390746e-03 -2.52390746e-03
 -2.52390746e-03 -2.52390746e-03]",489066
1086502328,Vip-IRES-Cre,True,novel,"[ 0.00529056  0.00497142  0.00238447  0.00467441  0.00439157  0.00227165
  0.00333683 -0.00138266  0.00090433  0.00349943 -0.00168993 -0.00450135
 -0.00224779 -0.00315534 -0.00235434 -0.00109515  0.00294782  0.00786087
  0.00672661  0.00207166  0.00221875 -0.00022334  0.00104904 -0.00673515
 -0.00498066 -0.0050987  -0.00288892 -0.00681011 -0.00535658 -0.00607941
 -0.00324731 -0.0025767  -0.00405859 -0.00663068 -0.00593308 -0.00100751
  0.00183526  0.00346208  0.00408619  0.00599559  0.00492368  0.00695731
  0.01105083  0.01553606  0.01687274  0.01602935  0.0177119   0.0200483
  0.02129449  0.03014834  0.03411045  0.03283392  0.03173864  0.03916467
  0.0375816   0.03361446  0.03184873  0.02936874  0.02871603  0.0275598
  0.03289417  0.02979034  0.03497361  0.03061911  0.02642711  0.01994478
  0.01409291  0.01250399  0.00835757  0.00853052  0.0047347   0.00128776
  0.00566828  0.00603833  0.00157332  0.00157332  0.00157332  0.00157332
  0.00157332  0.00157332  0.00157332  0.00157332  0.00157332  0.00157332
  0.00157332  0.00157332  0.00157332  0.00157332  0.00157332  0.00157332]",489066
1086502471,Sst-IRES-Cre,False,familiar,"[-0.00227711 -0.0020652  -0.00094285 -0.00599658 -0.00661914 -0.00756018
 -0.00379676 -0.00685296 -0.00936063 -0.00965545 -0.00526528 -0.00357045
  0.00457241  0.00902724  0.01373131  0.01869371  0.02073103  0.02322044
  0.01509981  0.00679448 -0.00144763 -0.00157797 -0.00072272 -0.00590593
 -0.00025224  0.00025014 -0.00903696 -0.01158315 -0.01037401 -0.00725739
 -0.00881106 -0.01166006 -0.01083863 -0.00218078  0.00566888  0.00764848
  0.010696    0.02033423  0.02872705  0.02704985  0.02384351  0.01569002
  0.01349088  0.00054946  0.00132618  0.0043974  -0.00559985 -0.00041143
 -0.00201659 -0.00131183 -0.00382135 -0.00827433 -0.00639796 -0.00744135
 -0.01154619 -0.00386942  0.0073467   0.01576519  0.02266427  0.03532014
  0.03777011  0.03653252  0.0401618   0.03135757  0.02220094  0.01630136
  0.01172115  0.00477968  0.00495408 -0.00276778 -0.00625815 -0.00886581
  0.00093023 -0.00752481 -0.00735759 -0.00735759 -0.00735759 -0.00735759
 -0.00735759 -0.00735759 -0.00735759 -0.00735759 -0.00735759 -0.00735759
 -0.00735759 -0.00735759 -0.00735759 -0.00735759 -0.00735759 -0.00735759]",498972
1086502471,Sst-IRES-Cre,True,familiar,"[-1.10045710e-04 -4.96089995e-04 -4.41637716e-03 -8.15157255e-03
 -1.54727999e-02 -1.47970546e-02 -1.08148323e-02 -1.42304616e-02
 -1.85842518e-02 -1.97141250e-02 -1.59532128e-02 -8.57793492e-03
  3.32320081e-03  9.44185485e-03  1.37667895e-02  2.03421370e-02
  2.85879366e-02  2.81357009e-02  2.63100414e-02  1.86987811e-02
  1.81585030e-02  6.78292692e-03  4.26104447e-03  3.84059589e-03
 -3.53147098e-03 -6.51330015e-03 -8.28932714e-03 -1.14249172e-02
 -9.74585451e-03 -1.08258842e-02 -8.77048619e-03 -1.15168538e-02
 -1.39197919e-02 -1.46845236e-02 -1.56188446e-02 -1.55798467e-02
 -1.94016083e-02 -2.09366687e-02 -2.01994574e-02 -2.05432473e-02
 -1.69657254e-02 -1.46111387e-02 -1.87401162e-02 -1.39324534e-02
 -2.11246815e-02 -1.62241110e-02 -1.78479010e-02 -1.41092331e-02
 -2.04245845e-02 -2.18580215e-02 -1.97901231e-02 -2.07327370e-02
 -1.62449812e-02 -1.93959774e-02 -2.26527491e-02 -1.92941707e-02
 -9.83047123e-03 -6.58297645e-03 -4.65499861e-03  7.51157211e-05
  9.22331370e-03  1.13744473e-02  1.14348848e-02  7.59985780e-03
 -4.03224862e-03 -4.01184900e-03 -1.09918022e-02 -5.02667699e-03
 -5.84555158e-03 -7.23189303e-03 -7.01067367e-03 -1.02766572e-02
 -1.45787734e-02 -1.30707418e-02 -1.76089887e-02 -1.76089887e-02
 -1.76089887e-02 -1.76089887e-02 -1.76089887e-02 -1.76089887e-02
 -1.76089887e-02 -1.76089887e-02 -1.76089887e-02 -1.76089887e-02
 -1.76089887e-02 -1.76089887e-02 -1.76089887e-02 -1.76089887e-02
 -1.76089887e-02 -1.76089887e-02]",498972
1086502594,Sst-IRES-Cre,False,familiar,"[-0.00242991 -0.00259551 -0.00345046 -0.00101978 -0.00744359 -0.00573027
 -0.01162342 -0.01389966 -0.01370516 -0.01241653 -0.00944686  0.00195708
  0.01144725  0.0184407   0.02147464  0.02991358  0.02663837  0.0235795
  0.01417519  0.00454467  0.01095755 -0.0049724  -0.00647182 -0.00507794
 -0.00699411 -0.0081429  -0.01629694 -0.01183879 -0.00660114 -0.01297134
 -0.01529143 -0.01666073 -0.01550768 -0.00377341  0.00228425  0.01258116
  0.03009916  0.03814448  0.03241562  0.03645994  0.02362676  0.02383107
  0.01869958  0.00485049  0.00200636 -0.00576339 -0.01184685 -0.0111642
 -0.01289628 -0.00863177 -0.0161536  -0.01874105 -0.01285784 -0.01746839
 -0.01672534 -0.00245978  0.01925704  0.04315296  0.05119649  0.05922809
  0.06745623  0.06466448  0.05851337  0.04403512  0.03010086  0.02276395
  0.01990749  0.01912598  0.00588111  0.00324153 -0.00303096 -0.00020774
 -0.00931479 -0.01589608 -0.00905573 -0.00905573 -0.00905573 -0.00905573
 -0.00905573 -0.00905573 -0.00905573 -0.00905573 -0.00905573 -0.00905573
 -0.00905573 -0.00905573 -0.00905573 -0.00905573 -0.00905573 -0.00905573]",498972
1086502594,Sst-IRES-Cre,True,familiar,"[-0.00391158 -0.00431683 -0.00845164 -0.01036407 -0.00954619 -0.01580201
 -0.02111499 -0.02294314 -0.02312625 -0.02109197 -0.02263422 -0.00956086
  0.00124503  0.01107675  0.01849191  0.02911827  0.03717791  0.03713123
  0.03846223  0.03009     0.01384725  0.01300668  0.00836741 -0.00828411
 -0.00363759 -0.00658629 -0.00723167 -0.01271065 -0.0122863  -0.01441432
 -0.01968926 -0.02401988 -0.02285684 -0.01681545 -0.02008307 -0.02152829
 -0.0202062  -0.02748307 -0.03467983 -0.03208546 -0.03246908 -0.03189883
 -0.03604057 -0.02720859 -0.0343068  -0.02290825 -0.03860756 -0.03443268
 -0.03644785 -0.0326677  -0.03855068 -0.02994027 -0.03218479 -0.03411603
 -0.03280019 -0.0315221  -0.01780123 -0.0040596   0.00048693  0.00686742
  0.0150361   0.01562262  0.01019932  0.00762826  0.00604689  0.00281444
 -0.0104386  -0.01334808 -0.02019086 -0.02254984 -0.02087781 -0.01723714
 -0.02730198 -0.0246128  -0.0281248  -0.0281248  -0.0281248  -0.0281248
 -0.0281248  -0.0281248  -0.0281248  -0.0281248  -0.0281248  -0.0281248
 -0.0281248  -0.0281248  -0.0281248  -0.0281248  -0.0281248  -0.0281248 ]",498972
1086555190,Vip-IRES-Cre,False,familiar,"[-0.04199953 -0.04010589 -0.02319418 -0.01687101 -0.00114751  0.01376005
  0.03051652  0.04139552  0.05705494  0.07178494  0.07028049  0.050498
  0.0329288   0.01345112 -0.00623257 -0.02394631 -0.02585745 -0.03317674
 -0.05013003 -0.06405628 -0.06652305 -0.05830534 -0.05826761 -0.03083528
 -0.01417217  0.0049728   0.01737624  0.04151381  0.05118034  0.0581074
  0.06055434  0.0778365   0.09628798  0.08725732  0.06585202  0.04989228
  0.03317078  0.016037    0.0065422  -0.00689061 -0.01521726 -0.03723176
 -0.05496099 -0.06110338 -0.06108962 -0.05398428 -0.0529277  -0.05246501
 -0.04890883 -0.04225143 -0.03719672 -0.02401268 -0.02025567 -0.0133605
 -0.00745921 -0.01089719 -0.03382983 -0.05332132 -0.06204121 -0.07149089
 -0.07678505 -0.09165775 -0.09662869 -0.11244686 -0.11822137 -0.12292686
 -0.12578549 -0.12046767 -0.10328028 -0.09994077 -0.08265661 -0.07978297
 -0.08499307 -0.06951079 -0.07865812 -0.07865812 -0.07865812 -0.07865812
 -0.07865812 -0.07865812 -0.07865812 -0.07865812 -0.07865812 -0.07865812
 -0.07865812 -0.07865812 -0.07865812 -0.07865812 -0.07865812 -0.07865812]",492395
1086555190,Vip-IRES-Cre,False,novel,"[-0.04190531 -0.04048836 -0.02667918 -0.01623445 -0.00973187 -0.00233497
 -0.00429261 -0.01104044 -0.01826444 -0.01496362  0.00395888  0.02326466
  0.03247213  0.04510527  0.05372845  0.05400227  0.04327673  0.02916393
  0.01370999 -0.0046768  -0.02110285 -0.02177088 -0.01788569 -0.01630264
 -0.01279587 -0.01308704 -0.01104755  0.00045903  0.00073836  0.00472487
  0.00241232  0.00535366  0.03553384  0.06895622  0.08948768  0.10680574
  0.12193301  0.11957177  0.10670605  0.09253763  0.07304939  0.05789609
  0.03740841  0.01191904  0.00111481 -0.01875122 -0.02667078 -0.04050519
 -0.0471463  -0.05361877 -0.06335388 -0.06957062 -0.07185375 -0.07255002
 -0.06809124 -0.05294442 -0.03545459 -0.03277437 -0.03242577 -0.03655116
 -0.04285305 -0.05218161 -0.07112826 -0.09285947 -0.10145536 -0.11592436
 -0.11848123 -0.11991757 -0.12347417 -0.12617175 -0.12078831 -0.11394173
 -0.10968643 -0.1079003  -0.10743274 -0.10743274 -0.10743274 -0.10743274
 -0.10743274 -0.10743274 -0.10743274 -0.10743274 -0.10743274 -0.10743274
 -0.10743274 -0.10743274 -0.10743274 -0.10743274 -0.10743274 -0.10743274]",492395
1086555190,Vip-IRES-Cre,True,familiar,"[-1.43963462e-02 -1.35104716e-02 -5.82344709e-03 -4.06815973e-03
  6.62367879e-03  2.17625259e-02  2.65471405e-02  3.78757304e-02
  4.60386629e-02  5.72474097e-02  6.80693899e-02  6.35560251e-02
  4.47722987e-02  2.74433157e-02  1.18402777e-02 -1.03067142e-03
 -1.86351966e-02 -2.08206963e-02 -3.42731234e-02 -5.17279296e-02
 -5.14129653e-02 -4.31630019e-02 -3.97108311e-02 -2.63271978e-02
 -2.61759406e-02 -2.13933295e-02 -2.09861391e-02 -1.15685074e-02
  1.35985233e-04 -6.88848594e-03 -1.02563750e-02 -1.55189481e-02
 -1.10251597e-02 -7.76690508e-03 -9.40614360e-03 -6.26815689e-03
  1.42151232e-02  2.08389318e-02  2.93543436e-02  5.22412065e-02
  7.41624159e-02  1.05254292e-01  1.23661330e-01  1.49577588e-01
  1.81556009e-01  1.84782650e-01  2.10424402e-01  2.40102306e-01
  2.70039287e-01  2.97767513e-01  3.43276529e-01  3.79979720e-01
  4.19067125e-01  4.48630552e-01  4.73641759e-01  4.82491507e-01
  4.59833484e-01  4.28320488e-01  3.98440681e-01  3.73015725e-01
  3.47462606e-01  3.20947155e-01  3.00919065e-01  2.86161745e-01
  2.77490448e-01  2.44664063e-01  2.47514804e-01  2.43606446e-01
  2.42286299e-01  2.57302312e-01  2.76762058e-01  2.87948166e-01
  3.05977083e-01  3.16679073e-01  3.19470216e-01  3.19470216e-01
  3.19470216e-01  3.19470216e-01  3.19470216e-01  3.19470216e-01
  3.19470216e-01  3.19470216e-01  3.19470216e-01  3.19470216e-01
  3.19470216e-01  3.19470216e-01  3.19470216e-01  3.19470216e-01
  3.19470216e-01  3.19470216e-01]",492395
1086555190,Vip-IRES-Cre,True,novel,"[-8.27199056e-03 -9.73931900e-03 -2.09624131e-02 -1.09797300e-02
 -5.55097255e-03 -1.76308218e-02 -2.41728049e-02 -2.37767305e-02
 -2.53800256e-02 -2.62269259e-02 -2.16455553e-02  4.82978764e-03
  3.24404865e-02  4.05080161e-02  4.64834838e-02  3.93350914e-02
  4.81182476e-02  4.61933887e-02  3.86440013e-02  2.31880351e-02
  2.85386511e-03 -3.89595979e-03 -4.66556442e-03  5.53291015e-05
 -1.05303192e-02 -6.30618250e-03 -1.50647134e-02 -2.45520308e-02
 -3.04472259e-02 -3.28504473e-02 -3.89581787e-02 -3.68517937e-02
 -4.03281225e-02 -4.13820048e-02 -3.26990264e-02 -2.61732621e-02
 -2.66611056e-02 -2.39420127e-02 -2.66522213e-02 -3.84152660e-02
 -4.36704146e-02 -6.05396112e-02 -7.23890048e-02 -5.28893040e-02
 -6.42136727e-02 -6.22479194e-02 -6.50744798e-02 -6.87057495e-02
 -6.14714536e-02 -6.38165522e-02 -5.22232446e-02 -5.38444597e-02
 -5.16980451e-02 -5.05375028e-02 -3.37213384e-02  3.19427135e-03
  4.10206198e-02  5.76270290e-02  7.97435778e-02  8.79492003e-02
  8.35274474e-02  7.65980083e-02  5.82663671e-02  3.45177262e-02
  1.53787990e-02  2.90844149e-03 -1.08081737e-02 -1.99865274e-02
 -3.26406768e-02 -2.27835819e-02 -3.23377746e-02 -3.18237210e-02
 -3.31596217e-02 -4.00480062e-02 -2.68365651e-02 -2.68365651e-02
 -2.68365651e-02 -2.68365651e-02 -2.68365651e-02 -2.68365651e-02
 -2.68365651e-02 -2.68365651e-02 -2.68365651e-02 -2.68365651e-02
 -2.68365651e-02 -2.68365651e-02 -2.68365651e-02 -2.68365651e-02
 -2.68365651e-02 -2.68365651e-02]",492395
1086555432,Vip-IRES-Cre,False,familiar,"[ 0.00916164  0.00831874  0.00128595  0.00175178 -0.00107212 -0.00096303
 -0.00315366 -0.00136507 -0.00468114 -0.00288444  0.0011592   0.00053723
 -0.00168526 -0.00083865  0.00099133 -0.00114897  0.00075502  0.01121155
  0.01599402  0.00104656  0.00645623  0.00444551 -0.00373564  0.00102341
 -0.00056591 -0.0086341  -0.0061934  -0.00594764 -0.01175501 -0.00951413
 -0.01136166 -0.01121572 -0.00224359  0.00731949  0.00651478  0.00570149
  0.01240306  0.01636081  0.01788615  0.02026937  0.01778178  0.01017006
  0.00848828  0.00298552  0.0043795   0.00704358 -0.00378279 -0.00115005
 -0.00556895 -0.00610595 -0.01017724 -0.00889807 -0.0082777  -0.01681931
 -0.01562916 -0.01160896 -0.0079691  -0.00544976 -0.00776086 -0.01209919
 -0.01004722 -0.00066501  0.00041894  0.00155114 -0.00362944 -0.00687083
 -0.00245218 -0.00720128 -0.00543091 -0.00170196 -0.00249188 -0.00208508
 -0.00912951 -0.00569443 -0.00319578 -0.00319578 -0.00319578 -0.00319578
 -0.00319578 -0.00319578 -0.00319578 -0.00319578 -0.00319578 -0.00319578
 -0.00319578 -0.00319578 -0.00319578 -0.00319578 -0.00319578 -0.00319578]",492395
1086555432,Vip-IRES-Cre,False,novel,"[ 0.01006209  0.00874048 -0.00603415 -0.02704512 -0.03514654 -0.04863668
 -0.06139214 -0.0675566  -0.07463646 -0.07517728 -0.0466301  -0.01308977
  0.02528715  0.04846007  0.06767369  0.07794086  0.08647346  0.08250556
  0.08188163  0.06275018  0.04969523  0.04056918  0.02094615  0.00399539
 -0.0014282  -0.01981086 -0.03295155 -0.03936671 -0.04781132 -0.07026765
 -0.08240622 -0.07674753 -0.03369629  0.03175335  0.09562974  0.13993899
  0.16077508  0.17595827  0.18117305  0.18070734  0.16195459  0.14684878
  0.13023086  0.10513295  0.09031731  0.0696432   0.04661776  0.02490882
  0.01247977  0.0081057  -0.01599591 -0.02373122 -0.03354293 -0.04018709
 -0.02686737  0.00716194  0.03252525  0.05212694  0.06459117  0.06775974
  0.06756456  0.06888757  0.06604904  0.05378217  0.0378372   0.02102945
  0.00207483 -0.01059563 -0.02478218 -0.02881309 -0.04719072 -0.05514524
 -0.06745396 -0.08162087 -0.0891695  -0.0891695  -0.0891695  -0.0891695
 -0.0891695  -0.0891695  -0.0891695  -0.0891695  -0.0891695  -0.0891695
 -0.0891695  -0.0891695  -0.0891695  -0.0891695  -0.0891695  -0.0891695 ]",492395
1086555432,Vip-IRES-Cre,True,familiar,"[ 0.00458065  0.00532772  0.00896905 -0.00648599 -0.00415082 -0.00551902
 -0.00272454 -0.00412674 -0.00710077 -0.00242622 -0.00156502  0.00154337
 -0.00032708 -0.00150079 -0.00698265 -0.00151262  0.00509211  0.00682644
  0.00615531  0.01495038  0.00983763  0.00552529 -0.00030214  0.00203492
 -0.00307125  0.00439262  0.00290679 -0.01025905 -0.0106439  -0.00944367
 -0.00689882 -0.01711831 -0.0148617  -0.01587634 -0.01554469 -0.01720621
 -0.02016625 -0.01271903 -0.01256837 -0.01451514 -0.01005652 -0.01206486
 -0.00221067 -0.00054416 -0.00549319  0.00317395  0.01391495  0.01900511
  0.0295797   0.03298003  0.03248176  0.03404227  0.03250684  0.03617565
  0.04517231  0.05182649  0.0527329   0.05088856  0.05032318  0.04789138
  0.05271345  0.05091795  0.04884343  0.05456313  0.05597235  0.054113
  0.03981855  0.04244157  0.03380781  0.03132024  0.03116832  0.02899308
  0.0232697   0.02239658  0.01840111  0.01840111  0.01840111  0.01840111
  0.01840111  0.01840111  0.01840111  0.01840111  0.01840111  0.01840111
  0.01840111  0.01840111  0.01840111  0.01840111  0.01840111  0.01840111]",492395
1086555432,Vip-IRES-Cre,True,novel,"[ 0.01073528  0.0094247  -0.00397225 -0.01968066 -0.03345577 -0.03847712
 -0.06156786 -0.07588159 -0.08495623 -0.08817674 -0.07404881 -0.03382204
  0.00268892  0.03403467  0.06101154  0.07408726  0.0889788   0.0966647
  0.10321063  0.06839461  0.0623768   0.03902157  0.02445763  0.02720017
 -0.01098495 -0.00369961 -0.03275441 -0.0345912  -0.04527014 -0.06094793
 -0.07392896 -0.07896785 -0.08838165 -0.10299727 -0.1086487  -0.10647595
 -0.11261823 -0.12664787 -0.1343911  -0.13651285 -0.13826679 -0.14481761
 -0.16668749 -0.16425709 -0.15699924 -0.15273389 -0.16619154 -0.16109519
 -0.16570264 -0.17626973 -0.17258115 -0.17627392 -0.17617205 -0.17877154
 -0.16450305 -0.12876598 -0.07663119 -0.03563568 -0.00315211  0.0101284
  0.02095649  0.0427045   0.03966219  0.04218679  0.04576292  0.02782019
 -0.0015552  -0.00206208 -0.03784264 -0.04432639 -0.06565468 -0.06666688
 -0.08534531 -0.09263778 -0.09417169 -0.09417169 -0.09417169 -0.09417169
 -0.09417169 -0.09417169 -0.09417169 -0.09417169 -0.09417169 -0.09417169
 -0.09417169 -0.09417169 -0.09417169 -0.09417169 -0.09417169 -0.09417169]",492395
1086556094,Vip-IRES-Cre,False,familiar,"[ 0.00259051  0.00264078  0.00276912  0.00155206  0.00385287  0.00718078
  0.00480897  0.00052188  0.00417018  0.0025418  -0.00392095 -0.00542265
 -0.00686692 -0.00879014 -0.00915648 -0.01068482 -0.00893561 -0.00625986
 -0.00382271 -0.00689392 -0.00402359  0.003126   -0.00446166  0.00520289
  0.00825253  0.00758475  0.00220449  0.00413792  0.00567954  0.01042226
  0.00931623  0.00032556  0.00123033 -0.00037862 -0.00096218 -0.00266895
 -0.00454637 -0.0003152   0.00015041 -0.0062669  -0.00593021 -0.00117231
  0.00545235  0.00644347  0.01052302  0.01146936  0.00889374  0.01008827
  0.0045443   0.00532349  0.00503734  0.00539534  0.00826446  0.01083207
  0.00235328  0.00236564 -0.00028809 -0.0035212  -0.00650252 -0.00572992
 -0.00462223 -0.00399288 -0.00440012 -0.0023375  -0.005812   -0.00597657
  0.00048512  0.00464761  0.00481822  0.00384566  0.00058389  0.00699317
  0.00780184  0.0040165   0.0101389   0.0101389   0.0101389   0.0101389
  0.0101389   0.0101389   0.0101389   0.0101389   0.0101389   0.0101389
  0.0101389   0.0101389   0.0101389   0.0101389   0.0101389   0.0101389 ]",492395
1086556094,Vip-IRES-Cre,True,familiar,"[-0.00081265 -0.0006107   0.00080244  0.00065227  0.00457355 -0.00304999
  0.00272296  0.00682822  0.00595302  0.0010401  -0.00215536 -0.00632272
 -0.00737458 -0.00484623 -0.00797335 -0.00579321 -0.00795045 -0.00217856
 -0.00735921 -0.00260159 -0.00209126 -0.00473793  0.00320522  0.00705363
  0.00843648  0.00349124  0.00292583  0.00710137  0.00484973  0.00622173
  0.00629588  0.00470098  0.00663224  0.01016056  0.00752295  0.00636167
  0.00528974  0.00719481  0.00838136  0.01305858  0.01199981  0.01082632
  0.01572886  0.01499954  0.0135688   0.01514983  0.01647361  0.0176744
  0.01666823  0.01116389  0.02088042  0.02322906  0.02599398  0.02253806
  0.01885121  0.01913375  0.01583264  0.01107609  0.00344134  0.00137061
  0.00524823  0.00988217  0.0139253   0.00973372  0.00717216  0.00614903
  0.00730007  0.01979051  0.0189206   0.0192429   0.01722719  0.01324789
  0.01094397  0.01224121  0.01017752  0.01017752  0.01017752  0.01017752
  0.01017752  0.01017752  0.01017752  0.01017752  0.01017752  0.01017752
  0.01017752  0.01017752  0.01017752  0.01017752  0.01017752  0.01017752]",492395
1086556416,Vip-IRES-Cre,False,familiar,"[ 1.88287811e-03  1.67236367e-03 -7.82216701e-04 -2.78739962e-03
  2.98143996e-03 -2.03855396e-03 -1.51412021e-03  1.08585123e-03
 -2.96643320e-03  3.05399110e-03  1.91079434e-03 -7.07759768e-03
  5.17670990e-04  1.73674911e-03 -1.61623888e-03 -8.71241109e-04
  2.53135714e-03  3.41011940e-03  1.12448217e-03 -5.18477983e-04
  2.82072736e-03 -3.36795238e-04 -4.79666935e-03 -5.35848265e-03
  3.96814577e-03  4.38297667e-03  1.32625983e-03 -2.32019676e-03
 -2.65475427e-03  1.23337080e-03  4.43183539e-03  5.97478299e-03
  7.03825801e-03  8.20893651e-03  3.24340496e-03 -1.87225946e-03
 -2.40239358e-05 -3.83842641e-04 -3.41544503e-04  5.73094843e-04
 -1.44803616e-03 -4.75902792e-03  8.43130467e-04 -3.61939780e-03
 -6.03692136e-03 -9.29186908e-03 -1.10671204e-02 -7.95979035e-03
 -8.19258142e-03 -7.45320672e-03 -4.27228656e-03 -7.58313033e-03
 -2.17462985e-03 -4.53885203e-03 -6.24938796e-03 -6.90029394e-03
 -3.46203417e-03 -2.98951181e-03 -9.21508919e-03 -8.76551071e-03
 -6.33391150e-03 -8.80647761e-03 -8.84434264e-03 -1.13357803e-02
 -9.61322141e-03 -6.98596886e-03 -1.83406887e-02 -1.09102641e-02
 -8.84284888e-03 -1.03089270e-02 -8.74589857e-03 -1.11616782e-03
 -5.48041204e-03 -5.74512289e-03 -1.21233894e-03 -1.21233894e-03
 -1.21233894e-03 -1.21233894e-03 -1.21233894e-03 -1.21233894e-03
 -1.21233894e-03 -1.21233894e-03 -1.21233894e-03 -1.21233894e-03
 -1.21233894e-03 -1.21233894e-03 -1.21233894e-03 -1.21233894e-03
 -1.21233894e-03 -1.21233894e-03]",492395
1086556416,Vip-IRES-Cre,False,novel,"[-0.00148898 -0.00111889  0.00101533 -0.0056572  -0.01055273 -0.01572828
 -0.01069571 -0.01376419 -0.01295516 -0.0112343  -0.00060346  0.00905754
  0.01198956  0.01868093  0.01583151  0.01213343  0.01386646  0.01561515
  0.01145534  0.01307093  0.00718709  0.0082732  -0.00041309 -0.00214487
 -0.00686388 -0.00473312 -0.00457025 -0.01093956 -0.01344101 -0.0112718
 -0.01085092 -0.01156714 -0.00227573  0.01531279  0.02608739  0.03183284
  0.03438709  0.03331324  0.0301783   0.03001039  0.03155834  0.0261509
  0.01911969  0.01082246  0.00903592 -0.00201606 -0.00053419 -0.00289541
 -0.00409173 -0.01547368 -0.01034494 -0.01307015 -0.01277827 -0.00806291
 -0.00972789 -0.00364471  0.00570645  0.00929329  0.00980243  0.01233725
  0.00727603  0.00701101  0.00495602  0.00240609 -0.00384848  0.00290322
 -0.00562659 -0.0040028  -0.00811078 -0.00599339 -0.01076825 -0.00836137
 -0.01569512 -0.01448035 -0.01443552 -0.01443552 -0.01443552 -0.01443552
 -0.01443552 -0.01443552 -0.01443552 -0.01443552 -0.01443552 -0.01443552
 -0.01443552 -0.01443552 -0.01443552 -0.01443552 -0.01443552 -0.01443552]",492395
1086556416,Vip-IRES-Cre,True,familiar,"[ 1.01067910e-02  9.84905696e-03  7.59471154e-03  5.39281425e-03
 -1.47489105e-03  6.17959838e-03  3.27360844e-03 -1.00598681e-05
  4.86976452e-03  3.69976564e-04 -2.24960796e-03 -1.21944297e-03
 -4.36329111e-03 -7.54031941e-03 -4.03763016e-03 -6.67665340e-03
  5.32911512e-03 -8.82607013e-04 -1.97966121e-03  1.14933041e-02
 -1.89669674e-04 -8.51224407e-03 -1.11091507e-03  3.23076352e-04
 -5.30611952e-03  6.68237790e-03 -4.90810086e-03 -6.63571477e-03
 -6.03962572e-03 -8.32764121e-03 -1.80708289e-03 -5.58741453e-03
 -5.29401186e-03 -5.59526590e-03 -6.84102768e-03 -4.89074413e-03
 -7.93996496e-03 -4.12004549e-03 -6.06984472e-03 -4.95984707e-03
 -6.67847827e-04 -5.11159626e-03  1.10740325e-02  1.37019655e-02
  2.25815022e-02  2.03295912e-02  1.46493804e-02  2.23305155e-02
  2.56945930e-02  2.50274229e-02  3.23179585e-02  3.96961167e-02
  4.37102022e-02  4.71531974e-02  3.97923574e-02  4.52090116e-02
  5.53931846e-02  4.91183336e-02  3.82441988e-02  3.45328706e-02
  3.88489752e-02  4.20795579e-02  4.21164878e-02  3.53119603e-02
  2.66745911e-02  3.03751889e-02  2.98113788e-02  1.67628121e-02
  1.78575517e-02  1.70122232e-02  1.17445340e-02  1.00073487e-02
  9.08914701e-03  1.11531795e-02  1.08405539e-02  1.08405539e-02
  1.08405539e-02  1.08405539e-02  1.08405539e-02  1.08405539e-02
  1.08405539e-02  1.08405539e-02  1.08405539e-02  1.08405539e-02
  1.08405539e-02  1.08405539e-02  1.08405539e-02  1.08405539e-02
  1.08405539e-02  1.08405539e-02]",492395
1086556416,Vip-IRES-Cre,True,novel,"[-0.008457   -0.00844162 -0.00712269  0.00090167  0.00422303 -0.00198145
 -0.00532817 -0.0056762  -0.00776211 -0.01369035 -0.0145427  -0.00450664
  0.00918395  0.00728604  0.01227449  0.01986193  0.02029955  0.01271063
  0.01346305  0.01554212  0.00524001  0.00370352 -0.00029194 -0.00069229
 -0.00139388 -0.0076641  -0.0119897  -0.00816685 -0.00730736 -0.00967493
 -0.01242749 -0.01726623 -0.01580159 -0.01808199 -0.02264708 -0.02900403
 -0.02687897 -0.02127794 -0.0205195  -0.01537234 -0.01847126 -0.01805577
 -0.02285815 -0.01303958 -0.01192798 -0.01244548 -0.0090048  -0.01183153
 -0.00974327 -0.00866627 -0.00950575 -0.00330587  0.0035733   0.00496976
  0.00337993  0.01312354  0.02847173  0.03279644  0.0341377   0.03528881
  0.03100787  0.03537665  0.03429295  0.02957374  0.02620106  0.02928962
  0.00923645  0.01453973 -0.00292307  0.00638733  0.00391496  0.00503222
 -0.00227504 -0.00992784 -0.01043514 -0.01043514 -0.01043514 -0.01043514
 -0.01043514 -0.01043514 -0.01043514 -0.01043514 -0.01043514 -0.01043514
 -0.01043514 -0.01043514 -0.01043514 -0.01043514 -0.01043514 -0.01043514]",492395
1086556696,Vip-IRES-Cre,False,familiar,"[ 7.62083482e-03  6.90085586e-03  1.34323488e-03  3.87181179e-03
 -8.43783036e-04  2.42840579e-03  2.03086661e-03  4.10828225e-03
  1.02748831e-02  1.12687065e-02  9.51770697e-03  2.37964353e-03
 -3.47865081e-03 -6.68889676e-03 -3.19760465e-03 -4.25734448e-03
 -1.02300021e-03 -8.17296890e-03 -4.52834053e-03 -3.36563097e-03
 -9.59110966e-03 -5.86396396e-05 -9.92248112e-04 -6.09215744e-03
 -4.68089286e-03  4.42038572e-04 -1.14530179e-04  5.47875062e-04
 -7.82032947e-04 -4.86731454e-03 -4.93749746e-03 -2.88046339e-03
  6.71335637e-04 -1.56549118e-03 -5.62227341e-03 -1.52248310e-03
  7.26555814e-04  1.37529551e-04 -8.42046160e-05 -9.42204446e-04
 -9.28700451e-03 -1.21848424e-02 -1.30238722e-02 -1.96537848e-02
 -1.20137242e-02 -1.74915301e-02 -1.50165058e-02 -2.12337616e-02
 -2.02540942e-02 -2.14044793e-02 -1.89448578e-02 -2.08383712e-02
 -2.32848411e-02 -2.48142319e-02 -2.26152016e-02 -2.60758528e-02
 -3.03677285e-02 -3.20193000e-02 -3.26712487e-02 -3.15041013e-02
 -3.05924147e-02 -2.78116454e-02 -2.68630419e-02 -3.01410872e-02
 -3.30634444e-02 -2.80511713e-02 -2.93389829e-02 -3.01935391e-02
 -2.10704642e-02 -2.42339359e-02 -2.09649400e-02 -2.08769497e-02
 -1.49924506e-02 -1.40080962e-02 -1.49057533e-02 -1.49057533e-02
 -1.49057533e-02 -1.49057533e-02 -1.49057533e-02 -1.49057533e-02
 -1.49057533e-02 -1.49057533e-02 -1.49057533e-02 -1.49057533e-02
 -1.49057533e-02 -1.49057533e-02 -1.49057533e-02 -1.49057533e-02
 -1.49057533e-02 -1.49057533e-02]",492395
1086556696,Vip-IRES-Cre,False,novel,"[ 9.74119328e-03  9.66584765e-03  8.00152624e-03  1.08031777e-03
 -5.92237198e-03 -1.66298365e-02 -2.69951956e-02 -3.77916919e-02
 -3.89970014e-02 -3.82690866e-02 -2.67694401e-02 -7.44486718e-03
  4.97396661e-03  1.05958021e-02  1.31211481e-02  1.88008424e-02
  2.31496244e-02  3.28291126e-02  3.86779882e-02  3.82925043e-02
  2.72645507e-02  2.13907687e-02  1.74897973e-02  1.66240787e-02
  9.36226260e-03  1.34649225e-03 -1.68564540e-02 -2.18358334e-02
 -2.92622515e-02 -3.56337938e-02 -3.84384153e-02 -3.75500113e-02
 -2.59729330e-02  8.64160112e-03  3.91271450e-02  6.49363863e-02
  7.66678089e-02  7.97544055e-02  8.17291746e-02  8.42342142e-02
  8.47015100e-02  8.45546032e-02  7.59888344e-02  7.54632846e-02
  6.38289776e-02  4.78200569e-02  3.57248402e-02  2.62167983e-02
  6.93185156e-03  3.74682903e-06 -1.36201886e-02 -1.80580324e-02
 -3.23253506e-02 -4.05838653e-02 -3.33541288e-02 -2.67769095e-02
 -1.56956526e-02 -2.68447720e-03 -7.07597243e-04  5.93443792e-03
  1.41591292e-02  2.14816101e-02  2.36115725e-02  2.43857532e-02
  1.14234746e-02  6.34047420e-03  4.01955620e-03 -4.80545681e-03
 -1.14672098e-02 -2.39942241e-02 -2.14131708e-02 -3.48895260e-02
 -3.78927979e-02 -4.32644179e-02 -5.08369563e-02 -5.08369563e-02
 -5.08369563e-02 -5.08369563e-02 -5.08369563e-02 -5.08369563e-02
 -5.08369563e-02 -5.08369563e-02 -5.08369563e-02 -5.08369563e-02
 -5.08369563e-02 -5.08369563e-02 -5.08369563e-02 -5.08369563e-02
 -5.08369563e-02 -5.08369563e-02]",492395
1086556696,Vip-IRES-Cre,True,familiar,"[ 0.00377368  0.00404533  0.00598471  0.00377905  0.00547063  0.00482574
 -0.00073645 -0.00198215 -0.00346722 -0.0056507  -0.00075195 -0.00401085
 -0.00719278 -0.0049922  -0.0076295  -0.003136    0.00134122  0.00103818
  0.00025462 -0.00086623  0.00303057 -0.00470009 -0.00054512 -0.00143565
  0.00276146  0.00424197  0.00118565  0.00222006  0.00338599 -0.00024197
 -0.00371254 -0.00632204 -0.00660048 -0.01008638 -0.01237814 -0.0071347
 -0.00609563 -0.00200621  0.00118545  0.0052156   0.00897961  0.01750289
  0.02216323  0.03540816  0.05228086  0.05456898  0.06532801  0.07850593
  0.0874388   0.09757453  0.10873377  0.13230038  0.14018594  0.14597137
  0.14710033  0.14968329  0.14194374  0.12798917  0.11738038  0.10321066
  0.0949793   0.09221222  0.08866582  0.0838892   0.08486281  0.07758531
  0.07794018  0.0661784   0.06937837  0.05237632  0.05852184  0.0514051
  0.04272146  0.04943525  0.04711811  0.04711811  0.04711811  0.04711811
  0.04711811  0.04711811  0.04711811  0.04711811  0.04711811  0.04711811
  0.04711811  0.04711811  0.04711811  0.04711811  0.04711811  0.04711811]",492395
1086556696,Vip-IRES-Cre,True,novel,"[ 0.00306439  0.00393098  0.01007808  0.00037466 -0.01128027 -0.02583178
 -0.03718661 -0.03362796 -0.05080817 -0.05911427 -0.05470388 -0.0323082
 -0.01765224 -0.00864421  0.00045674  0.00868459  0.01954322  0.03089998
  0.03615117  0.03913775  0.03789692  0.03093395  0.03089446  0.02963839
  0.02546313  0.0244856   0.01289146  0.00046963  0.00057182 -0.01440933
 -0.02621272 -0.03099974 -0.03473607 -0.04653335 -0.05454614 -0.06535976
 -0.06340529 -0.06575004 -0.06015434 -0.06363701 -0.06335868 -0.06105154
 -0.07079828 -0.06653495 -0.06953802 -0.07527016 -0.04923441 -0.06448938
 -0.05731249 -0.06050371 -0.06242407 -0.06034959 -0.05799745 -0.06018602
 -0.04457464 -0.02195494  0.00606524  0.02590487  0.04895942  0.04988274
  0.05152662  0.0679265   0.05762158  0.05585582  0.05041964  0.03722705
  0.03794406  0.0204731   0.00884546  0.00645863 -0.00732091 -0.01514758
 -0.02439505 -0.02911888 -0.03610072 -0.03610072 -0.03610072 -0.03610072
 -0.03610072 -0.03610072 -0.03610072 -0.03610072 -0.03610072 -0.03610072
 -0.03610072 -0.03610072 -0.03610072 -0.03610072 -0.03610072 -0.03610072]",492395
1086557082,Vip-IRES-Cre,False,familiar,"[ 1.34061816e-02  1.18279010e-02 -1.35499433e-03  6.95307500e-04
 -2.92037889e-03  2.36486130e-03  5.76038359e-04 -1.69981222e-03
 -5.65423913e-04  4.09913925e-03  1.68965923e-03 -3.09997388e-03
 -4.56026681e-03 -1.30439421e-02 -1.53229775e-02 -1.04476575e-02
 -6.06634554e-03 -4.86555846e-03 -1.63353797e-03 -8.13671671e-03
  1.07433921e-03  2.34002724e-03  7.21218746e-03 -1.32222284e-03
  6.21150315e-03  6.50828128e-03  3.18664540e-03  2.57172600e-03
  5.04853093e-03  6.22747970e-03  5.72709650e-03  5.49160311e-03
  1.31700640e-03 -2.41029886e-04  4.36561635e-03  7.56034883e-03
  5.17403665e-03  6.14237923e-03  1.02907186e-02  1.32919733e-02
  5.09301019e-03  8.38089602e-03  2.41454156e-03  6.80324604e-03
  4.04621171e-03  4.68431951e-03  9.70213610e-05 -4.92726426e-04
  3.78659456e-03  6.02076431e-03  3.24437754e-03  4.45308700e-03
  4.79162334e-03 -2.68572411e-03 -5.97933965e-04  3.64424091e-04
 -7.39919327e-04  3.43127032e-03 -9.62819409e-04 -4.35860446e-03
 -4.81690852e-03 -3.79092811e-03  1.78642296e-04  2.28241597e-03
 -6.54831271e-03 -3.20961580e-03 -3.79248361e-03 -9.70585397e-05
 -1.50150814e-03 -3.20908771e-03 -5.22971922e-03  1.33664914e-03
  5.89640984e-03 -4.52757886e-03 -1.30201768e-03 -1.30201768e-03
 -1.30201768e-03 -1.30201768e-03 -1.30201768e-03 -1.30201768e-03
 -1.30201768e-03 -1.30201768e-03 -1.30201768e-03 -1.30201768e-03
 -1.30201768e-03 -1.30201768e-03 -1.30201768e-03 -1.30201768e-03
 -1.30201768e-03 -1.30201768e-03]",492395
1086557082,Vip-IRES-Cre,False,novel,"[ 0.00891251  0.00792894 -0.00137783 -0.00528783 -0.00286409 -0.00903851
 -0.009866   -0.01516133 -0.02054694 -0.02115509 -0.01700291 -0.01087632
 -0.00066077  0.00356613  0.00962367  0.02099055  0.03071057  0.03423489
  0.02946935  0.00988457  0.01110173  0.00772786  0.00125427 -0.00181814
 -0.00875787 -0.00454554 -0.01010403 -0.00909636 -0.00921713 -0.01802836
 -0.01792972 -0.01657767 -0.01252653  0.00229903  0.02389104  0.04636062
  0.06726787  0.0760064   0.08412317  0.0832898   0.0709292   0.05909114
  0.05529991  0.03602669  0.02504416  0.01917682  0.0062499   0.00192352
 -0.00172452 -0.00916778 -0.00369496 -0.00628265 -0.01493886 -0.02153936
 -0.01804121 -0.01315373 -0.01270292 -0.00596136  0.00919811  0.01897659
  0.02484417  0.02884016  0.02995643  0.02439869  0.00842637  0.00454523
  0.00010963 -0.00601604 -0.00547394 -0.01658359 -0.0237223  -0.01716793
 -0.02059897 -0.03053367 -0.02744242 -0.02744242 -0.02744242 -0.02744242
 -0.02744242 -0.02744242 -0.02744242 -0.02744242 -0.02744242 -0.02744242
 -0.02744242 -0.02744242 -0.02744242 -0.02744242 -0.02744242 -0.02744242]",492395
1086557082,Vip-IRES-Cre,True,familiar,"[ 5.57034616e-03  6.51436409e-03  1.29029678e-02  2.03203770e-03
 -1.22085673e-03  6.83173683e-03  8.77026114e-03  1.44959153e-03
  1.39092896e-03  4.76399149e-03  4.32657789e-04 -5.79008881e-03
 -6.65541225e-03 -1.38640734e-02 -1.02352594e-02 -4.79044941e-03
  3.02170529e-03 -3.59292347e-03  3.73932580e-03 -5.78497226e-03
 -5.52503025e-03  7.09451004e-05 -4.73962325e-03  8.86923119e-04
  4.75262503e-03 -4.24242505e-03 -6.60729844e-03  1.92030664e-03
  7.17568551e-03  8.22012653e-04 -3.07132085e-03 -6.50565965e-03
 -3.24059083e-03 -4.04051141e-03  2.82267953e-03  7.94044297e-03
  5.36260482e-03  3.85983760e-03  2.82353527e-03 -2.49533917e-03
  1.48150853e-03  6.47550559e-03  3.71000851e-03  1.29663165e-02
  1.27140155e-02  1.97694791e-02  2.70794940e-02  3.19115872e-02
  2.91429532e-02  4.27806033e-02  3.34737106e-02  3.55330592e-02
  4.01987091e-02  4.24099139e-02  4.35224295e-02  4.26254496e-02
  3.23470043e-02  2.66544886e-02  2.84935077e-02  2.23372738e-02
  2.17045234e-02  2.97502972e-02  2.41667253e-02  2.39471645e-02
  1.99979708e-02  2.62283138e-02  2.42823343e-02  1.96311344e-02
  7.30270740e-03  2.06765657e-02  1.18554034e-02  1.20253317e-02
  2.94492952e-03  4.11729067e-03  9.49645921e-03  9.49645921e-03
  9.49645921e-03  9.49645921e-03  9.49645921e-03  9.49645921e-03
  9.49645921e-03  9.49645921e-03  9.49645921e-03  9.49645921e-03
  9.49645921e-03  9.49645921e-03  9.49645921e-03  9.49645921e-03
  9.49645921e-03  9.49645921e-03]",492395
1086557082,Vip-IRES-Cre,True,novel,"[-0.00155572 -0.00197626 -0.00551737 -0.0066234  -0.01499021 -0.02091983
 -0.02189481 -0.02531997 -0.03058134 -0.03655623 -0.03351407 -0.02437964
 -0.00672325  0.00709909  0.02054871  0.02739209  0.03652353  0.03902515
  0.03778559  0.02911355  0.03781853  0.01062123  0.02368984  0.01574909
  0.00426555 -0.00326323 -0.00672208 -0.01167224 -0.01404    -0.02338229
 -0.0320142  -0.02970044 -0.03615652 -0.02336802 -0.02341099 -0.02954769
 -0.04021032 -0.04091703 -0.03647889 -0.02380629 -0.03544382 -0.04318438
 -0.05124812 -0.04729829 -0.05262297 -0.043795   -0.04950529 -0.04517107
 -0.04296298 -0.03115485 -0.03047444 -0.0370669  -0.02875114 -0.0361384
 -0.03727047 -0.02371994 -0.01505352  0.00172285  0.01676563  0.03261308
  0.03729155  0.04141238  0.03343524  0.02773703  0.02672575  0.00709048
  0.00737787 -0.01106405 -0.00417445 -0.01643285 -0.02162562 -0.02868157
 -0.02650236 -0.0285187  -0.03049195 -0.03049195 -0.03049195 -0.03049195
 -0.03049195 -0.03049195 -0.03049195 -0.03049195 -0.03049195 -0.03049195
 -0.03049195 -0.03049195 -0.03049195 -0.03049195 -0.03049195 -0.03049195]",492395
1086557997,Vip-IRES-Cre,False,familiar,"[ 2.52022829e-04  3.47387953e-04  1.09284280e-04 -6.42309185e-03
 -4.87100183e-03  4.80136562e-03  4.97477251e-03  4.04391645e-03
  5.24651804e-03  3.18939048e-03  3.24658429e-03 -2.00001794e-03
 -5.41861265e-03 -8.91141567e-03 -6.00328866e-03 -2.91315548e-03
  1.31586693e-03  1.70325826e-03 -4.48099517e-03 -2.38859903e-03
 -2.27822620e-03 -1.30858904e-03  3.97449107e-03  2.11234758e-03
 -3.21601529e-03  6.80319689e-03 -2.64175076e-03  2.25675119e-03
  4.68328829e-03  3.79431692e-03  4.30756804e-03 -4.36353269e-03
 -1.48534709e-03 -2.72664282e-03 -2.52618893e-03  3.51530774e-03
  7.77513916e-04 -9.20809900e-04 -9.64562155e-04  8.23842153e-03
  6.75255724e-03 -1.45764168e-04  5.38882688e-03 -5.49425057e-03
 -1.48429357e-03 -5.50485270e-03  8.49778789e-04 -1.16967800e-03
 -3.12833298e-04 -8.03762962e-03 -6.45485357e-03 -4.24412535e-06
  5.60320519e-03  6.06735023e-05 -8.92319373e-04  3.51230464e-03
  4.36071031e-03  1.12732663e-04 -3.46145760e-03 -5.90136163e-03
 -2.89912455e-03 -2.50064325e-03 -5.49938826e-03 -7.30809222e-03
 -2.51596807e-03 -2.18640677e-03  5.19664724e-03  4.91434606e-03
 -3.21023117e-03 -3.07284584e-04 -6.80065344e-03  5.68829863e-03
  6.95388456e-03  8.18732601e-03  1.08819341e-02  1.08819341e-02
  1.08819341e-02  1.08819341e-02  1.08819341e-02  1.08819341e-02
  1.08819341e-02  1.08819341e-02  1.08819341e-02  1.08819341e-02
  1.08819341e-02  1.08819341e-02  1.08819341e-02  1.08819341e-02
  1.08819341e-02  1.08819341e-02]",492395
1086557997,Vip-IRES-Cre,False,novel,"[ 8.76495248e-03  7.77156256e-03 -2.82823659e-03 -1.32062669e-02
 -6.00536479e-03 -3.82991157e-03 -4.09746421e-03 -7.52596875e-03
 -9.81160489e-03 -1.11536296e-02 -6.52374746e-03 -7.20736337e-03
 -1.79196224e-03  6.92070675e-03  7.64107054e-03  1.07975551e-02
  1.68287626e-02  1.60931028e-02  6.37083524e-03  4.68219668e-03
  5.62167970e-03 -1.14406343e-03  4.42269471e-03  2.43636141e-03
  2.04445669e-03  1.31766647e-03 -5.84593557e-03 -3.65170916e-03
 -6.86695162e-03 -1.02234236e-02 -6.87641125e-03 -6.68163450e-03
 -4.24233190e-03 -6.82446638e-04  1.07782942e-02  1.50759650e-02
  2.59752421e-02  2.33654967e-02  1.94894366e-02  2.95248855e-02
  2.47338982e-02  1.63724860e-02  1.99237831e-02  1.38810066e-02
  9.59788932e-03  7.40745560e-03  6.77778549e-03 -1.76068317e-04
  1.83740519e-03 -2.00814870e-03 -5.39965823e-03 -4.60915373e-05
 -1.28082058e-03 -2.17604136e-03 -5.34831188e-03 -3.91025468e-03
  2.05424986e-03  3.65955171e-04 -1.42388662e-03  4.29411927e-03
  5.56385492e-03  5.15883085e-03  4.06488719e-03  1.26916501e-02
 -3.52668331e-04 -4.44402387e-03  4.92439528e-03 -5.79465064e-03
 -5.96882010e-03 -7.67773499e-03 -6.81957324e-03 -1.13695258e-02
 -1.31429573e-02 -1.89083120e-02 -9.15062633e-03 -9.15062633e-03
 -9.15062633e-03 -9.15062633e-03 -9.15062633e-03 -9.15062633e-03
 -9.15062633e-03 -9.15062633e-03 -9.15062633e-03 -9.15062633e-03
 -9.15062633e-03 -9.15062633e-03 -9.15062633e-03 -9.15062633e-03
 -9.15062633e-03 -9.15062633e-03]",492395
1086557997,Vip-IRES-Cre,True,familiar,"[ 0.00519207  0.0049664   0.00379903  0.00785789  0.00484186  0.00475117
  0.0080917   0.00390297 -0.0021293  -0.00181196 -0.00153836 -0.00537937
 -0.00908695 -0.01039858 -0.00309489  0.00122016 -0.00319941 -0.00430971
 -0.00110338 -0.0010303   0.00287526  0.00601882 -0.00166879  0.00112906
 -0.00221584  0.00063089  0.00077502  0.00497678 -0.00872854 -0.00533369
 -0.00821504 -0.00486945 -0.00502785 -0.00240695 -0.01199619 -0.01572269
 -0.00382708 -0.00598754 -0.00503401  0.00103561  0.00274048  0.00902073
 -0.00398605 -0.00022874  0.00219921  0.00595959  0.0128308   0.00659297
  0.01434408  0.0229454   0.01501128  0.01029842  0.01986377  0.02547949
  0.02401461  0.013206    0.01390208  0.01157307  0.00697531  0.01105261
  0.01470185  0.02038906  0.01429768  0.01187697  0.01102891  0.0017283
  0.01241651  0.005725    0.01622373  0.0094703   0.00341323  0.01144489
  0.00928329  0.00686294  0.00221937  0.00221937  0.00221937  0.00221937
  0.00221937  0.00221937  0.00221937  0.00221937  0.00221937  0.00221937
  0.00221937  0.00221937  0.00221937  0.00221937  0.00221937  0.00221937]",492395
1086557997,Vip-IRES-Cre,True,novel,"[-0.00361335 -0.00349279 -0.00210995 -0.00052582 -0.00405804 -0.01075255
 -0.00848307 -0.00043861 -0.00904691 -0.01567046 -0.01164875 -0.01044764
 -0.005007    0.00619927  0.00926546  0.00991055  0.00925326  0.01650009
  0.01398228  0.01607015  0.00876756  0.00693052  0.00644884  0.00886718
 -0.00237663 -0.00329318 -0.0031104  -0.00417394 -0.00754569 -0.00640039
 -0.00811732 -0.00401753  0.00064493 -0.01211269 -0.01569066 -0.01053916
 -0.01624757 -0.01018134 -0.01837527 -0.02368188 -0.0097841  -0.01579377
 -0.0198511  -0.00850197 -0.01125969 -0.01167591 -0.00992505 -0.02300962
 -0.01218245 -0.0016884  -0.01333999 -0.01435788 -0.01286381 -0.01159666
 -0.00414657 -0.00267976  0.00018003  0.00541971  0.01069766  0.01617905
  0.01166243  0.01131285  0.0113553   0.0081229   0.00673571 -0.00676269
 -0.01426978 -0.0018411  -0.0021056  -0.01768855 -0.01565396 -0.00549948
 -0.02279232 -0.01612673 -0.01266601 -0.01266601 -0.01266601 -0.01266601
 -0.01266601 -0.01266601 -0.01266601 -0.01266601 -0.01266601 -0.01266601
 -0.01266601 -0.01266601 -0.01266601 -0.01266601 -0.01266601 -0.01266601]",492395
1086558341,Vip-IRES-Cre,False,familiar,"[ 0.00597744  0.00552119  0.0021621   0.0039975  -0.00176345  0.00218818
  0.00145841 -0.00670711 -0.0048181  -0.00125486 -0.00435459 -0.00683095
 -0.00534827 -0.0033624  -0.00345796  0.00036146 -0.00600527 -0.0060044
 -0.00168227  0.00178751 -0.00076971  0.00276423  0.00214005  0.00780072
  0.00355389 -0.00048985  0.00365459  0.00284549  0.00251379  0.00412267
 -0.00176382 -0.0039901  -0.00495323  0.00033297  0.00294641  0.00106651
  0.0015111   0.00417074  0.00400989  0.00153047  0.00333626  0.00612195
  0.00600996  0.01170716  0.00408803  0.00242043  0.0046103   0.00517306
  0.01030206  0.00700229 -0.00066911  0.0026226   0.00274759  0.00140229
 -0.00015521 -0.00245667 -0.00182189 -0.00581238 -0.00814019 -0.00820834
 -0.00503668 -0.00271442 -0.00089671 -0.00455977 -0.00041706  0.00222094
  0.00114117  0.00255465 -0.00379951 -0.00149615 -0.0043953  -0.00067411
 -0.00018922 -0.00093813 -0.00817376 -0.00817376 -0.00817376 -0.00817376
 -0.00817376 -0.00817376 -0.00817376 -0.00817376 -0.00817376 -0.00817376
 -0.00817376 -0.00817376 -0.00817376 -0.00817376 -0.00817376 -0.00817376]",492395
1086558341,Vip-IRES-Cre,False,novel,"[ 0.01363735  0.01269586  0.00498639  0.00713676  0.00429445 -0.00566116
 -0.0111163  -0.01776804 -0.01901091 -0.01871876 -0.02280269 -0.01160826
 -0.00253347  0.00290147  0.00116761 -0.00041733 -0.00074153  0.00128799
  0.01313054  0.00925808  0.01698801  0.01401504  0.0184686   0.02093182
  0.00967258 -0.00437264 -0.00829394 -0.00780844 -0.00940884 -0.01031027
 -0.01186474 -0.01835066 -0.01562654 -0.00137272  0.01778294  0.03291556
  0.0327234   0.04196297  0.04123821  0.04090158  0.04436489  0.05014782
  0.04029416  0.04658059  0.03649194  0.02817015  0.01884582  0.014704
  0.01032181  0.00631133 -0.00528641 -0.00392902 -0.00097036 -0.01456252
 -0.01503204 -0.00657553  0.00408428  0.0112591   0.01698061  0.01922296
  0.01573015  0.01375405  0.01497713  0.02080886  0.02910611  0.02260945
  0.03016697  0.02015489  0.01778359  0.00802172  0.0090967   0.00383305
 -0.00097875 -0.00340258 -0.00570404 -0.00570404 -0.00570404 -0.00570404
 -0.00570404 -0.00570404 -0.00570404 -0.00570404 -0.00570404 -0.00570404
 -0.00570404 -0.00570404 -0.00570404 -0.00570404 -0.00570404 -0.00570404]",492395
1086558341,Vip-IRES-Cre,True,familiar,"[ 6.53416270e-03  6.49805716e-03  4.81651278e-03 -8.01930370e-04
  5.52980731e-03  7.95427555e-04  5.00035001e-03 -1.50520436e-03
 -4.39164517e-03 -6.48514348e-03 -6.84159979e-03 -9.26510929e-03
 -5.52020220e-03 -9.93678745e-03 -7.00833188e-03 -8.28132051e-03
 -1.32243763e-03 -1.58555935e-03 -2.06878342e-05 -2.33353734e-03
  2.21454557e-03 -1.39540521e-04  8.52705514e-03  5.73639311e-03
  6.17503444e-03  4.00775721e-03  8.86913190e-03  3.53792204e-03
 -2.34664844e-03 -4.56471308e-04 -5.63362907e-03 -1.65609553e-03
  3.76622748e-03  3.08836920e-03 -3.27299070e-03 -1.43253755e-03
  9.12805694e-04  2.99434826e-04 -3.46200459e-04  2.40379264e-03
 -4.95446728e-04  4.63695709e-05  8.17718603e-05 -2.38869897e-03
  1.17415794e-02 -3.03724271e-03  1.10539003e-02  7.32725874e-03
  5.28585544e-03  1.05749861e-02  1.13287586e-02  7.86091298e-03
  1.17494420e-02  8.51208848e-03  8.10283015e-03  6.48539494e-03
 -2.63521703e-03 -8.28835393e-04  2.34566604e-03  2.42300101e-03
  2.12005669e-03  2.98431183e-03  7.08442072e-03  8.34151711e-03
  1.29716687e-02  1.18717146e-02  4.45687311e-03  5.31330774e-03
  9.35802742e-03  8.94893468e-03  9.68378517e-03  4.42030868e-03
  2.80490859e-03  5.01660646e-03  6.65709891e-03  6.65709891e-03
  6.65709891e-03  6.65709891e-03  6.65709891e-03  6.65709891e-03
  6.65709891e-03  6.65709891e-03  6.65709891e-03  6.65709891e-03
  6.65709891e-03  6.65709891e-03  6.65709891e-03  6.65709891e-03
  6.65709891e-03  6.65709891e-03]",492395
1086558341,Vip-IRES-Cre,True,novel,"[ 9.24191253e-03  1.08370901e-02  2.13471550e-02  6.41452992e-04
 -7.04444627e-03 -4.20474076e-03 -1.01578825e-02 -1.17829067e-02
 -1.54196809e-02 -2.51614809e-02 -2.46934568e-02 -1.91264545e-02
 -8.75305414e-03 -4.10243329e-03 -4.32468837e-03 -2.03985977e-03
  2.44746745e-03 -1.27240839e-03  3.23544536e-03  1.55100040e-02
  2.00284445e-02  1.45623667e-02  1.21367483e-02  2.16968027e-02
  1.45676800e-02  7.94017533e-04  2.82840310e-03 -5.57362925e-03
  3.22628575e-05 -6.25013054e-03 -7.19473330e-03 -8.31155199e-03
 -2.05512683e-02 -2.23868845e-02 -1.47722181e-02 -1.93100037e-02
 -2.29008634e-02 -2.96592534e-02 -2.86136416e-02 -2.79947720e-02
 -3.39398056e-02 -3.41444945e-02 -3.64410355e-02 -3.30210438e-02
 -3.34167453e-02 -3.81132843e-02 -3.51595652e-02 -3.75784541e-02
 -2.99072953e-02 -3.77592318e-02 -3.58261883e-02 -3.67326949e-02
 -3.02711893e-02 -2.97984262e-02 -3.49497904e-02 -3.34265874e-02
 -1.25640570e-02 -1.73497961e-03 -1.13798467e-03  2.42371855e-03
  8.64771730e-03 -3.38401371e-03 -2.98950435e-03  3.37465377e-04
  2.62174347e-03  4.02387339e-03 -5.73466902e-03 -1.04531214e-02
  3.54706214e-03 -1.71406582e-02 -2.49341498e-02 -1.96840925e-02
 -1.46032383e-02 -3.20891158e-02 -2.98032344e-02 -2.98032344e-02
 -2.98032344e-02 -2.98032344e-02 -2.98032344e-02 -2.98032344e-02
 -2.98032344e-02 -2.98032344e-02 -2.98032344e-02 -2.98032344e-02
 -2.98032344e-02 -2.98032344e-02 -2.98032344e-02 -2.98032344e-02
 -2.98032344e-02 -2.98032344e-02]",492395
1086558904,Vip-IRES-Cre,False,familiar,"[ 1.65385027e-03  1.45405751e-03  1.21431557e-03  9.17526320e-03
  5.73336263e-03  4.17557008e-03  8.07831850e-03  9.55836480e-03
  9.92524348e-03  1.72666647e-02  1.90807276e-02  7.80276028e-03
  3.05351080e-04 -4.31185545e-03 -1.26993723e-02 -4.39859087e-03
 -5.05792182e-03 -6.40610712e-03 -3.59792987e-03 -5.30504100e-03
 -5.22679618e-03 -1.36390453e-03 -7.08154270e-03 -8.86832111e-04
 -5.82905178e-03 -2.10801637e-03 -6.02765674e-03 -5.58077351e-03
 -9.22778485e-03 -1.03146725e-02 -3.55417019e-03 -5.15873735e-04
  6.26216833e-03  5.44384636e-03  2.52488457e-05 -3.11413470e-03
 -6.88257663e-03 -1.51873582e-02 -1.18238031e-02 -1.22930291e-02
 -1.15797700e-02 -2.01905141e-02 -1.65567583e-02 -2.29143826e-02
 -2.30633625e-02 -2.77375241e-02 -2.94292277e-02 -3.30008871e-02
 -3.05788784e-02 -3.51016993e-02 -2.88884206e-02 -3.46539456e-02
 -3.05996038e-02 -3.07451150e-02 -2.96553766e-02 -3.32346644e-02
 -3.89697569e-02 -4.26147709e-02 -4.90154993e-02 -4.86701635e-02
 -4.95218117e-02 -4.95507473e-02 -4.69543568e-02 -4.49909085e-02
 -4.22627405e-02 -4.27185175e-02 -4.50786048e-02 -4.23071340e-02
 -3.90919203e-02 -3.27409028e-02 -3.47392709e-02 -3.24347438e-02
 -3.45819936e-02 -3.11982138e-02 -3.17661954e-02 -3.17661954e-02
 -3.17661954e-02 -3.17661954e-02 -3.17661954e-02 -3.17661954e-02
 -3.17661954e-02 -3.17661954e-02 -3.17661954e-02 -3.17661954e-02
 -3.17661954e-02 -3.17661954e-02 -3.17661954e-02 -3.17661954e-02
 -3.17661954e-02 -3.17661954e-02]",492395
1086558904,Vip-IRES-Cre,False,novel,"[ 0.01499584  0.01449799  0.00758138 -0.01111662 -0.02608464 -0.0303728
 -0.03925053 -0.04864742 -0.05818354 -0.04778531 -0.03093929 -0.01496974
  0.00072031  0.01209178  0.02463082  0.03971451  0.03544     0.04902404
  0.05064822  0.04704434  0.04458481  0.03365639  0.01995643  0.01463738
  0.00331852 -0.00698946 -0.01156551 -0.02615491 -0.02949539 -0.03098757
 -0.0336183  -0.03227495 -0.00919291  0.01962981  0.03882972  0.05694387
  0.06750745  0.07420245  0.08029804  0.0821018   0.08430589  0.08516221
  0.0705506   0.05134758  0.03745387  0.0334044   0.01156206  0.00301643
 -0.01001955 -0.02483327 -0.03114094 -0.03907611 -0.04167882 -0.04536154
 -0.03404742 -0.01798256 -0.01069377 -0.00150082  0.00964654  0.01758717
  0.02079045  0.0233195   0.02906889  0.03254177  0.02818037  0.01839029
  0.00577336  0.00270164 -0.00063274 -0.00934593 -0.0193548  -0.03225257
 -0.04228626 -0.04856563 -0.05545242 -0.05545242 -0.05545242 -0.05545242
 -0.05545242 -0.05545242 -0.05545242 -0.05545242 -0.05545242 -0.05545242
 -0.05545242 -0.05545242 -0.05545242 -0.05545242 -0.05545242 -0.05545242]",492395
1086558904,Vip-IRES-Cre,True,familiar,"[ 1.02021055e-02  9.62605904e-03  5.28032630e-03  7.56440853e-03
  4.68279189e-03  4.73545828e-03  2.24581255e-03  2.33853505e-03
  1.24477222e-03 -4.43923000e-03 -2.55357921e-04 -1.39103376e-03
 -1.00407908e-02 -1.04946548e-02 -7.51120734e-03 -7.40576405e-03
 -7.44685465e-03 -5.61491835e-03 -5.99802282e-03  5.66760416e-03
  3.42030895e-03 -1.18217763e-03  5.31455359e-03  2.56063317e-03
  2.58001417e-03 -5.45655341e-03 -2.10952947e-03  5.17379705e-03
  2.96736917e-03 -6.25845463e-03 -7.57489255e-03 -3.90417411e-03
  3.21551861e-03  4.76460927e-03  5.93145898e-03  4.20917830e-03
  1.12539112e-02  2.07699619e-02  2.50725054e-02  3.77381235e-02
  5.08208039e-02  6.50562946e-02  7.34223533e-02  8.93586373e-02
  1.15088645e-01  1.22198187e-01  1.43343032e-01  1.58451300e-01
  1.75795977e-01  1.95690242e-01  2.15682699e-01  2.32151728e-01
  2.55184400e-01  2.70395546e-01  2.86264809e-01  2.83816013e-01
  2.58722871e-01  2.38157867e-01  2.22291111e-01  2.13263436e-01
  2.05610418e-01  1.93680882e-01  1.89815269e-01  1.92346505e-01
  1.87293116e-01  1.78065219e-01  1.81775244e-01  1.74065354e-01
  1.48118344e-01  1.53875341e-01  1.40449324e-01  1.29979109e-01
  1.23328937e-01  1.20214552e-01  1.20567811e-01  1.20567811e-01
  1.20567811e-01  1.20567811e-01  1.20567811e-01  1.20567811e-01
  1.20567811e-01  1.20567811e-01  1.20567811e-01  1.20567811e-01
  1.20567811e-01  1.20567811e-01  1.20567811e-01  1.20567811e-01
  1.20567811e-01  1.20567811e-01]",492395
1086558904,Vip-IRES-Cre,True,novel,"[ 1.34478463e-03 -9.83213133e-05 -1.21075312e-02 -1.20382533e-02
 -2.37735443e-02 -3.41129403e-02 -4.59995076e-02 -5.65802936e-02
 -6.02505634e-02 -6.13635393e-02 -5.15779711e-02 -2.69913892e-02
 -1.09766681e-02  3.32918283e-04  1.50738100e-02  4.20869432e-02
  5.22428141e-02  6.06452012e-02  5.62589174e-02  7.41135544e-02
  6.20308424e-02  4.06481700e-02  2.93957605e-02  3.00050972e-02
  1.08363058e-02  3.57038643e-03 -2.84518699e-03 -1.84284035e-02
 -2.48379608e-02 -3.66034316e-02 -4.59447132e-02 -5.16521334e-02
 -5.64651770e-02 -6.05027507e-02 -6.94924595e-02 -7.17223409e-02
 -8.46339309e-02 -9.25665147e-02 -9.05854768e-02 -8.78247554e-02
 -9.08277747e-02 -1.00288525e-01 -9.13206157e-02 -9.89287053e-02
 -8.59315197e-02 -7.73089210e-02 -8.49639234e-02 -7.56203470e-02
 -7.61157160e-02 -8.10861771e-02 -8.33325725e-02 -7.26594887e-02
 -6.85994776e-02 -7.05210435e-02 -5.05597299e-02 -1.61377180e-02
  1.54638313e-02  4.02741603e-02  5.46179262e-02  5.83545794e-02
  5.88038137e-02  6.06120974e-02  7.34885503e-02  7.29557560e-02
  6.44202098e-02  5.87694664e-02  4.05711179e-02  2.04286309e-02
 -3.43769595e-04 -3.32189544e-04 -2.44438237e-02 -2.57449963e-02
 -4.27067926e-02 -5.92103261e-02 -5.86561734e-02 -5.86561734e-02
 -5.86561734e-02 -5.86561734e-02 -5.86561734e-02 -5.86561734e-02
 -5.86561734e-02 -5.86561734e-02 -5.86561734e-02 -5.86561734e-02
 -5.86561734e-02 -5.86561734e-02 -5.86561734e-02 -5.86561734e-02
 -5.86561734e-02 -5.86561734e-02]",492395
1086559188,Vip-IRES-Cre,False,familiar,"[ 3.46734144e-03  3.09216648e-03  2.87036006e-05  1.56457804e-03
  2.85485496e-03  3.30742502e-03  2.33627415e-03  1.36386441e-03
  6.62434878e-03  1.26209314e-02  9.30147345e-03  3.61154497e-03
  1.76717224e-04 -2.04804765e-03 -4.90287800e-03 -3.47343517e-03
 -1.86559108e-04  2.75902052e-04 -9.07367118e-04 -3.50979055e-03
 -6.22089023e-03 -3.48022598e-03 -7.44328936e-03 -6.62984713e-04
 -2.74875489e-03 -4.21954174e-03 -2.53605949e-03 -4.76581310e-03
 -4.14292928e-04 -3.10619593e-03 -1.34217162e-03  3.21824441e-03
  4.17843257e-03  2.83627254e-03  3.92921691e-03 -5.58976840e-05
 -3.19919307e-03 -2.51346623e-03 -4.23732297e-03 -6.11821074e-03
 -8.09333008e-03 -8.76401348e-03 -9.08218908e-03 -5.09215603e-03
 -6.58995694e-03 -8.04917565e-03 -1.11748309e-02 -9.83756038e-03
 -1.25529923e-02 -9.51983783e-03 -1.31047268e-02 -1.45879639e-02
 -1.10744979e-02 -7.54401978e-03 -6.35565585e-03 -9.20678343e-03
 -1.21541513e-02 -1.59797790e-02 -1.74461339e-02 -1.67370573e-02
 -1.92213618e-02 -1.27261057e-02 -1.32648798e-02 -1.27435021e-02
 -9.01738316e-03 -9.84882764e-03 -1.29327142e-02 -1.02241627e-02
 -4.49541957e-03 -6.03051753e-03 -4.23380633e-03 -6.16035922e-03
  2.19263453e-04 -2.75827328e-03 -2.96882104e-03 -2.96882104e-03
 -2.96882104e-03 -2.96882104e-03 -2.96882104e-03 -2.96882104e-03
 -2.96882104e-03 -2.96882104e-03 -2.96882104e-03 -2.96882104e-03
 -2.96882104e-03 -2.96882104e-03 -2.96882104e-03 -2.96882104e-03
 -2.96882104e-03 -2.96882104e-03]",492395
1086559188,Vip-IRES-Cre,True,familiar,"[ 0.01273746  0.01174988  0.00294173  0.00264757  0.00733054  0.00116242
  0.00260252  0.00020158 -0.00052737 -0.00181971 -0.00182186 -0.00745544
 -0.00671497 -0.00785126 -0.00804437 -0.0042004  -0.00756414 -0.00390018
 -0.00383379  0.00780323  0.00102876 -0.00356268  0.00018913  0.00958201
  0.00324335 -0.00609371 -0.00415913  0.0029096   0.00066811  0.00075113
  0.0002737   0.00184881  0.0033849   0.00203251  0.00519476  0.00591945
  0.01063148  0.01920623  0.01913232  0.02051124  0.03286127  0.03838836
  0.039393    0.05572075  0.05582724  0.07629869  0.09465369  0.08143266
  0.0949763   0.09679169  0.10136571  0.1226642   0.13410773  0.1350743
  0.13860519  0.12937596  0.11464734  0.0984729   0.08814183  0.08359613
  0.07247622  0.06589577  0.06621997  0.06416055  0.05506986  0.05420124
  0.05461834  0.04244489  0.03606488  0.04027505  0.03060241  0.02704028
  0.02459405  0.02409087  0.02587404  0.02587404  0.02587404  0.02587404
  0.02587404  0.02587404  0.02587404  0.02587404  0.02587404  0.02587404
  0.02587404  0.02587404  0.02587404  0.02587404  0.02587404  0.02587404]",492395
1086559446,Vip-IRES-Cre,False,familiar,"[-0.00493798 -0.0046095  -0.00079237  0.003876    0.00084267  0.00566866
  0.00519784  0.01467232  0.0143781   0.0148214   0.01300075  0.00676987
  0.00376987 -0.00101774 -0.01075631 -0.00804441 -0.01699126 -0.01419442
 -0.01340976 -0.00588558 -0.00505254 -0.00414591 -0.01178431 -0.00635101
 -0.00029499 -0.00717357  0.00244658  0.00908727  0.01056057  0.01034976
  0.01179822  0.01104636  0.01468937  0.01493891  0.00922086  0.00463397
 -0.00030532 -0.00391555 -0.00254105 -0.00227276 -0.00897934 -0.00746252
 -0.00498997 -0.00484046 -0.0090915  -0.00819242 -0.00932753 -0.01164536
 -0.00609651 -0.00395134 -0.0066721  -0.0010275  -0.00646111  0.00201143
 -0.00062365 -0.00154028 -0.00240599 -0.0099788  -0.01303391 -0.01460101
 -0.01897954 -0.01260902 -0.01264022 -0.01528483 -0.02330234 -0.01945733
 -0.01496599 -0.00758396 -0.01208828 -0.00949202 -0.01590655 -0.00948798
 -0.00282054 -0.00125865  0.00137365  0.00137365  0.00137365  0.00137365
  0.00137365  0.00137365  0.00137365  0.00137365  0.00137365  0.00137365
  0.00137365  0.00137365  0.00137365  0.00137365  0.00137365  0.00137365]",492395
1086559446,Vip-IRES-Cre,False,novel,"[-0.0233198  -0.02341755 -0.01971841  0.00462426 -0.00110713  0.00784626
  0.0086455   0.0086573   0.008142    0.01066109  0.01002714  0.00826317
  0.00379606 -0.00111489  0.00678741  0.00674789  0.00935899  0.01870289
  0.00988207  0.00367778 -0.00448458  0.00043656 -0.00251942 -0.00438327
 -0.01174189 -0.01199052 -0.01300974 -0.00257701 -0.00442428 -0.0024479
  0.00551717  0.01350002  0.02456879  0.03566524  0.05261463  0.05848886
  0.05974068  0.05429392  0.05115378  0.0504816   0.04102797  0.02434595
  0.01521649 -0.00447748  0.00367545 -0.02097883 -0.02151211 -0.0214616
 -0.0287537  -0.02501299 -0.02128434 -0.00989956 -0.01284036 -0.01171982
  0.00558762  0.0058284   0.00368308  0.01164525  0.00660596 -0.00214513
 -0.00857409 -0.00707571 -0.01337524 -0.02650457 -0.03248833 -0.0315616
 -0.03467421 -0.03590698 -0.04199229 -0.04638728 -0.03854574 -0.03447727
 -0.03599555 -0.03438942 -0.02975023 -0.02975023 -0.02975023 -0.02975023
 -0.02975023 -0.02975023 -0.02975023 -0.02975023 -0.02975023 -0.02975023
 -0.02975023 -0.02975023 -0.02975023 -0.02975023 -0.02975023 -0.02975023]",492395
1086559446,Vip-IRES-Cre,True,familiar,"[ 0.00692041  0.00745319  0.01162218  0.00878117  0.00979823  0.00766774
  0.00488465  0.00688839  0.00670847  0.00339745  0.00721201  0.00197018
 -0.00290548 -0.00492282 -0.00993619 -0.01314217 -0.01012544 -0.0044312
 -0.00723723 -0.00591692 -0.01199684 -0.00185132 -0.01052173 -0.00431336
 -0.00253459  0.00076901  0.00479468  0.00041538 -0.00117458  0.00172674
 -0.00421775 -0.00068078  0.0050458   0.0019397   0.00621519  0.00965488
  0.01414108  0.01633848  0.01750525  0.01491462  0.0147963   0.02050221
  0.01915464  0.03931835  0.02648368  0.02479355  0.03764067  0.02707985
  0.03042751  0.03148898  0.03478581  0.03728004  0.04137563  0.04441179
  0.04556451  0.04531491  0.03699436  0.03383181  0.031873    0.02592981
  0.01897099  0.02054233  0.0203347   0.02913404  0.02617704  0.01812714
  0.01598373  0.00990006  0.0078018   0.01052958  0.00513697  0.01144318
  0.00812559  0.01433889  0.01506933  0.01506933  0.01506933  0.01506933
  0.01506933  0.01506933  0.01506933  0.01506933  0.01506933  0.01506933
  0.01506933  0.01506933  0.01506933  0.01506933  0.01506933  0.01506933]",492395
1086559446,Vip-IRES-Cre,True,novel,"[-0.01632363 -0.01624611 -0.01460701 -0.00950608 -0.01274463 -0.01500717
 -0.00774446 -0.0014988  -0.0077146  -0.00451812 -0.00442065 -0.00140743
  0.00469961  0.01060644  0.01326356  0.01297106  0.02043358  0.02599799
  0.01849366  0.00971381  0.00596572 -0.01758729 -0.0049801  -0.00635272
  0.00322648 -0.00545925 -0.00463082 -0.00028388  0.00674406  0.01891677
  0.02100804  0.03352822  0.02530291  0.01532432  0.02221707  0.02381976
  0.02312406  0.03142191  0.03311251  0.03058629  0.01764029  0.01947526
  0.02206018  0.02188448  0.0192157   0.02807641  0.0234239   0.00954093
  0.02039676  0.00777634  0.0159586   0.01623923  0.01921894  0.02719803
  0.04002769  0.04865419  0.05826148  0.05734929  0.0545565   0.04664764
  0.03933626  0.03767893  0.0402832   0.03431884  0.01331353  0.00452183
 -0.00766672 -0.00985121 -0.00149796 -0.01389124 -0.01523207 -0.01903958
 -0.02165501 -0.02110901 -0.01928187 -0.01928187 -0.01928187 -0.01928187
 -0.01928187 -0.01928187 -0.01928187 -0.01928187 -0.01928187 -0.01928187
 -0.01928187 -0.01928187 -0.01928187 -0.01928187 -0.01928187 -0.01928187]",492395
1086559782,Vip-IRES-Cre,False,familiar,"[-0.00331921 -0.00314248 -0.00199271 -0.00375513 -0.00020997  0.00542863
  0.00943766  0.01153114  0.00810225  0.00835793  0.00621294 -0.00170346
 -0.00131725 -0.00583269 -0.00416079 -0.00502716 -0.00568362 -0.00381479
 -0.00365348 -0.0076005  -0.0071145  -0.00945105 -0.00635415  0.00036046
  0.00023956 -0.00304733  0.00321559  0.00611318  0.00558349  0.01259743
  0.01300835  0.01133473  0.01639588  0.00558893 -0.00043813  0.00033766
 -0.00206114  0.00086762  0.00211164  0.00090539  0.00586582  0.00176643
  0.00192858 -0.00732654 -0.00605164  0.00353933 -0.00343078 -0.00139006
  0.00452276  0.00577806  0.00884259  0.01355724  0.01772431  0.0146266
  0.01080038  0.00869937  0.00646411  0.00046424 -0.00334014 -0.00877338
 -0.00949308 -0.00525535 -0.0072293  -0.00588588 -0.00919137 -0.00841975
 -0.00970133 -0.01328375  0.00119624 -0.00651742 -0.0045205  -0.0048883
  0.00172173  0.0035268   0.00529007  0.00529007  0.00529007  0.00529007
  0.00529007  0.00529007  0.00529007  0.00529007  0.00529007  0.00529007
  0.00529007  0.00529007  0.00529007  0.00529007  0.00529007  0.00529007]",492395
1086559782,Vip-IRES-Cre,False,novel,"[-7.31374499e-03 -7.04576148e-03 -4.38697351e-03 -1.04531230e-03
  4.43711828e-03  6.45665204e-03  7.91911596e-03  3.34915039e-03
  5.73589524e-03  4.03938651e-03  5.60051496e-03  1.53924065e-03
 -1.71193092e-03  9.39704983e-05 -1.10847832e-03 -2.24025693e-04
 -6.17902504e-03 -6.20665880e-03 -4.50145454e-03 -8.00969622e-03
 -9.31433280e-03 -9.14689122e-03 -3.04343700e-03  3.16259837e-03
 -1.40419913e-03  6.37233844e-04  4.90985862e-03  6.01563873e-03
  1.01257158e-02  6.61983202e-03  7.09601591e-03  7.73207323e-03
  6.78127247e-03  1.24594000e-02  1.45937027e-02  1.36020045e-02
  1.28992890e-02  1.10059958e-02  9.44453563e-03  1.38115386e-02
  8.90192233e-03 -7.73207873e-04 -4.66885746e-03 -6.56769729e-03
 -9.12528516e-03 -6.72473415e-03 -6.61216128e-03 -1.22233684e-02
 -1.00963332e-02 -1.08090755e-02 -1.72654374e-02 -8.91532940e-03
 -9.33577708e-03 -9.69723525e-03 -9.71771793e-03 -7.50689804e-03
 -8.89758486e-03 -1.10270290e-02 -1.43642959e-02 -1.46713199e-02
 -1.39104150e-02 -1.88179964e-02 -1.99990372e-02 -2.15022788e-02
 -2.56393433e-02 -1.85962633e-02 -2.06118996e-02 -2.70663434e-02
 -2.24225446e-02 -1.90929397e-02 -1.18005302e-02 -1.39372732e-02
 -8.73790339e-03 -5.00700675e-03 -2.48508160e-03 -2.48508160e-03
 -2.48508160e-03 -2.48508160e-03 -2.48508160e-03 -2.48508160e-03
 -2.48508160e-03 -2.48508160e-03 -2.48508160e-03 -2.48508160e-03
 -2.48508160e-03 -2.48508160e-03 -2.48508160e-03 -2.48508160e-03
 -2.48508160e-03 -2.48508160e-03]",492395
1086559782,Vip-IRES-Cre,True,familiar,"[ 0.0023114   0.0015897  -0.00290313  0.00821513  0.00952491  0.00583296
  0.00804817  0.0094392   0.01163314  0.0106068   0.00757903  0.00648751
  0.00446288 -0.00419087 -0.0128308  -0.01251229 -0.0079756  -0.00237261
 -0.00712737 -0.00847935 -0.00259528 -0.00623954 -0.00133052 -0.0081858
  0.0006743  -0.0031529  -0.00286691 -0.00447118  0.00023781  0.00059121
  0.00304347  0.00305529  0.00478582  0.00622821  0.00796958  0.01271467
  0.01488112  0.01652529  0.02453693  0.02477299  0.02357154  0.0257101
  0.02937656  0.02973447  0.03368869  0.0423652   0.04316172  0.04455849
  0.04948855  0.04759903  0.06104808  0.05935028  0.05881202  0.06705651
  0.06861863  0.06116515  0.05503587  0.04623229  0.04072075  0.03200198
  0.02931387  0.03451798  0.02879992  0.02568296  0.03000981  0.02204373
  0.02607072  0.02393002  0.02267234  0.01790827  0.01846916  0.02089389
  0.02173111  0.02216088  0.02808685  0.02808685  0.02808685  0.02808685
  0.02808685  0.02808685  0.02808685  0.02808685  0.02808685  0.02808685
  0.02808685  0.02808685  0.02808685  0.02808685  0.02808685  0.02808685]",492395
1086559782,Vip-IRES-Cre,True,novel,"[-0.01627036 -0.0158488  -0.01164963 -0.00611732  0.00099488 -0.00540673
  0.00166472  0.01105108  0.01359301  0.01025183  0.00496029  0.00826696
  0.00770031  0.0058783  -0.00321662  0.00092692 -0.00375114  0.00813486
  0.00294507 -0.00320293 -0.01258034 -0.00942112  0.00228907 -0.00860311
 -0.00791842 -0.00039308 -0.00058223  0.00620566  0.01134053  0.00875836
  0.01056847  0.01376119  0.01220847  0.01237963  0.0156474   0.01010975
  0.0045816   0.00739316  0.00504214  0.00712363 -0.00060739  0.00199952
 -0.00223952 -0.01057783 -0.00627995 -0.0042088  -0.00861116 -0.0035123
 -0.0077739  -0.00420184 -0.00661087 -0.0090574  -0.00908369  0.00015248
  0.00251632  0.00379697 -0.00273697 -0.00236418 -0.00155099 -0.0032611
 -0.00298636 -0.00063627 -0.00178217 -0.0048075  -0.00831985 -0.02063353
 -0.01710447 -0.02231713 -0.02141603 -0.01281298 -0.00687123 -0.01277917
 -0.01653281 -0.01204181 -0.00268363 -0.00268363 -0.00268363 -0.00268363
 -0.00268363 -0.00268363 -0.00268363 -0.00268363 -0.00268363 -0.00268363
 -0.00268363 -0.00268363 -0.00268363 -0.00268363 -0.00268363 -0.00268363]",492395
1086560048,Vip-IRES-Cre,False,familiar,"[ 4.66484318e-03  3.90165548e-03 -2.25527358e-03  3.84476753e-04
 -7.79635989e-04 -7.62187093e-03 -1.93003940e-03  2.61833692e-03
  1.66975853e-03 -2.75989771e-03 -4.69419859e-03 -6.69752318e-04
 -7.27347557e-04 -2.32393156e-03  2.06541661e-04  1.75570526e-03
  2.29557816e-05  2.10880386e-03 -8.23928254e-04  3.28557063e-03
 -3.55602721e-04  4.52471171e-03 -2.94734942e-03  7.10014107e-03
 -5.72835319e-03  4.12643910e-03 -1.14718740e-03 -1.28094892e-03
 -2.45589820e-04 -7.90325659e-05 -7.21720293e-04 -3.34813165e-03
 -1.91893807e-03 -2.60209669e-03  4.95642277e-04  2.35189400e-03
 -4.97717186e-04  1.93142486e-03  2.46026885e-03  4.66431253e-04
 -3.64306801e-03  4.83350764e-03  1.90425460e-03  2.16620186e-03
 -1.25299341e-03 -1.66194921e-03  2.32754240e-03 -4.52373774e-03
 -5.99068553e-03 -1.98920155e-03 -4.64551076e-03 -3.68998736e-03
  6.42846611e-04 -5.68767846e-03 -2.65012179e-03 -3.73197844e-03
 -4.42697570e-03 -9.99889735e-03 -1.14127794e-02 -7.22885097e-03
 -8.63778116e-03 -8.26909789e-03 -3.71613447e-03 -5.35317928e-03
 -2.03588929e-03 -4.95461578e-03 -3.24965090e-03 -3.59567534e-03
 -4.43607222e-03 -1.12563398e-02 -6.22488135e-03 -2.38295580e-03
 -3.19192779e-03 -7.43752798e-04 -5.08371048e-03 -5.08371048e-03
 -5.08371048e-03 -5.08371048e-03 -5.08371048e-03 -5.08371048e-03
 -5.08371048e-03 -5.08371048e-03 -5.08371048e-03 -5.08371048e-03
 -5.08371048e-03 -5.08371048e-03 -5.08371048e-03 -5.08371048e-03
 -5.08371048e-03 -5.08371048e-03]",492395
1086560048,Vip-IRES-Cre,False,novel,"[ 0.00544336  0.00452914 -0.00291512 -0.00067046 -0.00266448 -0.00486877
 -0.00301437 -0.01322068 -0.01437065 -0.01165101 -0.01284784 -0.00725554
  0.00018151  0.00293247  0.00677351  0.00865646  0.00579306  0.00573413
  0.00913276  0.01019396  0.01013653  0.00753367  0.00246144  0.00219997
  0.00471817  0.0062679   0.00254831 -0.00684953 -0.00722725 -0.00768064
 -0.00271164 -0.00467792 -0.00482708  0.00123745  0.01185117  0.01880835
  0.02051224  0.02236381  0.02275224  0.01885208  0.01729086  0.01286382
  0.0113287   0.00911139  0.01102169  0.00851511  0.00723964 -0.0041953
 -0.00760617 -0.00616526 -0.00632489 -0.00727898 -0.008871   -0.01131512
 -0.01456843 -0.00894985 -0.00403366  0.00119002  0.00289261  0.00312859
  0.00437857  0.0045348   0.00805514  0.00474963  0.00224432  0.00270016
  0.00516557  0.00259061 -0.00142051 -0.00841407 -0.00812018 -0.00838087
 -0.00983879 -0.01285165 -0.01795645 -0.01795645 -0.01795645 -0.01795645
 -0.01795645 -0.01795645 -0.01795645 -0.01795645 -0.01795645 -0.01795645
 -0.01795645 -0.01795645 -0.01795645 -0.01795645 -0.01795645 -0.01795645]",492395
1086560048,Vip-IRES-Cre,True,familiar,"[ 0.00391264  0.00368979  0.00171812  0.00202155  0.00191938 -0.00380805
  0.00174555 -0.0022671  -0.00332961  0.00099746 -0.00026379  0.00037285
 -0.00173117 -0.00491128 -0.00304649 -0.00333848 -0.00182142  0.00117306
  0.00226054  0.00744704 -0.00253808  0.00229234 -0.00042407 -0.00074922
  0.00047173  0.00068723 -0.00194454 -0.00226431  0.00246398 -0.00073566
 -0.01055567 -0.01084216 -0.00713625 -0.00575959 -0.00289555 -0.00276682
 -0.00381169  0.00159987  0.00531688 -0.0024498   0.002123    0.00486138
  0.00640222  0.01201461  0.00854661  0.01779792  0.01649956  0.0179982
  0.02526324  0.0235168   0.02148539  0.026121    0.02826917  0.02905001
  0.03237402  0.02878286  0.02378313  0.02776373  0.02642766  0.02525374
  0.02587663  0.0220454   0.02316672  0.02687951  0.02437661  0.02197423
  0.02386829  0.01639575  0.01977308  0.02137945  0.01568721  0.00972762
  0.0047342   0.00562262  0.00612867  0.00612867  0.00612867  0.00612867
  0.00612867  0.00612867  0.00612867  0.00612867  0.00612867  0.00612867
  0.00612867  0.00612867  0.00612867  0.00612867  0.00612867  0.00612867]",492395
1086560048,Vip-IRES-Cre,True,novel,"[ 0.00514975  0.00438373 -0.00288189 -0.00507393  0.00081783 -0.00684408
 -0.01129001 -0.00747366 -0.01308656 -0.01919233 -0.01473031 -0.0106846
 -0.00693576  0.00270666  0.00708308  0.00474236  0.01302543  0.01192451
  0.01032492  0.00319571  0.01652072  0.01321355  0.01372878  0.00451641
 -0.00392722  0.00899653 -0.00368872  0.00037149 -0.0084467  -0.00644567
 -0.0043033  -0.00756297 -0.00987305 -0.01145727 -0.00898039 -0.00375298
 -0.00742328 -0.01547171 -0.0088904  -0.01087905 -0.00924968 -0.01388931
 -0.01855387 -0.01600841 -0.01568913 -0.01029603 -0.00492091 -0.01167075
 -0.00924419 -0.0088944  -0.01251894 -0.00308355 -0.00912769 -0.00470795
 -0.00385135 -0.00554472  0.00419377  0.01728213  0.0237376   0.02152557
  0.02538025  0.02752059  0.02503046  0.018966    0.01089464  0.00178573
  0.01929702  0.00504485  0.00277849  0.00144975 -0.0009879   0.00264409
 -0.00395607 -0.00634711 -0.00735293 -0.00735293 -0.00735293 -0.00735293
 -0.00735293 -0.00735293 -0.00735293 -0.00735293 -0.00735293 -0.00735293
 -0.00735293 -0.00735293 -0.00735293 -0.00735293 -0.00735293 -0.00735293]",492395
1086560592,Vip-IRES-Cre,False,familiar,"[ 3.47465048e-03  3.93903642e-03  7.64977116e-03  5.32773026e-03
  3.04378123e-03 -4.58101724e-05  1.24521609e-03  6.03658739e-03
  2.38292522e-03  1.90797250e-03  4.60501878e-05 -7.36735958e-03
 -7.91403080e-03 -9.27197210e-03 -1.09228220e-02 -7.24523053e-03
 -2.81713926e-03 -6.46094032e-03 -9.48362014e-03 -6.99405531e-04
 -1.88550892e-03  1.10619888e-03 -3.14756450e-03  8.94028865e-03
  3.98490182e-03  5.47790729e-03  6.42955147e-03  1.35670803e-03
  2.55248624e-03  2.35964056e-03  3.17232343e-03  6.72628195e-04
  1.47444808e-03  4.14076419e-04 -4.17100268e-03 -7.27500299e-03
 -4.81813966e-03 -1.91706139e-03  2.82980979e-03  4.02708866e-03
 -5.36931855e-04  3.97109113e-03  7.02262593e-03  7.74551922e-03
  9.90197364e-03  1.18234098e-02  1.12550668e-02  9.92891089e-03
  5.89987922e-03  7.44661662e-03  6.78215930e-03  7.80416732e-03
  6.81656681e-03  7.88217997e-03  1.66827945e-03 -3.90392053e-03
 -7.24425417e-03 -6.42986105e-03 -7.18051288e-03 -6.64250402e-03
 -7.98036891e-03 -8.90445161e-03 -5.03416644e-03 -5.24322474e-03
 -3.49319284e-03  1.54005449e-03  7.55488012e-03  6.41762616e-03
  1.87342171e-03  1.06860965e-02  7.18620102e-03  1.13056934e-03
 -2.47691025e-03  6.57416269e-03  4.57269064e-03  4.57269064e-03
  4.57269064e-03  4.57269064e-03  4.57269064e-03  4.57269064e-03
  4.57269064e-03  4.57269064e-03  4.57269064e-03  4.57269064e-03
  4.57269064e-03  4.57269064e-03  4.57269064e-03  4.57269064e-03
  4.57269064e-03  4.57269064e-03]",492395
1086560592,Vip-IRES-Cre,False,novel,"[ 0.01534899  0.0148907   0.01058614  0.00669158 -0.00245618 -0.00784461
 -0.00807307 -0.00661156 -0.00929648 -0.01663089 -0.017052   -0.01328829
 -0.01262222 -0.01037108  0.00168026  0.00471453  0.00330248  0.00980245
  0.00646068  0.01189541  0.01780748  0.01159568  0.00498911  0.00987246
  0.00216848 -0.00132015 -0.00179845 -0.00593952 -0.00926042 -0.00924148
 -0.0117466  -0.02300592 -0.02529439 -0.01781125 -0.00493955  0.01080592
  0.02943246  0.0423436   0.045658    0.05391814  0.04566336  0.05325485
  0.05963239  0.06647062  0.06479567  0.05771586  0.05219165  0.04595926
  0.0400732   0.03360203  0.02768946  0.02218421  0.01778002  0.01261487
  0.00168852  0.00385852  0.00302207  0.013724    0.02005006  0.01890784
  0.02255818  0.0189822   0.02284468  0.02271022  0.02558682  0.02222714
  0.02317975  0.01921011  0.02282334  0.00721412  0.00509164 -0.00100062
 -0.00157423 -0.01012103 -0.00836816 -0.00836816 -0.00836816 -0.00836816
 -0.00836816 -0.00836816 -0.00836816 -0.00836816 -0.00836816 -0.00836816
 -0.00836816 -0.00836816 -0.00836816 -0.00836816 -0.00836816 -0.00836816]",492395
1086560592,Vip-IRES-Cre,True,familiar,"[ 0.00053498  0.00091358  0.00518861  0.00885446  0.00174517  0.00346869
  0.00405635  0.00384998  0.00232758 -0.00279016 -0.00231006 -0.00523384
 -0.00707752 -0.00863981 -0.01169645 -0.0096568  -0.00896479 -0.00632385
 -0.00206582 -0.00733866  0.00545745  0.00164146  0.00850967  0.00307236
  0.00337534  0.00031082  0.00122415  0.00464108  0.00863015  0.00429588
  0.00501031  0.00443279  0.00519546  0.00439765  0.00356673  0.00061011
 -0.00058759  0.00675832  0.00824567  0.00202033 -0.00115261 -0.00093479
  0.00465541  0.00807674  0.00869773  0.014009    0.01659821  0.01709412
  0.01381369  0.0108913   0.01984892  0.01805874  0.02124367  0.01974791
  0.01971173  0.0195438   0.01207174  0.00898328  0.00950839  0.01062744
  0.00791448  0.01110011  0.01143587  0.00625815  0.01073451  0.01575431
  0.01820766  0.02388934  0.00624439  0.01890461  0.01551468  0.01812996
  0.01376942  0.0114343   0.01778377  0.01778377  0.01778377  0.01778377
  0.01778377  0.01778377  0.01778377  0.01778377  0.01778377  0.01778377
  0.01778377  0.01778377  0.01778377  0.01778377  0.01778377  0.01778377]",492395
1086560592,Vip-IRES-Cre,True,novel,"[ 2.58488351e-03  1.89510682e-03 -4.93842590e-03 -9.33643505e-03
 -7.38288895e-03 -1.43233317e-02 -1.74621358e-02 -1.86661089e-02
 -2.42631517e-02 -2.39798913e-02 -2.67654093e-02 -3.20789943e-02
 -2.70107643e-02 -2.00582169e-02 -5.32473570e-03  5.74805944e-04
  1.15709676e-02  1.59440812e-02  1.68276106e-02  7.64188299e-03
  2.54614811e-02  2.45097098e-02  3.10797941e-02  2.96830173e-02
  1.66656734e-02  1.65539302e-02  8.19660907e-03  8.98665871e-03
  1.06889379e-02  2.72533957e-03 -8.42739071e-03 -1.25286433e-02
 -1.56804308e-02 -1.52626444e-02 -1.83589986e-02 -1.87931329e-02
 -2.46829981e-02 -2.46766423e-02 -2.37756554e-02 -2.51441588e-02
 -3.63427173e-02 -3.94032476e-02 -3.39504136e-02 -4.14428545e-02
 -4.87146896e-02 -3.18935628e-02 -2.82927135e-02 -3.56164728e-02
 -3.52226284e-02 -3.86227641e-02 -3.58290296e-02 -3.66715652e-02
 -3.43162818e-02 -3.43715433e-02 -3.84640953e-02 -3.40335696e-02
 -2.82703809e-02 -2.34877447e-02 -1.92900364e-02 -5.41934516e-03
  1.00183959e-03 -6.05478943e-05  3.27625201e-03 -7.83805866e-03
  3.84006673e-03  7.87074280e-03  7.00221941e-03  3.92858801e-04
  9.27081227e-04 -6.90206853e-03 -1.33671619e-02 -1.47417133e-02
 -1.57919491e-02 -2.59651813e-02 -2.57643398e-02 -2.57643398e-02
 -2.57643398e-02 -2.57643398e-02 -2.57643398e-02 -2.57643398e-02
 -2.57643398e-02 -2.57643398e-02 -2.57643398e-02 -2.57643398e-02
 -2.57643398e-02 -2.57643398e-02 -2.57643398e-02 -2.57643398e-02
 -2.57643398e-02 -2.57643398e-02]",492395
1086560926,Vip-IRES-Cre,False,familiar,"[ 0.00211012  0.00207921  0.00138346 -0.00129173 -0.00104413  0.0001966
 -0.00335129  0.00131623  0.0007414  -0.00136229  0.00026054  0.00240337
  0.00241926  0.00065533 -0.00329827  0.00288163 -0.00082791 -0.00138115
  0.00155356 -0.00333001 -0.00134342 -0.00365042  0.00300575 -0.00298708
 -0.00306946 -0.00510923 -0.00217606  0.00892473  0.00260581  0.00168543
  0.00039569 -0.00135993 -0.00393454 -0.00445342 -0.00306524 -0.00216434
 -0.00319262 -0.0015148  -0.0016787  -0.0015218   0.00358286 -0.00159917
  0.0010832  -0.00054776 -0.00198155 -0.00237658 -0.00159351 -0.00178549
 -0.00166657  0.0033337  -0.00085647 -0.00012809 -0.00014436 -0.00103007
  0.00110381 -0.00194078 -0.00542534 -0.00460876 -0.00815692 -0.01297771
 -0.00431256 -0.00034793 -0.00145096 -0.00060126 -0.00341553 -0.00292169
 -0.0014991  -0.00024534 -0.00237163 -0.00306235 -0.0017157  -0.00534325
 -0.00173206  0.00035324 -0.00032946 -0.00032946 -0.00032946 -0.00032946
 -0.00032946 -0.00032946 -0.00032946 -0.00032946 -0.00032946 -0.00032946
 -0.00032946 -0.00032946 -0.00032946 -0.00032946 -0.00032946 -0.00032946]",492395
1086560926,Vip-IRES-Cre,False,novel,"[-0.00189247 -0.0022364  -0.00484721 -0.00278647 -0.00197719 -0.00197974
 -0.00810026 -0.00989945 -0.00660966 -0.00543907 -0.00490862 -0.00018026
  0.00806609  0.00988306  0.01229376  0.01028004  0.00831293  0.00585405
  0.00582931  0.01034563  0.00288918  0.00235232  0.00284798 -0.00132506
 -0.00274259 -0.00561514 -0.00305623 -0.00566354 -0.00490089 -0.00479412
 -0.00653018 -0.00749748 -0.00618856  0.00252337  0.01331627  0.0177875
  0.02128697  0.01985503  0.02268191  0.01699497  0.01540499  0.01664446
  0.01845998  0.00904112  0.00841941  0.0098883   0.00239421  0.00717406
  0.0021511   0.00392973 -0.00198611 -0.00186071 -0.00322452 -0.00501001
 -0.00642124 -0.00483252  0.00445015  0.0120467   0.01213572  0.00709155
  0.00872821  0.00954811  0.00477603  0.00647855  0.00537133  0.00181576
 -0.00036769  0.00361709 -0.00532654 -0.0080331  -0.00476859 -0.00699848
 -0.00707626 -0.00846879 -0.0089275  -0.0089275  -0.0089275  -0.0089275
 -0.0089275  -0.0089275  -0.0089275  -0.0089275  -0.0089275  -0.0089275
 -0.0089275  -0.0089275  -0.0089275  -0.0089275  -0.0089275  -0.0089275 ]",492395
1086560926,Vip-IRES-Cre,True,familiar,"[ 6.81493412e-03  7.11054496e-03  9.70245259e-03  7.09861396e-03
 -1.89886303e-03  6.43097259e-03  3.02223022e-03 -2.10699095e-03
 -1.69040125e-03  1.29960049e-03 -1.39063524e-03 -2.49143128e-03
 -2.25241957e-03 -5.97286247e-03 -6.65667731e-03 -1.04862865e-02
 -6.62544214e-03  6.43117937e-03 -3.43896933e-03 -4.13559745e-04
  2.62010986e-03  3.94616591e-03 -4.15857387e-03 -3.58085999e-03
 -4.88858992e-04  5.75042457e-03 -2.75719831e-03 -2.30575580e-03
  4.87239966e-05 -1.56016685e-03 -6.69972484e-03 -3.30629104e-03
  1.23512627e-03 -1.69218542e-03 -5.29400427e-03 -4.98445929e-03
 -6.57645011e-05 -1.68786916e-03  1.32115523e-04  3.44147037e-03
  2.34058289e-03 -2.04509365e-03  8.38265531e-03  3.67406813e-03
 -3.92994955e-03 -4.70276255e-05  6.48439086e-03  6.76782726e-03
  3.25878176e-03  6.50304226e-03  4.73007649e-03  1.89146495e-02
  1.36610481e-02  1.26406722e-02  1.11150865e-02  7.97092422e-03
  8.97386053e-03  4.81238141e-03  4.74146241e-03  7.26789131e-03
  7.78955245e-03  9.65755541e-03  9.19665993e-03  9.11270569e-03
  4.37044083e-03  5.63375164e-03  3.60956247e-03  2.90741163e-03
  9.35838441e-03  7.22791787e-03  1.69976357e-03 -2.37832887e-03
  5.57362444e-03  1.00584441e-03 -3.23796312e-03 -3.23796312e-03
 -3.23796312e-03 -3.23796312e-03 -3.23796312e-03 -3.23796312e-03
 -3.23796312e-03 -3.23796312e-03 -3.23796312e-03 -3.23796312e-03
 -3.23796312e-03 -3.23796312e-03 -3.23796312e-03 -3.23796312e-03
 -3.23796312e-03 -3.23796312e-03]",492395
1086560926,Vip-IRES-Cre,True,novel,"[ 2.27817727e-03  7.70212177e-04 -1.07464835e-02 -9.19697915e-04
  3.74615464e-03 -2.20743103e-03 -6.85539267e-03 -9.47092454e-03
 -9.19976831e-03 -1.17595354e-02 -8.43605413e-03 -6.93182491e-03
  2.50515598e-03  9.29103381e-03  1.49276644e-02  1.21948413e-02
  7.55661440e-03  1.12639185e-02  9.04679488e-03  3.76722034e-04
  1.59359965e-03 -6.09616714e-04  5.26021453e-03  6.15090989e-03
  6.22761537e-04 -1.91349998e-03 -3.63444714e-03 -6.54996872e-03
 -5.58926663e-03 -2.76086337e-03 -8.86575848e-03 -9.52337526e-03
 -1.19567559e-02 -8.05342520e-03 -7.14114956e-03 -1.38188595e-02
 -1.24458205e-02 -1.17013445e-02 -1.17762369e-02 -1.07070570e-02
 -1.30594010e-02 -2.07227535e-02 -1.73961640e-02 -1.02468343e-02
 -1.47060576e-02 -1.25527319e-02 -1.88035028e-02 -1.57979459e-02
 -1.49977228e-02 -9.72301271e-03 -1.34120912e-02 -1.13586564e-02
 -1.19203247e-02 -1.37283188e-02 -1.65577016e-02 -1.25167746e-02
 -1.43752223e-03  5.99019788e-03  1.51326703e-02  1.33447267e-02
  1.19802443e-02  1.10835243e-02  6.71413312e-03  7.96875857e-03
  7.66952245e-03  2.10112001e-05 -2.64345051e-03 -3.08237061e-03
 -3.35130955e-03 -8.50003735e-03 -8.23357867e-03 -7.42373019e-03
 -1.60025876e-03 -1.06783580e-02 -1.28184709e-02 -1.28184709e-02
 -1.28184709e-02 -1.28184709e-02 -1.28184709e-02 -1.28184709e-02
 -1.28184709e-02 -1.28184709e-02 -1.28184709e-02 -1.28184709e-02
 -1.28184709e-02 -1.28184709e-02 -1.28184709e-02 -1.28184709e-02
 -1.28184709e-02 -1.28184709e-02]",492395
1086561466,Vip-IRES-Cre,False,familiar,"[ 1.59955702e-03  1.55063139e-03  1.74940580e-03  4.67221715e-03
  2.41316341e-04 -1.80489722e-03 -1.21147328e-05  2.02565240e-03
  5.00716191e-03  3.12770889e-03  1.68547930e-03 -2.49658185e-03
 -2.01765086e-03  1.27406862e-04 -3.00044243e-04 -1.76502473e-03
  2.85299280e-03  3.49164074e-03 -3.69078437e-03 -7.63297870e-04
 -2.60939806e-03 -1.55111723e-03  2.55357560e-03 -3.68201119e-03
 -4.27298658e-03 -2.50593908e-04 -2.81565855e-03 -8.29777442e-04
 -2.21317454e-03  3.90367158e-04 -5.07981650e-04 -6.07173391e-04
 -5.31864762e-03 -2.30931855e-03 -5.15540315e-03 -3.91980847e-03
 -4.47720343e-03 -3.17433556e-03 -7.67309575e-04  7.61535852e-03
  8.01440332e-03  1.05663157e-03 -2.89994809e-03  2.04137383e-03
  2.75796770e-03 -3.61453833e-03  3.53693313e-03  2.21431864e-03
 -2.24802370e-03  4.03728804e-03  2.01811401e-03  8.84242974e-04
 -2.12256460e-03  1.69169134e-03  2.53248818e-03 -8.35547488e-04
  2.65857210e-05  3.93243472e-03  2.22578904e-03  3.78678920e-03
  4.29131046e-03  4.11639773e-03  1.38276960e-03  1.40202794e-03
  1.32521688e-03  2.62551118e-03 -1.72522183e-03  1.12993772e-03
  1.16955572e-02  6.33511109e-03  1.07483911e-03 -6.06532133e-03
  3.36055837e-03  5.10944828e-03  3.51496961e-03  3.51496961e-03
  3.51496961e-03  3.51496961e-03  3.51496961e-03  3.51496961e-03
  3.51496961e-03  3.51496961e-03  3.51496961e-03  3.51496961e-03
  3.51496961e-03  3.51496961e-03  3.51496961e-03  3.51496961e-03
  3.51496961e-03  3.51496961e-03]",492395
1086561466,Vip-IRES-Cre,False,novel,"[-2.51191062e-03 -2.33918797e-03 -6.09017628e-04  1.67294000e-03
  2.25063464e-03 -7.57803988e-03 -3.38354712e-03  2.35002643e-03
 -1.36100590e-03  1.65161883e-03 -1.13782626e-03 -5.63072586e-03
  1.47803544e-04  3.56878726e-03  7.61152404e-03  8.21676820e-03
  1.19085664e-02  9.27783620e-03  3.35609544e-03  2.45778270e-03
  2.00975655e-03 -3.60150223e-03 -5.81724479e-03 -2.64454129e-03
 -7.37040653e-03  7.43379424e-05 -3.16145142e-03 -2.40200534e-03
  2.08393806e-03 -9.09000345e-03 -1.23327546e-02 -7.71333500e-03
 -4.66660086e-03  4.78475636e-04  7.63307777e-03  1.17336010e-02
  2.05749245e-02  2.53473300e-02  2.21197448e-02  2.45527943e-02
  1.86046735e-02  1.39027377e-02  1.46401236e-02  1.35138652e-02
  6.57820213e-03  1.34683584e-02  1.57559796e-02  9.89911209e-03
  2.97952663e-03  1.00715810e-02  6.23666461e-03  8.68136621e-04
 -3.86188768e-04 -5.59482899e-03 -1.51728796e-03 -4.61588264e-03
  6.82477940e-03  8.10387721e-03  4.49966415e-03  6.97613365e-03
  5.16419134e-03  5.55400438e-03  3.88903221e-03  7.75449525e-03
  2.46856836e-03 -1.92026792e-03 -1.88236928e-03  6.04540617e-03
  6.11190577e-03  8.80222785e-03  5.46316704e-05  3.61176413e-03
 -3.31505439e-03 -6.84841920e-03 -7.28752506e-03 -7.28752506e-03
 -7.28752506e-03 -7.28752506e-03 -7.28752506e-03 -7.28752506e-03
 -7.28752506e-03 -7.28752506e-03 -7.28752506e-03 -7.28752506e-03
 -7.28752506e-03 -7.28752506e-03 -7.28752506e-03 -7.28752506e-03
 -7.28752506e-03 -7.28752506e-03]",492395
1086561466,Vip-IRES-Cre,True,familiar,"[ 0.0077409   0.00703649  0.00174949  0.00487114 -0.00089534 -0.00216548
  0.00259776  0.00394268 -0.00141781 -0.0074289  -0.01055861 -0.00110124
 -0.00074492 -0.0008831  -0.00089794  0.00286495 -0.00026213 -0.00079973
 -0.00125456 -0.00328655 -0.00799374  0.00274739  0.00098279 -0.00324934
  0.00331753  0.00591338 -0.0033925  -0.00357459  0.00428742  0.00185457
 -0.00795254 -0.00333825 -0.00329523 -0.00376476 -0.00052205  0.00777785
  0.00990625  0.00732996  0.00467466 -0.00385263 -0.00106697  0.00139666
  0.01397917 -0.00075426  0.00462302  0.00831412  0.01386238  0.01280808
  0.02053762  0.01012204  0.00311227  0.00630986  0.01364047  0.01336513
  0.01230193  0.01353307  0.02006691  0.01178477  0.01265579  0.00927098
  0.01452722  0.01740482  0.01784518  0.01891784  0.0169132   0.01396383
  0.01083172  0.0078904   0.00475989  0.00534907  0.00830781  0.00809187
  0.013663    0.00606282  0.01687928  0.01687928  0.01687928  0.01687928
  0.01687928  0.01687928  0.01687928  0.01687928  0.01687928  0.01687928
  0.01687928  0.01687928  0.01687928  0.01687928  0.01687928  0.01687928]",492395
1086561466,Vip-IRES-Cre,True,novel,"[ 7.31686162e-04  1.25696137e-03  2.88123618e-03 -1.22879842e-02
 -5.26331519e-03 -4.39099118e-03 -7.32112715e-03 -8.22765243e-03
 -1.92384917e-03 -1.15209613e-02 -9.90685930e-03 -2.90280907e-03
  6.41756754e-03  3.45601284e-03  3.63951637e-03  7.08190635e-03
  4.49096765e-03  4.55500553e-03  1.45387769e-02  1.62504852e-02
  5.86079665e-03 -2.06705263e-02 -5.05506271e-03 -4.09916397e-03
  2.70158425e-03  7.05583954e-03 -2.98938473e-03  7.18289333e-03
  6.13039690e-03  2.32805406e-03 -4.29772263e-04  4.31647281e-03
 -2.26081064e-03 -1.34730584e-02 -7.92839033e-03 -1.00914056e-02
 -9.02277359e-03 -1.27517816e-02 -8.46621871e-03 -1.35636583e-02
 -1.01426313e-02 -6.54748930e-03 -1.38668870e-02 -1.49231849e-02
 -2.15244083e-02  5.87501053e-03 -6.33331017e-03 -3.23858985e-03
  2.65874584e-03 -1.22605197e-02 -1.07891759e-02 -1.88643615e-03
 -7.48592983e-03 -1.40336687e-02 -1.70728533e-02 -1.27090012e-02
 -1.16740420e-02 -1.52814681e-03  1.54549160e-02  1.88810439e-02
  1.02736417e-02  6.76239312e-03  1.74288542e-02  9.47597334e-03
  1.51308430e-02  5.07728890e-03 -6.29187527e-04  9.96934575e-03
  1.34268435e-02 -1.86642511e-03  6.08287547e-03  2.79910518e-03
 -4.05066720e-05 -1.52455925e-03 -7.37050664e-03 -7.37050664e-03
 -7.37050664e-03 -7.37050664e-03 -7.37050664e-03 -7.37050664e-03
 -7.37050664e-03 -7.37050664e-03 -7.37050664e-03 -7.37050664e-03
 -7.37050664e-03 -7.37050664e-03 -7.37050664e-03 -7.37050664e-03
 -7.37050664e-03 -7.37050664e-03]",492395
1086561830,Vip-IRES-Cre,False,familiar,"[ 0.00930625  0.00881195  0.00478587  0.00388427 -0.00433738  0.00207386
 -0.00272957 -0.00341385 -0.00163556  0.00662106  0.00491477  0.00016571
 -0.00233644  0.00181651  0.00148984 -0.00161096 -0.00034831 -0.00030316
  0.00625456 -0.00477281 -0.00099548  0.00395796 -0.00348327  0.00089704
  0.00284006 -0.0026296  -0.01104578 -0.00374827 -0.00304566 -0.01138361
 -0.0080906  -0.00606949 -0.00580869 -0.00532012 -0.0050588  -0.00209627
 -0.00237688 -0.00838805 -0.00536644 -0.00652146 -0.00504079 -0.00218804
 -0.00021693 -0.01569212 -0.00967359 -0.00693383 -0.02036526 -0.02329947
 -0.01878888 -0.02086887 -0.01954761 -0.02115576 -0.0190115  -0.02450675
 -0.02267808 -0.01942523 -0.01873502 -0.01959467 -0.0217284  -0.01851014
 -0.01087598 -0.01010172 -0.01113648 -0.0091663  -0.00677063 -0.0068812
 -0.00765478 -0.00979174 -0.0051937  -0.0023745  -0.00869404 -0.00644382
  0.00019951 -0.00401723 -0.00953929 -0.00953929 -0.00953929 -0.00953929
 -0.00953929 -0.00953929 -0.00953929 -0.00953929 -0.00953929 -0.00953929
 -0.00953929 -0.00953929 -0.00953929 -0.00953929 -0.00953929 -0.00953929]",492395
1086561830,Vip-IRES-Cre,False,novel,"[ 0.00789146  0.00655655 -0.00433914 -0.00245144 -0.00937307 -0.01423567
 -0.02134317 -0.02275918 -0.02848718 -0.03112492 -0.01616929  0.00215315
  0.01050879  0.01963796  0.02564607  0.02461712  0.02286819  0.02230621
  0.02788939  0.0221069   0.01898523  0.01370709  0.00614289 -0.00377441
 -0.00239637 -0.00673607 -0.01163122 -0.01617779 -0.01827412 -0.02174396
 -0.02881169 -0.02300782 -0.0079558   0.02202689  0.04476585  0.06374328
  0.07564526  0.08743974  0.09008081  0.08441711  0.08802374  0.08602091
  0.07540224  0.06092616  0.05985604  0.04894465  0.03824338  0.02652884
  0.02236317  0.01313225 -0.00435886 -0.01190467 -0.01290432 -0.0136201
 -0.01547797  0.00090994  0.01873801  0.02766201  0.02978153  0.02992094
  0.02857983  0.02600841  0.0320415   0.02686493  0.02891102  0.01828361
  0.01570157  0.00333679 -0.00365325 -0.00624994 -0.01485473 -0.0143166
 -0.01873586 -0.02253947 -0.03343859 -0.03343859 -0.03343859 -0.03343859
 -0.03343859 -0.03343859 -0.03343859 -0.03343859 -0.03343859 -0.03343859
 -0.03343859 -0.03343859 -0.03343859 -0.03343859 -0.03343859 -0.03343859]",492395
1086561830,Vip-IRES-Cre,True,familiar,"[ 0.01161398  0.01168886  0.01012189 -0.00286569  0.00059635  0.00672385
 -0.00718947  0.00167633  0.00930831  0.00050862 -0.00408942 -0.00329487
  0.00359082 -0.00016788 -0.00170845 -0.0013961  -0.00420322 -0.00845197
  0.00428697 -0.00420673 -0.00063284  0.00359659  0.00436472 -0.00174133
  0.00239204 -0.00467609 -0.00209614 -0.00570389 -0.00627591 -0.01176933
 -0.00983791 -0.01312859 -0.01567418 -0.01035273 -0.00737938 -0.00604289
 -0.01299482 -0.01627044 -0.01533867 -0.01212486 -0.008724   -0.01597563
 -0.01825718 -0.00352917 -0.00671275  0.00272487 -0.0008145   0.01676323
  0.01750696  0.02851509  0.0393098   0.02974728  0.03979821  0.04608509
  0.05127496  0.05725724  0.06338451  0.05848156  0.05512357  0.05565395
  0.05321802  0.04912151  0.04667672  0.05229386  0.05195584  0.05523726
  0.04798557  0.05394023  0.05233675  0.03701814  0.03634727  0.02966772
  0.03099717  0.02551533  0.02176562  0.02176562  0.02176562  0.02176562
  0.02176562  0.02176562  0.02176562  0.02176562  0.02176562  0.02176562
  0.02176562  0.02176562  0.02176562  0.02176562  0.02176562  0.02176562]",492395
1086561830,Vip-IRES-Cre,True,novel,"[ 0.00649397  0.00610944  0.00173359 -0.00603927 -0.01388534 -0.02090601
 -0.02826535 -0.03004566 -0.03813173 -0.0427033  -0.04258168 -0.02043615
 -0.00108601  0.01098196  0.02044248  0.02812188  0.03973586  0.02915525
  0.03567066  0.05223099  0.02771652  0.0293841  -0.00317002  0.01951278
  0.0083251  -0.00080289 -0.00844539 -0.01118697 -0.01949988 -0.02842892
 -0.03580769 -0.0348104  -0.04438822 -0.04992911 -0.05367257 -0.05745811
 -0.04577163 -0.04202301 -0.04798562 -0.04651634 -0.04903898 -0.05686817
 -0.04551565 -0.05024438 -0.04531273 -0.0519662  -0.04713135 -0.05132178
 -0.03947558 -0.04077787 -0.03891877 -0.0393274  -0.04530853 -0.04050853
 -0.03844662 -0.01722224  0.00557384  0.02241028  0.02951689  0.03472504
  0.03962825  0.03857912  0.03654656  0.03926668  0.03235784  0.01701653
  0.0147131   0.00025694 -0.00137811  0.00026252 -0.02681239 -0.02922568
 -0.02977428 -0.03427671 -0.03731134 -0.03731134 -0.03731134 -0.03731134
 -0.03731134 -0.03731134 -0.03731134 -0.03731134 -0.03731134 -0.03731134
 -0.03731134 -0.03731134 -0.03731134 -0.03731134 -0.03731134 -0.03731134]",492395
1086562430,Vip-IRES-Cre,False,familiar,"[-0.00327982 -0.00280239  0.00086413 -0.00297931 -0.00593389 -0.00101587
  0.00063874  0.00079291 -0.00036261 -0.00101713 -0.00018636  0.00134184
 -0.0012238  -0.00053117 -0.00313675 -0.00674753 -0.00390088  0.00067258
 -0.00131388  0.00175086  0.00037561  0.00351139 -0.00255504  0.00260332
  0.00185024  0.00466604  0.00740689  0.00432416  0.00431379  0.00187391
  0.00222839  0.00620093  0.00392205  0.00683366  0.00769107  0.00380972
  0.00073246 -0.00024082  0.00614414  0.00579809  0.00096633 -0.00259864
 -0.0050879  -0.00662605 -0.00248178 -0.01202029 -0.01174869 -0.00623305
 -0.01014278 -0.00669418 -0.01045123 -0.00811143 -0.00550813 -0.00772719
 -0.0068889  -0.00772951 -0.00641584 -0.00390425 -0.00657531 -0.01291856
 -0.00946307 -0.01291102 -0.01386703 -0.00841233 -0.00385625 -0.01099377
 -0.0045929  -0.01156586 -0.01021674 -0.00319607 -0.00206401  0.00097529
 -0.00228708 -0.00034585  0.00114494  0.00114494  0.00114494  0.00114494
  0.00114494  0.00114494  0.00114494  0.00114494  0.00114494  0.00114494
  0.00114494  0.00114494  0.00114494  0.00114494  0.00114494  0.00114494]",492395
1086562430,Vip-IRES-Cre,False,novel,"[ 0.01274029  0.01188155  0.00407341  0.00253251  0.00407215 -0.00611932
 -0.01261315 -0.01859412 -0.02196386 -0.01819521 -0.01796814 -0.00740316
  0.0015566   0.00602648  0.01129965  0.00844307  0.01118601  0.01165961
  0.01861589  0.0196442   0.01501832  0.01727361  0.01103019  0.00067643
  0.00140385 -0.01073829 -0.00869374 -0.0120238  -0.01304412 -0.02177689
 -0.02104779 -0.01782663 -0.01616954 -0.00368286  0.01670472  0.02887177
  0.03578689  0.04604983  0.05054086  0.05186143  0.05422088  0.0546794
  0.05854573  0.04908531  0.04470149  0.03902244  0.02536074  0.03345464
  0.02091302  0.00713035  0.00684877  0.00153385 -0.00487144 -0.00973659
 -0.0086846  -0.00572951  0.00131164  0.00571662  0.0046624   0.00586013
  0.01720874  0.02069116  0.01788509  0.01824031  0.01472616  0.01561772
  0.00624586  0.00355802 -0.00638294 -0.01117566 -0.01679115 -0.01622491
 -0.01528228 -0.02317407 -0.02620111 -0.02620111 -0.02620111 -0.02620111
 -0.02620111 -0.02620111 -0.02620111 -0.02620111 -0.02620111 -0.02620111
 -0.02620111 -0.02620111 -0.02620111 -0.02620111 -0.02620111 -0.02620111]",492395
1086562430,Vip-IRES-Cre,True,familiar,"[ 1.86352325e-02  1.71658780e-02  6.21826262e-03  1.55534401e-02
  8.17020990e-03  4.24944261e-03  2.25240145e-03 -4.17011767e-03
 -6.56352109e-05 -1.04558976e-03 -5.88477106e-03 -5.36501819e-03
 -5.33436185e-03 -6.77858786e-03 -8.36145787e-03 -9.78098174e-03
  4.91589791e-04  1.26323969e-03  3.60964571e-03 -5.72600770e-04
 -5.09069116e-03  9.94133011e-04 -2.78587741e-03  4.16864695e-04
  1.59882548e-03 -5.45753454e-03 -2.04519157e-03 -8.50804504e-03
 -6.28038973e-03 -3.09231410e-03 -2.47281099e-03 -2.33357975e-03
 -4.10849323e-03 -4.05473347e-03 -3.61119333e-03  1.24807925e-03
 -1.27857024e-03 -3.03329790e-03 -6.15805710e-03 -5.82006369e-04
 -3.13592331e-03  3.05307897e-03  5.36329336e-03  1.74536509e-02
  1.52307125e-02  2.60856277e-02  2.21938053e-02  3.76548436e-02
  4.63312469e-02  4.99290446e-02  6.15996437e-02  5.92748856e-02
  6.75407934e-02  7.46967712e-02  7.80635359e-02  8.10391017e-02
  8.02870347e-02  7.29776491e-02  6.66713966e-02  6.11024506e-02
  5.42345995e-02  6.06353944e-02  6.25510044e-02  5.50437081e-02
  5.95294002e-02  4.63826336e-02  4.94389692e-02  4.50923100e-02
  5.12151151e-02  4.13882133e-02  3.37045368e-02  3.58043554e-02
  3.45162531e-02  4.11315653e-02  3.50237363e-02  3.50237363e-02
  3.50237363e-02  3.50237363e-02  3.50237363e-02  3.50237363e-02
  3.50237363e-02  3.50237363e-02  3.50237363e-02  3.50237363e-02
  3.50237363e-02  3.50237363e-02  3.50237363e-02  3.50237363e-02
  3.50237363e-02  3.50237363e-02]",492395
1086562430,Vip-IRES-Cre,True,novel,"[ 0.01039948  0.00872306 -0.00368161  0.00451087 -0.01248499 -0.02086833
 -0.02014593 -0.01822543 -0.025252   -0.03437883 -0.04293363 -0.02876736
 -0.0145315  -0.00956856 -0.00444429  0.01578149  0.02420355  0.02624383
  0.0360798   0.03560761  0.03464822  0.03832637  0.0320475   0.01403255
  0.01101265  0.00631175 -0.00656181 -0.01658306 -0.01622036 -0.02328106
 -0.02289208 -0.02316076 -0.03488883 -0.03665554 -0.03445203 -0.04026081
 -0.0470625  -0.0518069  -0.04568644 -0.04208338 -0.05537283 -0.04577053
 -0.03753817 -0.04470541 -0.04045438 -0.04977836 -0.04250146 -0.03754016
 -0.04383944 -0.0434597  -0.04001604 -0.03675228 -0.0349763  -0.02955432
 -0.02585003 -0.02048027 -0.00536014  0.01190629  0.01825888  0.02498849
  0.02307022  0.022782    0.03176597  0.03399851  0.01532479  0.02027556
  0.00393705  0.01103814  0.00048434 -0.00318715 -0.0133773  -0.02289043
 -0.02900152 -0.02448246 -0.03147933 -0.03147933 -0.03147933 -0.03147933
 -0.03147933 -0.03147933 -0.03147933 -0.03147933 -0.03147933 -0.03147933
 -0.03147933 -0.03147933 -0.03147933 -0.03147933 -0.03147933 -0.03147933]",492395
1086562780,Vip-IRES-Cre,False,familiar,"[ 0.01188431  0.01121602  0.00605615  0.00835105  0.00578225  0.00733979
  0.00143021  0.00718354  0.01478017  0.00970983  0.00954922  0.006907
  0.00239333 -0.00582013 -0.00996547 -0.01306247 -0.01573464 -0.02682096
 -0.00642296 -0.00818311 -0.01266047  0.0004942  -0.00021874 -0.0173697
 -0.00958232 -0.00457323  0.00340201  0.00344292  0.00820035  0.01229186
  0.0022994   0.00064814  0.00855101  0.01473665  0.01163747  0.00372935
  0.00044516 -0.002024   -0.00540918 -0.00990785 -0.00887451  0.00047779
 -0.00306362 -0.00532256 -0.00734192 -0.00485557 -0.00829803 -0.00615616
 -0.00975217 -0.01431061 -0.00940407 -0.00686621 -0.00334389 -0.00237172
 -0.00327192 -0.00599688 -0.00579305 -0.01029289 -0.01634234 -0.01748802
 -0.0192056  -0.02794672 -0.02461276 -0.0306054  -0.02747886 -0.02581042
 -0.03638684 -0.02955839 -0.02481296 -0.0337927  -0.02813284 -0.01872278
 -0.02515622 -0.02120955 -0.01015868 -0.01015868 -0.01015868 -0.01015868
 -0.01015868 -0.01015868 -0.01015868 -0.01015868 -0.01015868 -0.01015868
 -0.01015868 -0.01015868 -0.01015868 -0.01015868 -0.01015868 -0.01015868]",492395
1086562780,Vip-IRES-Cre,False,novel,"[ 0.00967869  0.00972813  0.00842771 -0.0022604  -0.00801504 -0.01691367
 -0.0172757  -0.02073515 -0.02380665 -0.02700715 -0.02558647 -0.01626378
 -0.00112779  0.00816623  0.01957889  0.01412122  0.02207701  0.02633617
  0.02578085  0.02466837  0.02657404  0.02096036  0.01080395  0.00400548
  0.00467528 -0.00657202 -0.01135005 -0.01202611 -0.02381663 -0.02282576
 -0.02843796 -0.03301417 -0.02486972 -0.00718729  0.00865907  0.02258065
  0.03141333  0.03514027  0.04790344  0.04799366  0.05565748  0.05558349
  0.05308481  0.04981041  0.04488912  0.03525506  0.02438923  0.02277752
  0.00886454  0.0011421  -0.00247247 -0.00724767 -0.00723426 -0.01763759
 -0.01987687 -0.01671522 -0.0095081   0.00767074  0.009917    0.01173402
  0.01551777  0.01354469  0.01941002  0.02156683  0.02310515  0.02315909
  0.01201301 -0.0042057  -0.0015897   0.00349807 -0.01889011 -0.02075553
 -0.0212355  -0.03380488 -0.04303433 -0.04303433 -0.04303433 -0.04303433
 -0.04303433 -0.04303433 -0.04303433 -0.04303433 -0.04303433 -0.04303433
 -0.04303433 -0.04303433 -0.04303433 -0.04303433 -0.04303433 -0.04303433]",492395
1086562780,Vip-IRES-Cre,True,familiar,"[ 6.99301406e-03  6.37021945e-03  2.12023087e-03  8.85633433e-03
  1.12800283e-02  9.45998096e-03  4.74444158e-03  2.78089008e-03
  1.77150284e-05  5.25357498e-03  8.59009911e-03  6.72695328e-03
  1.21925839e-03 -6.03564542e-03 -1.17359526e-02 -9.24758887e-03
 -5.92941802e-03 -7.95449517e-03 -1.14051942e-02 -4.77133126e-03
 -7.68228308e-04  6.31060586e-03 -3.47074798e-03 -1.07684604e-03
  2.99576691e-03  2.63821195e-04  7.04777176e-04 -9.88235217e-03
 -6.86236968e-03 -5.54754189e-03 -7.81280205e-03 -3.47043269e-03
  8.59618100e-04  3.68424234e-03 -1.39108415e-04  3.42752191e-03
  1.05176692e-02  1.01304032e-02  2.18574751e-02  3.02828541e-02
  4.11146324e-02  4.12554863e-02  4.27272992e-02  5.60677329e-02
  6.20722816e-02  8.15573577e-02  8.82265770e-02  8.57288558e-02
  1.02179238e-01  1.02403265e-01  1.14755855e-01  1.29297030e-01
  1.33375736e-01  1.36232972e-01  1.43930287e-01  1.46264325e-01
  1.33991572e-01  1.15169572e-01  1.07405463e-01  1.02059675e-01
  9.57665495e-02  8.95702834e-02  8.80350345e-02  8.30484064e-02
  9.11151662e-02  9.04976699e-02  9.64875898e-02  9.66645392e-02
  9.76936292e-02  8.84236303e-02  8.22331984e-02  8.51083257e-02
  7.71301180e-02  8.29051371e-02  8.10932407e-02  8.10932407e-02
  8.10932407e-02  8.10932407e-02  8.10932407e-02  8.10932407e-02
  8.10932407e-02  8.10932407e-02  8.10932407e-02  8.10932407e-02
  8.10932407e-02  8.10932407e-02  8.10932407e-02  8.10932407e-02
  8.10932407e-02  8.10932407e-02]",492395
1086562780,Vip-IRES-Cre,True,novel,"[ 0.00831244  0.00797099  0.0049849   0.00508781  0.00376063 -0.00806795
 -0.01767654 -0.02394225 -0.02378994 -0.03842002 -0.0382697  -0.03079752
 -0.01894953  0.00067138  0.01187178  0.01130454  0.02564542  0.02645915
  0.03367187  0.03440037  0.03822822  0.02993956  0.01123398  0.01024291
 -0.00110328 -0.01073283 -0.0073746  -0.0042272  -0.01667807 -0.02375651
 -0.02791937 -0.0313014  -0.03453815 -0.04139432 -0.04812919 -0.04699626
 -0.04654687 -0.04999761 -0.06141834 -0.0491302  -0.05669748 -0.06667631
 -0.06078416 -0.05649142 -0.06109504 -0.07032371 -0.04979451 -0.05714347
 -0.05254839 -0.04929021 -0.03759832 -0.04921635 -0.04352782 -0.05290733
 -0.04424551 -0.02690087 -0.01071565  0.013008    0.02702917  0.02437846
  0.02200989  0.02448255  0.02851273  0.02500743  0.02894953  0.02526221
  0.01067866 -0.00831193 -0.01069377 -0.00701741 -0.01603101 -0.02337335
 -0.01954588 -0.03001592 -0.02990431 -0.02990431 -0.02990431 -0.02990431
 -0.02990431 -0.02990431 -0.02990431 -0.02990431 -0.02990431 -0.02990431
 -0.02990431 -0.02990431 -0.02990431 -0.02990431 -0.02990431 -0.02990431]",492395
1086563032,Vip-IRES-Cre,False,familiar,"[-2.56803178e-03 -2.35028128e-03  1.04316254e-04  3.17350424e-03
  1.24620698e-03  1.54501922e-04 -9.29473779e-04  7.80616092e-04
  3.82439744e-03  7.12470875e-04 -4.63233697e-03 -5.65963816e-03
 -1.96379772e-03 -2.54519680e-03 -5.78654631e-03 -1.82259315e-03
  7.52791028e-03  6.54955974e-03  2.64983223e-03 -1.03185453e-03
 -1.67384034e-03  3.38201345e-03 -5.03836798e-05 -1.96798431e-03
 -4.51989999e-04  1.51022056e-03  5.77153140e-05 -3.51981479e-04
  1.50176068e-03  6.10904249e-04  3.75652766e-03 -3.71331407e-03
 -5.71222414e-03 -7.76351886e-03 -2.00099299e-03  6.77512477e-03
  8.56444323e-03  8.50904787e-03  9.28952793e-03  1.43007035e-02
  1.52667658e-02  1.42767524e-02  1.04578978e-02  1.06289583e-02
  5.42039950e-03  8.13403980e-03  2.69421229e-03  3.80606416e-03
  4.91117229e-03  2.80556962e-03 -1.25404168e-03  2.23044070e-03
  2.60315712e-03 -2.45024656e-03 -4.06147424e-03 -3.86950431e-03
 -3.09843045e-03 -3.99189432e-03 -7.98640647e-03 -8.39185261e-03
 -2.12691663e-03 -8.62197928e-04 -5.60951150e-03 -1.87144010e-03
 -1.76455443e-03 -5.73746275e-03 -5.95850875e-03 -3.45262503e-03
 -3.21787654e-03  1.53947008e-03 -6.74103663e-03 -2.70617049e-03
 -7.25557724e-03 -2.54964564e-03 -7.18628545e-03 -7.18628545e-03
 -7.18628545e-03 -7.18628545e-03 -7.18628545e-03 -7.18628545e-03
 -7.18628545e-03 -7.18628545e-03 -7.18628545e-03 -7.18628545e-03
 -7.18628545e-03 -7.18628545e-03 -7.18628545e-03 -7.18628545e-03
 -7.18628545e-03 -7.18628545e-03]",492395
1086563032,Vip-IRES-Cre,False,novel,"[ 0.00251422  0.00226463 -0.00113896 -0.00887623 -0.00829347 -0.00282648
 -0.01003804 -0.00974142 -0.0099662  -0.01065687 -0.01175567 -0.00804299
  0.0015646   0.00763187  0.00978772  0.0144552   0.0162848   0.01829832
  0.01825703  0.01147768  0.00216297  0.00567117  0.00036073 -0.00168226
 -0.00260142 -0.00428421 -0.00730888  0.00150724 -0.0045383  -0.01048678
 -0.01116175 -0.01064758 -0.01150553 -0.00692897  0.00307438  0.01446265
  0.0162989   0.02269415  0.03115416  0.02745031  0.02444941  0.02498214
  0.02436613  0.01438074  0.01107484  0.01361194  0.00175697  0.00752134
  0.00056993  0.00969164  0.00526094 -0.00134814 -0.0044505  -0.0025541
 -0.00454899 -0.0100968  -0.00786587 -0.00348905  0.00809374  0.00421488
  0.00173374  0.00334124  0.01208394  0.00426628  0.00489004  0.00149023
 -0.004772   -0.00729501 -0.00339629 -0.00689144 -0.01464812 -0.01761246
 -0.01025675 -0.01180638 -0.01213708 -0.01213708 -0.01213708 -0.01213708
 -0.01213708 -0.01213708 -0.01213708 -0.01213708 -0.01213708 -0.01213708
 -0.01213708 -0.01213708 -0.01213708 -0.01213708 -0.01213708 -0.01213708]",492395
1086563032,Vip-IRES-Cre,True,familiar,"[ 2.77014132e-03  2.07586962e-03 -2.15119298e-03  7.07941553e-03
  6.11535167e-04 -3.70996610e-03  2.19122557e-03  3.36316204e-03
  3.95648435e-03  4.56625268e-04 -1.25188000e-03 -1.57272399e-03
 -4.02332486e-03 -7.55174034e-03 -6.88248669e-03 -1.95648789e-03
  5.81834365e-03  1.35219425e-02  7.28683014e-03  4.34787127e-03
 -2.84215711e-03 -5.89209579e-03 -2.31803371e-03 -3.03528346e-03
  5.10420178e-03 -1.67706884e-03 -6.88389227e-03 -1.32046066e-03
 -4.06414590e-03 -1.45070762e-03 -1.57065891e-05  2.26592786e-03
 -8.31939445e-04 -2.91135320e-03 -3.04561464e-03  3.59473647e-03
  2.20520991e-03 -4.73226619e-03 -5.12953475e-03  7.19451570e-04
  5.01525699e-03  1.06673070e-03 -6.73184458e-04  2.57252131e-03
  6.06413727e-03  4.80468916e-03  6.99827547e-03  1.12121904e-02
  9.63998721e-03  7.22763869e-03  9.46581117e-03  1.01275661e-02
  2.09123892e-02  2.30302602e-02  2.30385016e-02  2.06805920e-02
  1.86664252e-02  1.76688814e-02  1.51691860e-02  1.75337570e-02
  1.97609223e-02  2.43919871e-02  2.62588455e-02  2.11293314e-02
  1.90218886e-02  1.56511492e-02  1.82397971e-02  1.27571156e-02
  1.27495511e-02  1.17777802e-02  1.52177534e-02  9.96018158e-03
  7.16709344e-03  5.42404594e-03  7.89925888e-03  7.89925888e-03
  7.89925888e-03  7.89925888e-03  7.89925888e-03  7.89925888e-03
  7.89925888e-03  7.89925888e-03  7.89925888e-03  7.89925888e-03
  7.89925888e-03  7.89925888e-03  7.89925888e-03  7.89925888e-03
  7.89925888e-03  7.89925888e-03]",492395
1086563032,Vip-IRES-Cre,True,novel,"[-0.00581854 -0.00500747  0.0025353   0.00481357 -0.00154518 -0.00623056
 -0.00499624 -0.01066122 -0.00849172 -0.01208987 -0.0131213  -0.01114149
 -0.01256667 -0.00803976  0.00512842  0.01325665  0.01772111  0.02258252
  0.02521737  0.01370466  0.00556538  0.00068779  0.00280703  0.00841946
  0.00472592  0.00434415 -0.00699633 -0.00165675 -0.01643918 -0.00670705
 -0.00885145 -0.0131362  -0.01745635 -0.01773164 -0.01006843 -0.00772419
 -0.02539042 -0.02302147 -0.01582216 -0.02406775 -0.02995916 -0.02110904
 -0.0213471  -0.01869749 -0.01479214 -0.02469462 -0.01974249 -0.02087109
 -0.02090589 -0.02463494 -0.02235518 -0.01985896 -0.01334376 -0.0149163
 -0.01627919 -0.01965413 -0.00787889  0.00610252  0.0148322   0.01266948
  0.01702226  0.02113463  0.02633116  0.02850718  0.0174427   0.01394948
  0.00916631  0.01828961  0.00010511  0.00289094  0.00221058  0.002584
  0.00552735 -0.00556887 -0.00181135 -0.00181135 -0.00181135 -0.00181135
 -0.00181135 -0.00181135 -0.00181135 -0.00181135 -0.00181135 -0.00181135
 -0.00181135 -0.00181135 -0.00181135 -0.00181135 -0.00181135 -0.00181135]",492395
1086563384,Vip-IRES-Cre,False,familiar,"[ 1.31491092e-04  1.06164786e-03  7.79282883e-03  3.31521602e-03
  1.01811820e-02 -2.61369393e-03 -2.47629772e-03 -1.77656788e-03
 -2.70799809e-03 -1.73288484e-03  5.89229322e-03  5.25642275e-03
  1.78613539e-03 -6.99369710e-03 -7.27938417e-03 -1.65800808e-03
 -5.68278376e-03  1.84901958e-03 -2.18353919e-03 -3.62015646e-03
 -5.53499471e-04  1.34091584e-03 -4.73778241e-03 -7.19070977e-04
  1.11892442e-02  5.59780585e-03  1.57753469e-03 -2.73883682e-03
 -6.15461404e-03 -3.34292236e-03 -4.39574281e-03 -1.03804179e-02
 -7.52638977e-03 -4.84176080e-03 -6.36943666e-03 -6.05634798e-03
 -6.72556507e-03 -3.97302283e-05  1.99445777e-03 -2.63645540e-03
 -5.82411158e-03  1.97145443e-03  6.26307046e-04  1.89302146e-04
  9.08328456e-03  7.92345287e-03 -3.74286273e-04  7.55526801e-03
  7.82385627e-03  6.61326148e-03  4.36115113e-03  3.82798547e-03
  6.09430362e-03  1.08289037e-02  3.68519746e-03 -1.17296402e-03
  1.80520190e-03 -2.57727387e-03 -9.83469660e-04 -5.45350763e-03
 -4.47987016e-03  9.24740950e-03  1.80290709e-03  2.58973430e-03
 -1.49446677e-03  3.12677028e-04  1.40314994e-03  2.84328907e-03
 -7.64979248e-03 -2.90748014e-03  5.56208571e-03 -1.06768522e-03
 -2.45077725e-03 -1.59832075e-03 -2.93946981e-03 -2.93946981e-03
 -2.93946981e-03 -2.93946981e-03 -2.93946981e-03 -2.93946981e-03
 -2.93946981e-03 -2.93946981e-03 -2.93946981e-03 -2.93946981e-03
 -2.93946981e-03 -2.93946981e-03 -2.93946981e-03 -2.93946981e-03
 -2.93946981e-03 -2.93946981e-03]",492395
1086563384,Vip-IRES-Cre,False,novel,"[-4.32295353e-03 -4.33279580e-03 -3.66136515e-03  9.45998847e-04
 -2.69432443e-04 -7.79501171e-03 -7.84842692e-03 -6.60537986e-03
 -5.65524682e-03 -4.38168892e-03 -5.79263646e-03 -2.98366691e-03
 -4.71224201e-04  8.01838387e-04  1.10375448e-03  2.13935383e-03
  5.73603301e-03  6.01093878e-03  3.30951677e-03  3.54042651e-03
  9.34150161e-03  2.09013384e-04  5.06094452e-04  6.19557462e-03
  5.56317656e-03  9.77293779e-04  1.43435614e-03  5.17849742e-03
  1.22667182e-03 -1.00211680e-04  1.75282267e-03 -1.20360154e-03
  2.84578467e-03  5.27282129e-03  6.66150251e-03  9.23554065e-03
  9.90283136e-03  1.03160538e-02  9.01808277e-03  1.55538445e-02
  1.31551788e-02  1.68592872e-02  1.38412320e-02  1.51181843e-02
  5.70211599e-03  5.38120280e-03  2.36176957e-03  1.62419503e-03
  8.08207660e-03  1.47310977e-03 -1.18945050e-04 -3.58799294e-03
 -2.59897930e-03 -4.22963730e-03 -2.14973860e-03 -3.67076658e-05
  5.01628573e-04  3.08765891e-03  4.03725699e-03 -1.77460406e-03
  1.38862158e-03  6.64673930e-03  4.67282475e-03  5.03016732e-03
  3.45561163e-03  4.14210336e-03  7.61785386e-03  1.16639962e-03
  2.38587279e-03  3.82201176e-04 -3.79502974e-04 -3.96996734e-03
 -5.66600195e-03 -7.21066276e-03 -6.19495328e-03 -6.19495328e-03
 -6.19495328e-03 -6.19495328e-03 -6.19495328e-03 -6.19495328e-03
 -6.19495328e-03 -6.19495328e-03 -6.19495328e-03 -6.19495328e-03
 -6.19495328e-03 -6.19495328e-03 -6.19495328e-03 -6.19495328e-03
 -6.19495328e-03 -6.19495328e-03]",492395
1086563384,Vip-IRES-Cre,True,familiar,"[ 0.01734934  0.01605398  0.00450411  0.00138431  0.00253492  0.0079117
  0.00140735  0.00410938  0.00580028  0.00357045 -0.0024452  -0.00115862
 -0.00756154 -0.01647228 -0.00630354 -0.00509779 -0.01301074  0.00187457
 -0.00432519 -0.00609168 -0.0075008   0.00495471  0.00225851  0.00062466
  0.007524   -0.00149799 -0.00431473 -0.00402519  0.00405011 -0.00610709
 -0.00110105  0.00093871 -0.00338965 -0.00973858 -0.0052306   0.00715534
 -0.00412472 -0.00053497 -0.00103657  0.01099934  0.0080488   0.0012574
  0.00741142  0.01415296  0.0052068   0.00405276  0.00648644  0.01467785
  0.0122435   0.02013749  0.01264741  0.01468356  0.02012089  0.0202409
  0.01834757  0.0214937   0.02119209  0.01443933  0.01003453  0.01028572
  0.00405443  0.00486782  0.00363994  0.00013137  0.00823362  0.00257675
  0.00369443  0.00404563  0.00460071  0.00035764  0.01767303  0.00490007
  0.00134967  0.01115188  0.00861021  0.00861021  0.00861021  0.00861021
  0.00861021  0.00861021  0.00861021  0.00861021  0.00861021  0.00861021
  0.00861021  0.00861021  0.00861021  0.00861021  0.00861021  0.00861021]",492395
1086563384,Vip-IRES-Cre,True,novel,"[-0.00327674 -0.00311368 -0.00070899  0.00579111  0.00782341  0.00367698
  0.00119821  0.0020273  -0.00173452 -0.00747141 -0.00687952 -0.00577104
 -0.0048663   0.000706    0.00187504  0.00533738  0.00353042  0.00130496
  0.00195302  0.00547255  0.00592918  0.00073711 -0.00880848 -0.00166458
  0.00279332 -0.00117123 -0.00126097  0.00064779 -0.00109682 -0.00297952
 -0.0044977  -0.00608657 -0.00716871 -0.0080874  -0.00787101 -0.00804329
 -0.0070642  -0.00725764 -0.00546299 -0.00239062  0.00118688 -0.00777117
 -0.00599165 -0.00243301 -0.00049595  0.00209346 -0.0047372  -0.00479542
  0.0019596  -0.00227254 -0.00845405 -0.00684724 -0.00558337 -0.00513012
  0.00245719  0.00509174  0.00496492  0.00386929  0.00818432  0.01015371
  0.00497844  0.00271496  0.00564852  0.00771318  0.00426428  0.0083284
 -0.00323767 -0.00025099 -0.00343058 -0.00949015 -0.00319067 -0.00316151
 -0.00222747 -0.00985313 -0.01145017 -0.01145017 -0.01145017 -0.01145017
 -0.01145017 -0.01145017 -0.01145017 -0.01145017 -0.01145017 -0.01145017
 -0.01145017 -0.01145017 -0.01145017 -0.01145017 -0.01145017 -0.01145017]",492395
1086563601,Vip-IRES-Cre,False,novel,"[ 0.00952339  0.0089319   0.00228164 -0.00610692 -0.00532138 -0.01057037
 -0.00873759 -0.0161999  -0.01913601 -0.02222866 -0.01638976 -0.00799859
 -0.00286263  0.00551098  0.00632521  0.01019492  0.01485572  0.02222145
  0.02413278  0.01255533  0.01974329  0.01182099 -0.00251472  0.00730991
  0.00593255 -0.00355626 -0.00797285 -0.00545485 -0.0103159  -0.01597367
 -0.0190388  -0.01879592 -0.01323228  0.002697    0.018987    0.03092046
  0.04058928  0.04915033  0.04731232  0.04549865  0.0431753   0.05217123
  0.03943542  0.02797908  0.01821517  0.01887632  0.00529615 -0.00037436
 -0.00348557 -0.00372023 -0.01509008 -0.01465265 -0.01305175 -0.02111918
 -0.01937451 -0.01162779  0.0004738   0.00615611  0.01123355  0.01580879
  0.02035066  0.01362308  0.015989    0.01977483  0.01584381  0.00817271
  0.00053383 -0.00570263 -0.00631224 -0.00975635 -0.01125601 -0.01532968
 -0.02058835 -0.02128093 -0.02228943 -0.02228943 -0.02228943 -0.02228943
 -0.02228943 -0.02228943 -0.02228943 -0.02228943 -0.02228943 -0.02228943
 -0.02228943 -0.02228943 -0.02228943 -0.02228943 -0.02228943 -0.02228943]",492395
1086563601,Vip-IRES-Cre,True,novel,"[ 6.81410964e-03  6.32373461e-03  2.20142994e-03  1.40440436e-03
 -5.20356879e-03 -7.45214925e-03 -8.95700228e-03 -1.51558593e-02
 -1.41750628e-02 -1.85852013e-02 -1.83829569e-02 -1.54238325e-02
 -5.37476043e-03 -1.07196307e-03  4.14465534e-03  7.32324120e-03
  1.61956337e-02  2.21338241e-02  2.94583167e-02  2.46743925e-02
  2.06878668e-02  1.64251536e-02 -4.80297860e-03  3.08896531e-03
 -5.80847056e-03 -1.43053579e-02 -5.73834063e-03 -1.07641769e-02
 -7.82548839e-03 -1.84855825e-03 -1.99576579e-02 -2.46968991e-02
 -2.60695091e-02 -2.43424000e-02 -1.86582241e-02 -2.53532785e-02
 -3.01916348e-02 -2.91941243e-02 -2.96911116e-02 -3.58856722e-02
 -2.88287920e-02 -2.72283528e-02 -4.28832036e-02 -2.94201082e-02
 -3.42709716e-02 -2.78493536e-02 -2.83509128e-02 -1.76514357e-02
 -2.58451479e-02 -3.04957453e-02 -1.80765530e-02 -2.11061719e-02
 -2.26726704e-02 -2.04671652e-02 -1.72768186e-02 -1.53650887e-02
 -1.31069494e-03  1.21200128e-02  2.06082310e-02  2.48869417e-02
  3.47704650e-02  4.25998698e-02  3.50453956e-02  3.05376151e-02
  2.37668851e-02  1.64129441e-02  2.53713828e-02  9.38936436e-04
  2.77777023e-03 -8.57477188e-03 -1.46727475e-03 -4.08447947e-05
 -4.74545377e-03 -3.64985198e-03 -4.19377432e-03 -4.19377432e-03
 -4.19377432e-03 -4.19377432e-03 -4.19377432e-03 -4.19377432e-03
 -4.19377432e-03 -4.19377432e-03 -4.19377432e-03 -4.19377432e-03
 -4.19377432e-03 -4.19377432e-03 -4.19377432e-03 -4.19377432e-03
 -4.19377432e-03 -4.19377432e-03]",492395
1086563829,Vip-IRES-Cre,False,familiar,"[ 7.66452049e-04  7.04219702e-04 -3.50116030e-04 -3.59795248e-03
 -4.03573529e-03 -1.54893990e-03 -1.24072628e-03 -2.60778758e-03
 -5.43767099e-03 -6.24531282e-03 -2.74506545e-03 -2.80572137e-03
 -1.71319309e-03 -5.01148930e-03 -3.42023982e-03  1.58101918e-03
  4.64370840e-03  2.47188339e-03  8.06165671e-04  8.52347109e-04
  1.31428703e-03  1.99847023e-03  2.05891748e-03  9.25009864e-03
  3.14363049e-03  2.66888761e-03  3.20664512e-03  1.77483373e-03
  2.14463329e-03  1.37375128e-03  3.18403303e-03  1.61646551e-05
 -2.38098770e-03 -1.38791587e-03  7.56805274e-04 -1.43851452e-03
 -2.96831060e-03  3.65814643e-03  4.27133343e-03  4.39359157e-03
  3.46745718e-03  3.77904386e-03 -8.52749175e-04  9.86145301e-04
 -1.24264859e-05 -1.04979606e-03 -1.45493924e-03 -3.60800761e-03
 -4.06835458e-03 -5.72977253e-03 -4.13799220e-03  1.10484888e-03
 -5.06210432e-04 -1.50885785e-03 -2.98235102e-03 -4.46171156e-03
 -6.11923576e-03 -7.26807736e-03 -5.71834445e-03 -8.18052663e-03
 -9.03078529e-03 -7.35726585e-03 -5.28813962e-03 -5.10755323e-03
 -9.12916967e-03 -4.15400210e-03 -6.45278701e-03 -4.40256855e-03
 -8.26047913e-03 -2.64527693e-03 -3.62573906e-03 -2.15701314e-03
 -1.19003089e-02 -4.87547458e-03 -6.39807649e-03 -6.39807649e-03
 -6.39807649e-03 -6.39807649e-03 -6.39807649e-03 -6.39807649e-03
 -6.39807649e-03 -6.39807649e-03 -6.39807649e-03 -6.39807649e-03
 -6.39807649e-03 -6.39807649e-03 -6.39807649e-03 -6.39807649e-03
 -6.39807649e-03 -6.39807649e-03]",492395
1086563829,Vip-IRES-Cre,False,novel,"[ 0.00491516  0.00486972  0.00409263  0.0001124  -0.00746677 -0.00982838
 -0.01476469 -0.01715225 -0.01800002 -0.01349169 -0.01279068 -0.01032445
 -0.00275835  0.00835656  0.00759147  0.00968281  0.01161254  0.01179588
  0.01491962  0.01665497  0.01056918  0.01569478  0.01246207  0.00414675
 -0.00119462 -0.0008654  -0.00471058 -0.00077774 -0.00943269 -0.01391823
 -0.01896782 -0.02037606 -0.01418995 -0.00040702  0.01561694  0.03050469
  0.03960488  0.04344827  0.04930689  0.05140564  0.04736397  0.04332974
  0.04495415  0.03882228  0.02503613  0.0198865   0.01386919  0.01896227
  0.00485516 -0.00278708 -0.00718269 -0.00533966 -0.01126282 -0.01276064
 -0.01173308 -0.01199415 -0.00135806  0.01403001  0.01519087  0.01615128
  0.02001142  0.02037113  0.01588952  0.01511896  0.0145698   0.01050335
  0.00713493  0.00509825 -0.00430234 -0.00290147 -0.00912833 -0.0076687
 -0.01029039 -0.01582144 -0.01928101 -0.01928101 -0.01928101 -0.01928101
 -0.01928101 -0.01928101 -0.01928101 -0.01928101 -0.01928101 -0.01928101
 -0.01928101 -0.01928101 -0.01928101 -0.01928101 -0.01928101 -0.01928101]",492395
1086563829,Vip-IRES-Cre,True,familiar,"[ 6.66763167e-03  6.56961062e-03  5.44841479e-03  4.04500271e-03
  4.40705005e-03  4.30585051e-03  4.69201086e-06 -8.76571434e-04
  1.61386671e-03  1.31087558e-03 -1.44136768e-03 -2.78539331e-03
 -6.33677289e-03 -2.46328282e-03  8.81852955e-04 -3.03491077e-04
 -5.90694625e-03  4.06161330e-03 -7.00235925e-04 -1.31580907e-03
 -2.15327677e-03  1.01955946e-04 -5.42829787e-03 -3.72663664e-05
 -4.90494950e-03 -3.10805425e-03 -5.58805871e-03  2.32407982e-03
 -1.65134693e-03  3.25862415e-03 -4.26069731e-03 -5.21578874e-03
 -1.08275463e-03 -7.58188693e-04 -1.16560369e-04 -1.00004818e-03
 -4.13227774e-03 -3.58039351e-03 -3.84902358e-03  1.40287935e-03
  4.10746609e-03  3.73890187e-03  3.10928083e-03  1.11192997e-02
  1.00884230e-02  1.87668692e-02  1.41339881e-02  1.22055285e-02
  1.59217522e-02  1.46044923e-02  1.89397668e-02  2.26310291e-02
  2.37292155e-02  2.02935591e-02  1.93697507e-02  2.02201198e-02
  2.52934907e-02  2.05463542e-02  2.08158124e-02  2.40712743e-02
  1.75285163e-02  1.51599003e-02  2.03066000e-02  2.28944865e-02
  1.99813585e-02  1.96766700e-02  1.77319604e-02  1.19949399e-02
  1.77881662e-02  1.57432605e-02  1.74768755e-02  1.30277015e-02
  8.33762036e-03  7.76909618e-03  1.06648055e-02  1.06648055e-02
  1.06648055e-02  1.06648055e-02  1.06648055e-02  1.06648055e-02
  1.06648055e-02  1.06648055e-02  1.06648055e-02  1.06648055e-02
  1.06648055e-02  1.06648055e-02  1.06648055e-02  1.06648055e-02
  1.06648055e-02  1.06648055e-02]",492395
1086563829,Vip-IRES-Cre,True,novel,"[ 0.00014919  0.00059496  0.00532791  0.00743731 -0.0049484  -0.00715077
 -0.02093685 -0.01866427 -0.01916028 -0.02761097 -0.02616897 -0.02140777
 -0.01576078 -0.00252439  0.00835358  0.01362014  0.01223832  0.02101297
  0.02194287  0.01801849  0.01687092  0.02147736  0.01780146  0.00936482
  0.01242469  0.00289987  0.002244   -0.0005508  -0.01361366 -0.01328097
 -0.01823826 -0.02451744 -0.02385426 -0.02232113 -0.02598722 -0.03048406
 -0.03152061 -0.03355544 -0.03618313 -0.03902614 -0.04328493 -0.03829271
 -0.02779815 -0.04389963 -0.04122257 -0.04011872 -0.03846683 -0.03712236
 -0.03436634 -0.03772202 -0.03653869 -0.03601876 -0.02767664 -0.03137441
 -0.02907796 -0.02901055 -0.01663027  0.00370393  0.01383885  0.01039128
  0.01535022  0.00632858  0.01090661  0.00811858  0.02148172  0.00582562
 -0.00613513  0.00219019 -0.00537376 -0.01298755 -0.01579626 -0.02446563
 -0.0250952  -0.02912567 -0.03616705 -0.03616705 -0.03616705 -0.03616705
 -0.03616705 -0.03616705 -0.03616705 -0.03616705 -0.03616705 -0.03616705
 -0.03616705 -0.03616705 -0.03616705 -0.03616705 -0.03616705 -0.03616705]",492395
1086564793,Vip-IRES-Cre,False,familiar,"[ 0.00223494  0.00214812  0.00197932  0.0052827   0.00268848 -0.00129905
  0.00457234 -0.0002595   0.00130213  0.00699066  0.00540273 -0.00063743
 -0.00467852 -0.00274133 -0.00231578  0.00139272 -0.00300528 -0.00538023
  0.00446171  0.00305512 -0.00644077 -0.0018236  -0.00660323 -0.00156613
 -0.00531577 -0.00208668 -0.00010529  0.0021953   0.00115313 -0.00060081
 -0.00309838  0.00155453  0.00559786  0.00295317 -0.00116415 -0.00132207
  0.00250018 -0.0049403  -0.00466889 -0.00720893 -0.0057732  -0.00229127
 -0.01359    -0.00501315 -0.00361939 -0.00870109 -0.00780751  0.00035006
 -0.01109096 -0.01212297 -0.01326148 -0.00605419 -0.00407956 -0.00943382
 -0.01028824 -0.00934393 -0.00673402 -0.0078488  -0.0078791  -0.00984199
 -0.00678441 -0.00478949 -0.00985224 -0.00894373 -0.01188971 -0.0033829
 -0.00943404 -0.0088358  -0.0034936  -0.01057151 -0.01149257 -0.00150245
 -0.00189416 -0.0043915  -0.00595124 -0.00595124 -0.00595124 -0.00595124
 -0.00595124 -0.00595124 -0.00595124 -0.00595124 -0.00595124 -0.00595124
 -0.00595124 -0.00595124 -0.00595124 -0.00595124 -0.00595124 -0.00595124]",492395
1086564793,Vip-IRES-Cre,True,familiar,"[ 1.20301742e-02  1.08416971e-02 -2.81280743e-05 -3.97257071e-03
 -6.32448310e-03 -1.88544532e-03 -2.57557390e-03  6.36370348e-04
  7.52358488e-03  3.10677671e-03  4.48873586e-03  1.72956645e-03
  6.48272023e-03  3.71108973e-03 -1.50308810e-03 -4.01680415e-03
 -4.20723606e-03 -6.53763850e-03 -2.81009188e-03  7.07049733e-05
  4.53587299e-03  2.41575555e-04 -5.89842764e-03  3.18323103e-03
 -4.77972020e-03 -3.18956276e-03 -1.27690416e-02 -2.15904144e-03
 -1.43251011e-03  5.50726339e-03  7.29236951e-03  9.11237300e-03
  6.38487043e-03  2.43213249e-03  7.85425017e-03  1.42124988e-02
  4.44728409e-03  6.22065538e-03  1.27798876e-02  1.06102925e-02
  1.48718012e-02  9.73785682e-03  2.56868716e-02  2.34771361e-02
  2.16656465e-02  3.62318319e-02  2.84481658e-02  4.78184200e-02
  4.47878156e-02  4.81068433e-02  5.71028964e-02  5.72442960e-02
  4.72531841e-02  5.35150558e-02  6.67408148e-02  6.20398946e-02
  5.90483018e-02  4.92330549e-02  3.74233872e-02  2.91767914e-02
  3.66491932e-02  4.37820522e-02  4.20131682e-02  3.32349749e-02
  2.30525020e-02  2.12125027e-02  2.47723439e-02  1.88291265e-02
  2.47006471e-02  1.16448143e-02  2.18231462e-02  2.11461224e-02
  1.48440960e-02  1.12937676e-02  8.26642510e-03  8.26642510e-03
  8.26642510e-03  8.26642510e-03  8.26642510e-03  8.26642510e-03
  8.26642510e-03  8.26642510e-03  8.26642510e-03  8.26642510e-03
  8.26642510e-03  8.26642510e-03  8.26642510e-03  8.26642510e-03
  8.26642510e-03  8.26642510e-03]",492395
1086565124,Vip-IRES-Cre,False,novel,"[ 1.11204786e-03  8.46998035e-04 -1.56026986e-03 -1.92789461e-03
 -6.87561580e-04 -3.84307931e-03 -4.64455059e-03  1.32469448e-03
 -4.81242105e-03 -6.74003683e-03 -6.74212902e-03 -6.44173376e-04
  9.22558776e-04 -7.49220657e-04  5.26447660e-03  6.27855102e-03
  4.15875840e-03  8.39044473e-03  2.26846048e-04  6.69083065e-03
 -1.55528010e-03 -4.36480050e-03  1.66271353e-04 -1.62901058e-03
  3.43470882e-03  2.60008280e-03 -3.53908641e-04 -2.51458443e-03
 -4.60255254e-04  1.81190682e-03 -2.08877193e-03 -6.60283913e-03
 -3.23069514e-03  5.54658010e-04  6.60156149e-03  1.44531229e-02
  1.24822649e-02  4.38926617e-03  5.26933510e-03  6.10862847e-03
  1.30858976e-03  7.30014112e-03  1.14444936e-02  1.70018152e-03
  2.55869733e-03  3.93539497e-03  1.39282324e-03  3.08175936e-04
  6.25669275e-04 -1.10850750e-03 -9.37232901e-05  3.81987727e-03
 -5.45393131e-03 -5.34282934e-03 -6.00132625e-03 -1.09025058e-03
 -3.01030484e-03 -3.57977831e-03  1.40686677e-03  4.34865096e-03
  1.16126712e-03  2.11215322e-03  1.29854887e-03 -3.78767127e-05
  3.83603473e-03 -1.72667860e-03 -4.26899190e-03  1.27300338e-03
 -3.38322880e-03 -3.89521699e-03  2.08473141e-03 -2.43322358e-03
 -2.24161049e-03 -3.87934008e-03 -5.64344096e-03 -5.64344096e-03
 -5.64344096e-03 -5.64344096e-03 -5.64344096e-03 -5.64344096e-03
 -5.64344096e-03 -5.64344096e-03 -5.64344096e-03 -5.64344096e-03
 -5.64344096e-03 -5.64344096e-03 -5.64344096e-03 -5.64344096e-03
 -5.64344096e-03 -5.64344096e-03]",492395
1086565124,Vip-IRES-Cre,True,novel,"[-0.00204618 -0.00035192  0.0121266   0.00098144  0.00188597 -0.00689605
 -0.00382184 -0.0064144  -0.00750869 -0.00365832 -0.00120241 -0.00361759
 -0.00359382 -0.0028672   0.00393945  0.0013274   0.00536651  0.0026207
  0.00702619  0.00286849  0.00117942  0.0084196   0.00375599  0.0039112
  0.0036716  -0.0050354   0.0014488  -0.00439505 -0.00631745 -0.00280301
 -0.00281728 -0.00033424 -0.00311166 -0.0067523  -0.00349114  0.00064921
  0.00288827 -0.00108395  0.00230658 -0.00247314  0.00143429  0.00363014
  0.00110931 -0.00499135  0.00085991  0.00165331  0.00189149 -0.005776
 -0.00647557 -0.00695648 -0.00141121 -0.00680443 -0.0081943  -0.00588643
 -0.00490918 -0.00016824  0.00433421 -0.00396685  0.00158033  0.00688773
 -0.00045675 -0.00479158  0.00468279  0.00600464  0.0030148   0.00060983
  0.00343166 -0.00322622  0.00205586  0.00255871  0.00411369  0.00241827
 -0.00033367  0.00363694  0.00141342  0.00141342  0.00141342  0.00141342
  0.00141342  0.00141342  0.00141342  0.00141342  0.00141342  0.00141342
  0.00141342  0.00141342  0.00141342  0.00141342  0.00141342  0.00141342]",492395
1086565528,Vip-IRES-Cre,False,familiar,"[-5.05563529e-03 -4.06027138e-03  4.05316105e-03  1.61495804e-03
  4.92275407e-04 -2.74549050e-04  4.40511335e-04 -4.41376258e-04
 -8.07118356e-04  4.80986324e-05 -2.32760171e-03  6.76500503e-03
  3.04550869e-03 -5.71612910e-03 -6.39448016e-03 -4.77402290e-03
  2.52679086e-03 -1.12229789e-03 -6.88568046e-04  1.31518912e-03
 -2.14828586e-03  3.41835711e-03 -4.60110595e-03 -6.40899958e-04
  7.40611784e-03 -6.20126398e-04 -6.66304712e-03  4.18892276e-04
  7.08493028e-03  7.70571978e-03  9.38815544e-03  6.28393867e-03
  9.31777184e-03  1.03763065e-02  4.11051506e-03  2.16491665e-03
  1.14494343e-03  3.39719727e-03  3.68978387e-03 -3.06899296e-03
  2.75072928e-03  9.75598172e-04  1.77542673e-03  7.15859226e-03
  4.18604481e-03  1.56930530e-03  7.75264949e-03  2.72261527e-04
  4.09446041e-03  2.96779524e-03  1.17703593e-03 -1.70708630e-03
 -2.04268096e-03 -3.91636838e-04 -7.56671649e-03  2.91594296e-03
  5.14283923e-03 -5.13890007e-03 -5.11759248e-03 -2.59435851e-03
 -3.47226382e-03  3.97832272e-03 -3.72807461e-03  2.16605867e-03
  6.42476137e-03 -1.14051234e-03  5.66757010e-03  5.27077425e-03
  5.42377391e-03 -7.24981854e-03 -3.37492516e-03 -1.68196976e-03
  1.13905197e-03  3.50487465e-03  1.04906989e-02  1.04906989e-02
  1.04906989e-02  1.04906989e-02  1.04906989e-02  1.04906989e-02
  1.04906989e-02  1.04906989e-02  1.04906989e-02  1.04906989e-02
  1.04906989e-02  1.04906989e-02  1.04906989e-02  1.04906989e-02
  1.04906989e-02  1.04906989e-02]",492395
1086565528,Vip-IRES-Cre,False,novel,"[ 1.90373683e-03  1.34862092e-03 -3.43847257e-03 -3.81256092e-03
 -7.00760058e-03 -1.31046757e-02 -1.13427513e-02 -1.10110494e-02
 -1.10476534e-02 -7.64495793e-03 -8.12178901e-03 -4.63244706e-03
  2.31727759e-03  4.06652305e-03  3.37152330e-03  8.84769760e-03
  1.07037351e-02  1.32301268e-02  1.63279287e-02  9.03389694e-03
  1.30448199e-03  1.09471654e-02  5.13416372e-03  9.20111966e-05
  3.91001143e-03  8.67013854e-03 -1.18799630e-03 -1.30416046e-03
 -9.83786599e-03 -7.71505836e-03 -9.36664078e-03 -1.04015380e-02
 -3.20197251e-03  9.55051103e-03  2.04407565e-02  3.15918109e-02
  4.05716616e-02  3.91962493e-02  3.82311552e-02  4.25022913e-02
  3.07291391e-02  3.27398360e-02  2.37524073e-02  2.78006443e-02
  1.90594220e-02  1.32248688e-02  1.71078073e-02  1.45259993e-02
  4.95854783e-03  1.83745100e-03  2.09325105e-03  9.98599707e-04
 -4.53585158e-03 -3.00568544e-03 -4.06312263e-03  6.62078772e-04
  9.32152631e-03  1.40924354e-02  1.29832526e-02  1.19410173e-02
  9.09573712e-03  1.32816527e-02  1.76918124e-02  1.89370391e-02
  6.48336669e-03  7.36864239e-03  1.77601064e-03  1.90167987e-03
 -8.22486696e-03 -2.95360080e-03 -7.92160802e-03 -5.60391378e-03
 -7.83293987e-03 -5.78536005e-03 -6.73579458e-03 -6.73579458e-03
 -6.73579458e-03 -6.73579458e-03 -6.73579458e-03 -6.73579458e-03
 -6.73579458e-03 -6.73579458e-03 -6.73579458e-03 -6.73579458e-03
 -6.73579458e-03 -6.73579458e-03 -6.73579458e-03 -6.73579458e-03
 -6.73579458e-03 -6.73579458e-03]",492395
1086565528,Vip-IRES-Cre,True,familiar,"[ 1.39135419e-03  1.49990578e-03  1.48814767e-03 -2.82199874e-03
  2.41738098e-05 -4.17941306e-03  8.05682865e-04 -9.91440296e-04
 -3.07569775e-03 -2.37720096e-03 -5.28690215e-03 -6.50283956e-03
  3.20726045e-03 -4.93653854e-03 -7.08707190e-03 -2.63191865e-03
 -3.11874871e-03  8.69322628e-03 -2.25591409e-03  2.07545101e-03
  1.03645466e-03  7.50609092e-03  5.12429465e-03 -2.73985896e-03
  2.67533371e-03  3.23719531e-03  9.79154292e-04  1.12102610e-03
  2.29509664e-03  4.84569504e-03  1.14773669e-02  4.98919358e-03
  1.65318757e-03  9.73059570e-03  1.36829433e-02  1.26600688e-02
  1.37878151e-02  1.53243204e-02  1.28720285e-02  9.95501136e-03
  1.81083121e-02  1.36527371e-02  1.27703929e-02  1.95326145e-02
  3.62261077e-02  2.08634062e-02  2.08827375e-02  3.48872698e-02
  3.22902111e-02  2.24964491e-02  2.42535624e-02  3.06941303e-02
  2.86250249e-02  1.80714627e-02  3.08070381e-02  3.38261468e-02
  2.84233910e-02  2.20737563e-02  2.17429166e-02  2.04218251e-02
  2.01773642e-02  2.02158273e-02  1.86218153e-02  1.83660004e-02
  1.38435398e-02  1.75553412e-02  2.57212176e-02  2.49488512e-02
  5.72760795e-03  2.15104706e-04  1.08149111e-02  1.17688302e-02
  5.99484741e-03  7.02930618e-03  1.47810512e-02  1.47810512e-02
  1.47810512e-02  1.47810512e-02  1.47810512e-02  1.47810512e-02
  1.47810512e-02  1.47810512e-02  1.47810512e-02  1.47810512e-02
  1.47810512e-02  1.47810512e-02  1.47810512e-02  1.47810512e-02
  1.47810512e-02  1.47810512e-02]",492395
1086565528,Vip-IRES-Cre,True,novel,"[ 0.00216833  0.00066249 -0.01095657 -0.00432035 -0.00863427 -0.00915158
 -0.01236438 -0.01290322 -0.01093352 -0.01218489 -0.01918964 -0.013575
 -0.0014366   0.00809443  0.00935371  0.00804934  0.01031536  0.01742
  0.01455544  0.01747467  0.01375308  0.00728556  0.00789998  0.00827481
  0.00707508 -0.00178532  0.00453182  0.00043885 -0.00963793 -0.01027969
 -0.01171649 -0.01407811 -0.01813234 -0.02019305 -0.01429762 -0.01673765
 -0.02300235 -0.02387093 -0.02226308 -0.02144918 -0.01621597 -0.02294136
 -0.02207019 -0.02176959 -0.0245006  -0.02257754 -0.02059244 -0.01229615
 -0.02060795 -0.02003009 -0.02283573 -0.02083254 -0.0241089  -0.01958923
 -0.02562698 -0.01898998 -0.00613862  0.01094498  0.01463333  0.01743919
  0.01503382  0.01142905  0.01563448  0.01628048  0.00544877  0.0056962
 -0.00369754  0.00214263 -0.01421744 -0.00388801 -0.00723031 -0.00937753
 -0.011151   -0.01373985 -0.02190063 -0.02190063 -0.02190063 -0.02190063
 -0.02190063 -0.02190063 -0.02190063 -0.02190063 -0.02190063 -0.02190063
 -0.02190063 -0.02190063 -0.02190063 -0.02190063 -0.02190063 -0.02190063]",492395
1086565788,Vip-IRES-Cre,False,novel,"[ 2.29377090e-03  2.61268816e-03  4.57573251e-03 -3.59019882e-04
 -3.45861931e-03 -7.52270203e-03 -8.92846400e-03 -1.26143132e-02
 -1.25640945e-02 -1.32831820e-02 -1.05399742e-02 -2.30746117e-03
  2.36647265e-03  6.52598215e-03  1.15147730e-02  8.63320473e-03
  8.64893816e-03  7.75851458e-03  1.25680110e-02  8.52825028e-03
  4.15411526e-03  3.80222734e-03  1.12926108e-03 -1.56373521e-03
 -1.06866003e-03 -7.22143001e-03 -4.13087495e-04  1.19814646e-03
 -1.54254497e-03 -2.92280020e-03 -5.00307521e-03 -1.02109172e-02
 -6.64283612e-03  2.00974963e-03  1.50639831e-02  1.85538910e-02
  2.30856964e-02  2.39322265e-02  2.25541189e-02  2.60264171e-02
  2.01163183e-02  2.09428678e-02  1.52619923e-02  1.41623817e-02
  5.11948084e-03  1.57122625e-02  9.14837658e-03  3.91588947e-03
  2.34260352e-03 -2.54619830e-03 -5.98096779e-03 -1.16350853e-02
 -5.07256964e-03 -6.94265149e-03 -1.15580242e-02 -6.78589270e-03
  5.47756202e-04  3.34269564e-03  4.57169982e-03  3.17443648e-03
  5.83508788e-03  1.03133691e-02  8.22044182e-03  5.01055887e-03
  4.18335437e-03  2.31978835e-03  6.09005683e-05 -3.10943215e-03
 -2.90286454e-03 -6.54485488e-03 -8.80662915e-03 -7.19651484e-03
 -1.11599894e-02 -1.32937873e-02 -1.09100929e-02 -1.09100929e-02
 -1.09100929e-02 -1.09100929e-02 -1.09100929e-02 -1.09100929e-02
 -1.09100929e-02 -1.09100929e-02 -1.09100929e-02 -1.09100929e-02
 -1.09100929e-02 -1.09100929e-02 -1.09100929e-02 -1.09100929e-02
 -1.09100929e-02 -1.09100929e-02]",492395
1086565788,Vip-IRES-Cre,True,novel,"[ 0.00382264  0.00313495 -0.00343441 -0.00710937 -0.00708547 -0.00943564
 -0.01213256 -0.01329316 -0.01055096 -0.0116485  -0.01047524 -0.00854222
 -0.00312479  0.00476546  0.0064544   0.0146412   0.01039482  0.00903646
  0.00673796  0.00462915  0.00796679  0.00988143  0.00780996  0.01725018
 -0.00085867  0.00412596  0.00038986  0.00012657 -0.0080099  -0.0054669
 -0.00258571 -0.00539227 -0.00471996 -0.00701886 -0.00978689 -0.01502906
 -0.01671515 -0.01595505 -0.01680336 -0.01974979 -0.02333451 -0.02357942
 -0.01552637 -0.00959914 -0.01961558 -0.0099421  -0.020773   -0.01086761
 -0.01615551 -0.00812346 -0.00457388 -0.01570529 -0.01331878 -0.01064554
 -0.00995682 -0.00496533 -0.00321633  0.00404997  0.00770512  0.00986929
  0.01373645  0.01097864  0.01529118  0.00799014  0.00866606  0.00259704
  0.00445765  0.00433284 -0.0016713  -0.00198804 -0.00621222 -0.00859144
 -0.0055543  -0.01086053 -0.01544453 -0.01544453 -0.01544453 -0.01544453
 -0.01544453 -0.01544453 -0.01544453 -0.01544453 -0.01544453 -0.01544453
 -0.01544453 -0.01544453 -0.01544453 -0.01544453 -0.01544453 -0.01544453]",492395
1086566230,Vip-IRES-Cre,False,familiar,"[ 0.00082439  0.00024165 -0.00404252 -0.00055936 -0.0031937  -0.00440904
 -0.00160084  0.00306915 -0.00042977 -0.00131387  0.00131352 -0.00055929
  0.00130156 -0.00230549 -0.00175865  0.00192686 -0.0034095  -0.00069419
  0.00281204 -0.00014341 -0.00763828 -0.00282682  0.00370064 -0.00203034
  0.00630294  0.00313232  0.00199956  0.01095529  0.00034282 -0.00100767
 -0.00188932  0.00281055  0.00783321  0.00425418 -0.00097709 -0.0022029
 -0.00237374  0.00595292  0.00711342 -0.00063417 -0.00586181 -0.0011412
 -0.00190797  0.01259249 -0.00204136  0.00219972 -0.00556422 -0.00329874
  0.00465925  0.0049162   0.0019042   0.00088761  0.00564129  0.0068899
 -0.00027853  0.00088632  0.00585886  0.00150536 -0.00255345 -0.00119455
  0.00232208 -0.00150442  0.00105035 -0.00447595 -0.00022554 -0.00167301
 -0.00249129 -0.0007156   0.00538799  0.00628594 -0.00379669  0.00100086
  0.001884    0.00587808  0.00454116  0.00454116  0.00454116  0.00454116
  0.00454116  0.00454116  0.00454116  0.00454116  0.00454116  0.00454116
  0.00454116  0.00454116  0.00454116  0.00454116  0.00454116  0.00454116]",492395
1086566230,Vip-IRES-Cre,False,novel,"[ 0.0004914  -0.00026321 -0.00579257 -0.00236678 -0.00970576 -0.00550141
 -0.00809377 -0.00628373 -0.00765765 -0.00838365  0.00064715  0.00980946
  0.0080449   0.00566715  0.00455817  0.01254989  0.01397188  0.01301714
  0.00785352  0.00106547  0.00192142 -0.00432218  0.00628872 -0.00458311
 -0.00294311 -0.00751512 -0.00152843  0.00120791 -0.00614564 -0.00600807
 -0.00239383 -0.0067464   0.001661    0.01045501  0.01366266  0.01786178
  0.01607972  0.0238568   0.02719684  0.02552051  0.01611987  0.01625994
  0.02028781  0.00758646  0.00936028 -0.0017454   0.00249741 -0.00611845
 -0.00362275 -0.00039387 -0.00216505 -0.00441694 -0.00655946 -0.00236938
 -0.00255521  0.00273937  0.00949399  0.0097584   0.00637157  0.01002731
  0.01418928  0.01183716  0.00845623  0.00370745  0.00163871  0.00525835
 -0.00044227 -0.0003108  -0.01086002 -0.0047987  -0.00336023 -0.00174248
 -0.00783564 -0.00819051 -0.01099341 -0.01099341 -0.01099341 -0.01099341
 -0.01099341 -0.01099341 -0.01099341 -0.01099341 -0.01099341 -0.01099341
 -0.01099341 -0.01099341 -0.01099341 -0.01099341 -0.01099341 -0.01099341]",492395
1086566230,Vip-IRES-Cre,True,familiar,"[ 0.00082137  0.00146571  0.00651736  0.00344421  0.00154219  0.00152331
  0.00288845  0.00543527  0.00262918  0.00060379  0.00188716 -0.00037365
 -0.00521407 -0.00972486 -0.00736437 -0.00390491 -0.00063824 -0.00146371
 -0.00112785 -0.00339411 -0.00278915  0.0019493  -0.00125806  0.00119721
  0.00380348 -0.00173637  0.00015111 -0.0028097   0.00019617  0.00574377
  0.00248327  0.00825035  0.00765347  0.00648125  0.00633274  0.01356868
  0.01966934  0.01753983  0.01839126  0.01343174  0.01044909  0.00784297
  0.01947052  0.01330942  0.01902463  0.01561707  0.01519091  0.01242328
  0.01662363  0.01131759  0.01842407  0.01824945  0.0179131   0.00904405
  0.01197422  0.01623829  0.01469481  0.00831173  0.00451454  0.00921927
  0.00626404  0.00494275  0.01092246  0.00856088  0.00403303  0.00664379
  0.0053292   0.01066609  0.0122667   0.00435212  0.00627713  0.00321093
 -0.00326275  0.0095734   0.00559525  0.00559525  0.00559525  0.00559525
  0.00559525  0.00559525  0.00559525  0.00559525  0.00559525  0.00559525
  0.00559525  0.00559525  0.00559525  0.00559525  0.00559525  0.00559525]",492395
1086566230,Vip-IRES-Cre,True,novel,"[ 1.07017151e-03  4.79637823e-04 -4.63715287e-03 -4.47482490e-03
 -3.99805791e-03 -7.10161026e-03 -4.27245854e-03 -4.76415209e-03
 -8.32060658e-03 -1.20430992e-02 -3.01671185e-03  7.54021317e-03
  6.66286505e-03  4.35871280e-03  1.71459110e-03  7.25823485e-03
  1.98014868e-02  1.39296352e-02  1.10996529e-02  5.21902946e-03
 -4.57965131e-05  1.70881134e-03  4.79978245e-03  5.59464915e-03
 -5.42915387e-03 -1.00091836e-02 -8.84852903e-03 -8.10489680e-03
 -3.21961781e-03 -2.95162181e-03 -1.05329908e-02 -1.88863775e-02
 -8.21184975e-03 -5.80401433e-03 -1.00364465e-02 -1.11427108e-02
 -1.47821090e-02 -1.19533976e-02 -1.06813775e-02 -8.28466758e-03
 -6.43301943e-03 -7.88716108e-03 -7.56666939e-03 -1.13140997e-03
 -3.40577181e-03 -1.13846587e-02 -1.03966663e-02 -5.90976408e-03
 -5.69842290e-03 -9.63426046e-03 -1.76062866e-03 -1.06306960e-03
  3.06939041e-03 -4.26502453e-04  1.44979650e-03  7.58564487e-03
  1.34317625e-02  1.65321598e-02  2.53007858e-02  2.21871052e-02
  1.75790178e-02  1.19492510e-02  1.07891642e-02  1.46199005e-02
  1.12882277e-03  1.03771692e-02 -2.74781607e-03 -7.17735745e-06
 -3.48617521e-03 -1.68540338e-03 -7.44189626e-03 -5.87002575e-03
 -1.11334944e-02 -4.81887824e-03 -3.51313040e-03 -3.51313040e-03
 -3.51313040e-03 -3.51313040e-03 -3.51313040e-03 -3.51313040e-03
 -3.51313040e-03 -3.51313040e-03 -3.51313040e-03 -3.51313040e-03
 -3.51313040e-03 -3.51313040e-03 -3.51313040e-03 -3.51313040e-03
 -3.51313040e-03 -3.51313040e-03]",492395
1086566623,Vip-IRES-Cre,False,novel,"[ 0.00162603  0.00098231 -0.00397572 -0.000761   -0.00128138 -0.00149856
 -0.00252461 -0.00379986 -0.00557896 -0.00759891 -0.00462414 -0.00327644
 -0.00074097  0.00252714  0.00416013  0.00649726  0.0050678   0.00628055
  0.00788152  0.01443865  0.0039503   0.00723106  0.00164958 -0.00039013
 -0.00465298 -0.00160314 -0.00580464 -0.00258002 -0.00475354 -0.00684732
 -0.00598423 -0.00321928 -0.00628819 -0.00307199  0.01037777  0.01599132
  0.01552652  0.01462078  0.01446975  0.01804931  0.0200746   0.01787057
  0.02022819  0.01934335  0.0082278   0.00444358  0.00059074 -0.00402686
 -0.00309037 -0.00457333 -0.00766262 -0.00600723 -0.00903764 -0.00992082
 -0.0103264  -0.00401499  0.00363882  0.00112496  0.00526153  0.00603869
  0.00128263  0.00246226  0.00585161  0.00488168  0.00558233  0.00277486
  0.00306376 -0.00465595 -0.0042293  -0.00554575 -0.0075115  -0.00470596
 -0.00985598 -0.01319021 -0.01141106 -0.01141106 -0.01141106 -0.01141106
 -0.01141106 -0.01141106 -0.01141106 -0.01141106 -0.01141106 -0.01141106
 -0.01141106 -0.01141106 -0.01141106 -0.01141106 -0.01141106 -0.01141106]",492395
1086566623,Vip-IRES-Cre,True,novel,"[-0.00640131 -0.00632174 -0.00612275 -0.0079697  -0.00783849 -0.01831156
 -0.0097393  -0.00972778 -0.015172   -0.01516073 -0.00900366 -0.0016028
  0.00327562  0.00690027  0.00676208  0.00465115  0.00624971  0.01164962
  0.00886915  0.01334387  0.01259421  0.01956938  0.00532486  0.00703209
  0.00683066 -0.00343715  0.00547213  0.00415049 -0.00372673 -0.0021396
 -0.00304601 -0.0072029  -0.00774054 -0.01193819 -0.01508274 -0.01029991
 -0.00858382 -0.00930364 -0.01087506 -0.0135366  -0.01372794 -0.01971176
 -0.01481623 -0.01350696 -0.01439568 -0.0080613  -0.01567169 -0.00782858
 -0.0183971  -0.01515556 -0.01150682 -0.01487934 -0.01968636 -0.02074785
 -0.02134363 -0.01022643 -0.00112848  0.00172179  0.0026719   0.0052006
  0.00529703  0.0065998   0.00758867  0.00555618  0.00771559  0.00058027
  0.00204735 -0.00529522 -0.01740795 -0.01383019 -0.01825251 -0.01242788
 -0.00852623 -0.00982016 -0.0104002  -0.0104002  -0.0104002  -0.0104002
 -0.0104002  -0.0104002  -0.0104002  -0.0104002  -0.0104002  -0.0104002
 -0.0104002  -0.0104002  -0.0104002  -0.0104002  -0.0104002  -0.0104002 ]",492395
1086566746,Vip-IRES-Cre,False,familiar,"[-4.62054522e-03 -5.01178344e-03 -7.60040570e-03 -4.13896762e-03
 -6.71978342e-03  1.13143582e-04  1.12496368e-02  1.18685590e-02
  4.89799644e-03  2.22078714e-02  3.63667171e-02  3.14664745e-02
  1.32316393e-02 -2.21603800e-03 -9.87436177e-03 -7.65477057e-03
 -3.95499200e-03 -1.95080162e-02 -9.83044941e-03 -1.36425243e-02
 -2.30963989e-02 -1.78658739e-02 -1.56467008e-02 -1.07729083e-02
 -6.43222859e-04 -5.90979324e-03 -1.04777675e-03  9.38894721e-03
  1.40496743e-02  1.49146527e-02  1.81261102e-02  3.21708444e-02
  4.61346465e-02  4.39928743e-02  2.98707811e-02  1.77973954e-02
  6.71994416e-03  9.06773293e-06 -7.28677536e-03 -1.02138266e-02
 -1.46564501e-02 -2.21342949e-02 -2.01786964e-02 -1.93841813e-02
 -3.24820096e-02 -2.42153735e-02 -1.46076532e-02 -1.29596582e-02
 -1.62104164e-02 -1.10149123e-02 -4.98857779e-03 -8.72347786e-03
  3.50491683e-05  6.96086153e-03  9.92810068e-03  2.15554544e-03
 -3.41680489e-03 -6.23447310e-03 -1.57222516e-02 -2.90597834e-02
 -2.59740230e-02 -2.46887465e-02 -3.89015130e-02 -4.51158000e-02
 -3.97713573e-02 -3.50986947e-02 -3.75595001e-02 -3.48042959e-02
 -3.01294709e-02 -2.76134139e-02 -3.39969081e-02 -2.28404146e-02
 -2.57932892e-02 -2.09782924e-02  1.83637971e-03  1.83637971e-03
  1.83637971e-03  1.83637971e-03  1.83637971e-03  1.83637971e-03
  1.83637971e-03  1.83637971e-03  1.83637971e-03  1.83637971e-03
  1.83637971e-03  1.83637971e-03  1.83637971e-03  1.83637971e-03
  1.83637971e-03  1.83637971e-03]",492395
1086566746,Vip-IRES-Cre,False,novel,"[-0.00482648 -0.00516441 -0.00813929 -0.00690307 -0.00091987 -0.00571724
 -0.00999981 -0.01309629 -0.01334941 -0.0068456   0.00425921  0.0218151
  0.02573509  0.02413275  0.02594547  0.02664964  0.0186754   0.01643792
  0.00770881 -0.00135135 -0.00246092 -0.01307313 -0.00620857 -0.00468272
 -0.012805   -0.00948429 -0.01326144 -0.00680506 -0.01203873 -0.01422671
 -0.01686806 -0.0086742   0.00991509  0.03694981  0.0514131   0.06383834
  0.05740782  0.0483541   0.03873273  0.03805404  0.03802774  0.01922389
  0.00592508  0.0062465  -0.00514917 -0.00042391 -0.00970158 -0.00761625
 -0.00319267 -0.00843734 -0.01091944 -0.0147756  -0.01537011 -0.00889837
  0.00260005  0.01184795  0.02033239  0.02548079  0.02192207  0.01602095
  0.01351755  0.01870596  0.00853551 -0.00353117 -0.00320929 -0.01039794
 -0.00843444 -0.01232979 -0.01693637 -0.01541813 -0.01795675 -0.01194092
 -0.01717946 -0.01065766 -0.00964181 -0.00964181 -0.00964181 -0.00964181
 -0.00964181 -0.00964181 -0.00964181 -0.00964181 -0.00964181 -0.00964181
 -0.00964181 -0.00964181 -0.00964181 -0.00964181 -0.00964181 -0.00964181]",492395
1086566746,Vip-IRES-Cre,True,familiar,"[ 0.00742713  0.00858061  0.01652756  0.00547945  0.00425076  0.00389811
  0.01342681  0.01658967  0.01259594  0.01641579  0.01851889  0.01149355
  0.01013889 -0.00141703 -0.00397117 -0.01123873 -0.01600811 -0.01198282
 -0.01614833 -0.01058228 -0.02569334 -0.00672064 -0.01934553 -0.01572619
 -0.00591175 -0.01252046 -0.00970459  0.00932265  0.00675874  0.00554642
  0.00615451  0.0102236   0.01083943  0.01582213  0.01839209  0.01963161
  0.02883074  0.04308693  0.0416353   0.03948927  0.05051813  0.04077227
  0.05727099  0.06511329  0.06980602  0.08201825  0.07963753  0.06622247
  0.07924797  0.08494951  0.10489574  0.10234993  0.10549374  0.10349248
  0.11798388  0.12019636  0.10274835  0.09044906  0.09291542  0.08713871
  0.07207441  0.06014273  0.06042281  0.05286509  0.05463312  0.04444724
  0.02710312  0.03619236  0.0515067   0.05090459  0.04670667  0.05750172
  0.05794275  0.06111059  0.06119315  0.06119315  0.06119315  0.06119315
  0.06119315  0.06119315  0.06119315  0.06119315  0.06119315  0.06119315
  0.06119315  0.06119315  0.06119315  0.06119315  0.06119315  0.06119315]",492395
1086566746,Vip-IRES-Cre,True,novel,"[-0.01542601 -0.01434799 -0.00683041 -0.01487568 -0.00833775 -0.01634289
 -0.01683012 -0.01714281 -0.0201031  -0.01798429 -0.00211425  0.01495203
  0.02453859  0.02958907  0.02928231  0.03330443  0.02745751  0.02825283
  0.02721164  0.00207101  0.00095563  0.00151995 -0.00708698 -0.01177817
 -0.00159234 -0.01203587 -0.0092722  -0.01542778 -0.00785213 -0.00375423
 -0.01480742 -0.01931886 -0.01801788 -0.0229481  -0.02918041 -0.02284482
 -0.02403389 -0.02872679 -0.02614129 -0.03067296 -0.02688983 -0.02559246
 -0.02980085 -0.02333707 -0.02646431 -0.02115788 -0.01841881 -0.02242862
 -0.02180582 -0.01592126 -0.01440152 -0.02249407 -0.01336024 -0.01458965
 -0.00227715  0.02189903  0.03985741  0.04460936  0.05011974  0.04330445
  0.03496938  0.02885663  0.02665995  0.01872941  0.00747471 -0.00090572
 -0.00736469 -0.00290767 -0.01796171 -0.01407502 -0.01548641 -0.00951446
 -0.01269912 -0.0230789  -0.01372936 -0.01372936 -0.01372936 -0.01372936
 -0.01372936 -0.01372936 -0.01372936 -0.01372936 -0.01372936 -0.01372936
 -0.01372936 -0.01372936 -0.01372936 -0.01372936 -0.01372936 -0.01372936]",492395
1086567017,Vip-IRES-Cre,False,familiar,"[ 0.00259707  0.00268026  0.0033764   0.00235446 -0.00102893 -0.0014724
 -0.00446338 -0.0027534  -0.0025417  -0.00919517 -0.00767447 -0.00180474
 -0.00148176 -0.00096659  0.00512162  0.0067341   0.00686286  0.00117957
  0.00506723  0.00263262  0.00361292  0.00026456 -0.00522104 -0.0049995
 -0.00715943  0.0003752   0.00730146  0.00219335 -0.00218938  0.00059822
  0.00127301  0.00041529 -0.00263685  0.00025353  0.00866065  0.01180821
  0.01313535  0.01469527  0.01471941  0.01172693  0.01309024  0.02140809
  0.01293022  0.00880234  0.01093113  0.00879528  0.00931126  0.00266653
  0.01269453  0.00600115  0.00449694  0.00711509  0.01000094  0.00717831
  0.00732424  0.00076455  0.0007922   0.0056486   0.00541888  0.0043406
  0.00533871  0.00422314  0.00411431  0.00399589  0.00463763  0.00252343
 -0.00910737  0.00151668 -0.00327094  0.00032537  0.00058481 -0.0023908
  0.00111486 -0.00046599 -0.00273773 -0.00273773 -0.00273773 -0.00273773
 -0.00273773 -0.00273773 -0.00273773 -0.00273773 -0.00273773 -0.00273773
 -0.00273773 -0.00273773 -0.00273773 -0.00273773 -0.00273773 -0.00273773]",492395
1086567017,Vip-IRES-Cre,False,novel,"[-0.0052919  -0.00487443 -0.00153785 -0.00321643 -0.00419775 -0.00550037
 -0.00884225 -0.0110692  -0.01451107 -0.01724535 -0.01708685 -0.00059091
  0.01141069  0.01634167  0.02275959  0.02064995  0.02049013  0.0163232
  0.01346258  0.00930797  0.00456333  0.00784281  0.00104209 -0.00561674
 -0.00038383  0.00094308 -0.00912726 -0.01340913 -0.01163087 -0.0110049
 -0.01329927 -0.01437093 -0.0118545  -0.00245771  0.02671245  0.05233875
  0.05286964  0.05719942  0.05419584  0.04869524  0.04636713  0.03906342
  0.03744549  0.02986773  0.0243744   0.02428011  0.01461908  0.0153243
  0.01215634  0.0065856   0.00525352  0.00208741 -0.00025253 -0.00536734
 -0.00243562  0.00814545  0.02175162  0.03131452  0.0327803   0.02634598
  0.02781088  0.02995701  0.02804704  0.01821629  0.0124082   0.00835076
  0.00086719  0.0013464  -0.00121811 -0.00148303 -0.00385494 -0.00775555
 -0.01063235 -0.01044717 -0.01741851 -0.01741851 -0.01741851 -0.01741851
 -0.01741851 -0.01741851 -0.01741851 -0.01741851 -0.01741851 -0.01741851
 -0.01741851 -0.01741851 -0.01741851 -0.01741851 -0.01741851 -0.01741851]",492395
1086567017,Vip-IRES-Cre,True,familiar,"[-2.45573053e-03 -1.62922212e-03  5.59307756e-03  5.87450972e-03
  4.11678088e-03 -3.54840830e-03 -1.61694205e-03 -1.03279799e-03
  4.09050321e-03 -1.24654871e-03 -2.96447319e-03 -6.78302268e-04
 -7.55228483e-05 -1.85632394e-03 -3.69512139e-03 -3.25616074e-03
  3.18707397e-03 -2.65480539e-03  2.04315888e-03  6.07283875e-03
  2.48015610e-03  1.10771896e-03  4.47415003e-03 -1.46602783e-03
 -3.51288027e-03  3.46933737e-03 -9.75979420e-04 -1.09419048e-03
 -6.20937455e-03 -2.54049341e-03 -2.46194201e-03  1.13071189e-05
 -1.30751102e-03 -6.94330586e-03 -4.49533571e-03 -6.08431877e-03
 -1.73395108e-03  1.66071350e-04 -1.02292666e-04 -1.87467084e-04
 -8.66331103e-03 -1.41511099e-03  6.38114012e-03  6.10274177e-03
  5.56259604e-03  1.07986400e-02 -4.59877122e-03  1.26101308e-02
  9.43625317e-03  1.61177103e-02  1.53577467e-02  1.91820195e-02
  1.94546974e-02  9.81666232e-03  1.13334141e-02  1.49406951e-02
  1.38503860e-02  8.61586314e-03  1.11860317e-02  1.59796905e-02
  1.27001994e-02  1.40154371e-02  1.79059191e-02  1.91369959e-02
  1.41895236e-02  1.54089567e-02  1.38573904e-02  9.97237755e-03
  1.08944740e-02  7.22518028e-04  1.06719069e-02  3.37630936e-03
  2.92044828e-03  8.46552593e-03  4.24522789e-03  4.24522789e-03
  4.24522789e-03  4.24522789e-03  4.24522789e-03  4.24522789e-03
  4.24522789e-03  4.24522789e-03  4.24522789e-03  4.24522789e-03
  4.24522789e-03  4.24522789e-03  4.24522789e-03  4.24522789e-03
  4.24522789e-03  4.24522789e-03]",492395
1086567017,Vip-IRES-Cre,True,novel,"[ 0.00241895  0.0027641   0.0033523  -0.00949608 -0.00524594 -0.00553167
 -0.00734713 -0.00714273 -0.00956605 -0.01687691 -0.02544655 -0.01337975
  0.00517964  0.01436138  0.02525317  0.0284546   0.03359922  0.03037543
  0.01411025  0.01185814 -0.00176762 -0.00655218 -0.00603895  0.0060109
 -0.01074249 -0.00310655 -0.01809805 -0.0040373  -0.01285146 -0.01451068
 -0.01380452 -0.01192332 -0.01521711 -0.02306961 -0.02885592 -0.02297271
 -0.02373207 -0.02783618 -0.03012254 -0.03034913 -0.03337487 -0.03325878
 -0.04292505 -0.02787435 -0.02674386 -0.02461042 -0.02413768 -0.03403625
 -0.03325267 -0.02798877 -0.03157582 -0.0231682  -0.02876978 -0.02523411
 -0.02629568 -0.02183294 -0.00245877  0.01311598  0.02006976  0.03189174
  0.03111227  0.02999198  0.02779955  0.02136512  0.01505095  0.00809584
  0.00716782 -0.00520073  0.00331486 -0.00473727 -0.00497055  0.00040221
 -0.01045348 -0.00783127 -0.00492213 -0.00492213 -0.00492213 -0.00492213
 -0.00492213 -0.00492213 -0.00492213 -0.00492213 -0.00492213 -0.00492213
 -0.00492213 -0.00492213 -0.00492213 -0.00492213 -0.00492213 -0.00492213]",492395
1086567589,Vip-IRES-Cre,False,familiar,"[ 0.00135555  0.00100499 -0.00237916 -0.00322926  0.00209105  0.00210961
 -0.00207572 -0.00083663  0.00587859  0.01226665  0.01234589  0.00846347
  0.00420205  0.00034812 -0.00085042 -0.00199953 -0.00127194  0.00273862
 -0.00086516  0.00359958 -0.00021041 -0.00959613  0.00084616 -0.00053688
 -0.00996426 -0.00459053 -0.0044769  -0.00379933 -0.00619309 -0.00437499
 -0.00220506  0.00833738  0.01146704  0.00772645  0.00111004 -0.00487152
 -0.00507542 -0.00050346 -0.00349666 -0.00497233 -0.00526498 -0.00578725
 -0.01271071 -0.01556493 -0.00943196 -0.02056791 -0.0196589  -0.01863159
 -0.02263964 -0.0286857  -0.02730382 -0.02203697 -0.01795345 -0.01475304
 -0.01708997 -0.01814965 -0.02312986 -0.0240879  -0.02821972 -0.02447794
 -0.02345427 -0.02870622 -0.0327344  -0.02583275 -0.02844012 -0.02619812
 -0.02367372 -0.02726132 -0.02266863 -0.02906519 -0.03098273 -0.03116097
 -0.02639321 -0.02219855 -0.02585683 -0.02585683 -0.02585683 -0.02585683
 -0.02585683 -0.02585683 -0.02585683 -0.02585683 -0.02585683 -0.02585683
 -0.02585683 -0.02585683 -0.02585683 -0.02585683 -0.02585683 -0.02585683]",492395
1086567589,Vip-IRES-Cre,False,novel,"[-0.00233616 -0.00228566 -0.00479699 -0.02248397 -0.02615778 -0.03162205
 -0.03920072 -0.04242122 -0.04326419 -0.04147621 -0.01330981  0.01058886
  0.02181682  0.03537136  0.03633066  0.03874105  0.04574852  0.05184645
  0.03835163  0.03028607  0.02038484  0.0207458   0.00579041  0.00937023
 -0.00260273 -0.00709876 -0.01184265 -0.01897024 -0.02099734 -0.03450624
 -0.03878413 -0.02567227  0.01281943  0.05974178  0.10545491  0.13450941
  0.14871362  0.15038617  0.15382251  0.15786511  0.1471611   0.12968288
  0.11481082  0.08371075  0.06022765  0.05156823  0.0378608   0.02006245
  0.00587979 -0.00179874 -0.01376162 -0.02323732 -0.03137734 -0.02725471
 -0.00886331  0.01105263  0.02301519  0.03876369  0.04218482  0.0449971
  0.0514602   0.05430653  0.05314894  0.04396383  0.03467169  0.01935944
  0.021149    0.00797033 -0.00220638 -0.01495013 -0.01721241 -0.02382823
 -0.03880945 -0.03818932 -0.05219446 -0.05219446 -0.05219446 -0.05219446
 -0.05219446 -0.05219446 -0.05219446 -0.05219446 -0.05219446 -0.05219446
 -0.05219446 -0.05219446 -0.05219446 -0.05219446 -0.05219446 -0.05219446]",492395
1086567589,Vip-IRES-Cre,True,familiar,"[ 0.01147944  0.01067991  0.00458043  0.0073509   0.00573007  0.01177913
  0.00171943  0.00535366  0.00945906  0.00838474  0.00349605  0.00081725
  0.00282316 -0.00485988 -0.00751746 -0.00337764 -0.00034312  0.000227
 -0.0077967  -0.00536552 -0.00142698 -0.00502653 -0.00276357 -0.0006059
 -0.00987924 -0.00902923 -0.00661496 -0.00672185 -0.0053778  -0.00717384
 -0.00925206 -0.00697498 -0.00371209 -0.00223556 -0.00392929 -0.00295516
  0.00445197  0.01056588  0.01820638  0.0243663   0.02299854  0.02867516
  0.02884534  0.03462003  0.05400657  0.06345465  0.07721648  0.09023877
  0.09558172  0.11801022  0.12998085  0.13633187  0.14880517  0.15308232
  0.16591117  0.1684386   0.1468547   0.13730414  0.12983411  0.12881775
  0.12740206  0.11327456  0.11872707  0.11687832  0.11008814  0.10366386
  0.09772523  0.09469203  0.08439814  0.07935059  0.07369935  0.07906319
  0.07296341  0.06520264  0.06028363  0.06028363  0.06028363  0.06028363
  0.06028363  0.06028363  0.06028363  0.06028363  0.06028363  0.06028363
  0.06028363  0.06028363  0.06028363  0.06028363  0.06028363  0.06028363]",492395
1086567589,Vip-IRES-Cre,True,novel,"[ 0.00367273  0.00161929 -0.01560694 -0.01391261 -0.02287051 -0.04387615
 -0.04782625 -0.04694615 -0.05543165 -0.0538985  -0.03721778 -0.01350562
  0.01828587  0.03821997  0.0379896   0.04784188  0.05389055  0.06026626
  0.06772304  0.05257296  0.04375609  0.0356003   0.01679544  0.01094468
  0.0001624  -0.01151015 -0.02201042 -0.028848   -0.03192701 -0.04395329
 -0.05352029 -0.06313325 -0.06184059 -0.06624119 -0.07054979 -0.07344304
 -0.07738707 -0.08067028 -0.08423907 -0.0905451  -0.08233555 -0.07667953
 -0.07711653 -0.08546651 -0.07214899 -0.08220189 -0.0687337  -0.08067554
 -0.07271327 -0.07225904 -0.07364647 -0.07262832 -0.06667605 -0.05409969
 -0.03240382  0.00500618  0.0421645   0.07008811  0.09493219  0.11232522
  0.11809222  0.1324832   0.1410083   0.11599998  0.10123121  0.0915698
  0.07969444  0.06305334  0.02687559  0.03661484  0.01109966  0.01973447
 -0.01540178 -0.03034671 -0.03024527 -0.03024527 -0.03024527 -0.03024527
 -0.03024527 -0.03024527 -0.03024527 -0.03024527 -0.03024527 -0.03024527
 -0.03024527 -0.03024527 -0.03024527 -0.03024527 -0.03024527 -0.03024527]",492395
1086567897,Vip-IRES-Cre,False,familiar,"[ 5.45454051e-03  4.98823121e-03  1.31975453e-03  2.65702809e-03
 -5.38708098e-05  2.17937809e-03  1.17096953e-02  1.37439433e-02
  1.28993425e-02  1.49933770e-02  8.52731107e-03  6.77400506e-03
  1.26242954e-03 -4.79334973e-03 -7.00224446e-03 -4.75910574e-03
 -8.74437116e-03 -1.74512469e-03 -1.12095578e-02 -1.18568550e-02
 -8.81943005e-03 -9.56895801e-03 -6.32044438e-03 -5.49512554e-03
 -7.79042904e-03 -2.38770697e-03 -2.25501422e-03  2.07308685e-05
  3.72292231e-03  2.54889821e-03  3.85128209e-03  1.56809207e-02
  1.99886328e-02  1.43086777e-02  8.88228532e-03 -3.26882134e-04
  1.72361202e-03  8.58643097e-04 -2.09835142e-03 -3.15594222e-03
 -6.06305037e-03 -1.07042960e-02 -1.20186223e-02 -9.51251423e-03
 -1.15550579e-02 -1.48266171e-02 -1.19446883e-02 -9.92726053e-03
 -1.17409679e-02 -2.14049315e-03 -4.01340082e-03 -5.73262296e-03
 -1.20406319e-03  3.63628061e-03  2.67147749e-03  1.12215564e-03
 -6.45505876e-03 -1.09015001e-02 -1.18699952e-02 -1.00218145e-02
 -8.36116416e-03 -1.39797469e-02 -1.59988971e-02 -1.52742586e-02
 -1.78700011e-02 -9.75750321e-03 -5.39378671e-03 -6.43337574e-03
 -1.38544906e-02 -1.44241142e-02 -3.13176594e-03 -1.16752188e-03
 -3.24503201e-03  1.27946896e-03  6.70137504e-03  6.70137504e-03
  6.70137504e-03  6.70137504e-03  6.70137504e-03  6.70137504e-03
  6.70137504e-03  6.70137504e-03  6.70137504e-03  6.70137504e-03
  6.70137504e-03  6.70137504e-03  6.70137504e-03  6.70137504e-03
  6.70137504e-03  6.70137504e-03]",492395
1086567897,Vip-IRES-Cre,True,familiar,"[ 0.00319335  0.00326216  0.00332915  0.00032294 -0.00116602  0.0026621
  0.00933082  0.00876368  0.01339269  0.01712951  0.01234433  0.00348329
 -0.00114774 -0.00596996 -0.0073595  -0.00950262 -0.01178724 -0.00526998
 -0.00891681 -0.00483796  0.00022413 -0.00478461 -0.00591014 -0.00568944
 -0.00361282 -0.00347    -0.00342862  0.00043294  0.00204536  0.00293701
  0.01003204  0.01413839  0.018595    0.01590315  0.01772359  0.02773554
  0.03021723  0.03535937  0.04412655  0.05499439  0.05497825  0.06491323
  0.06348137  0.07100439  0.07304226  0.08129879  0.09570342  0.09752486
  0.10913211  0.12009069  0.12252245  0.12485083  0.13287763  0.13744247
  0.14304454  0.13634533  0.11409739  0.1012142   0.09363969  0.08054958
  0.07380553  0.06777747  0.05776758  0.04999807  0.04226794  0.04284016
  0.03218459  0.03304227  0.03079548  0.02899524  0.02715588  0.02176319
  0.02865537  0.03957386  0.03754613  0.03754613  0.03754613  0.03754613
  0.03754613  0.03754613  0.03754613  0.03754613  0.03754613  0.03754613
  0.03754613  0.03754613  0.03754613  0.03754613  0.03754613  0.03754613]",492395
1086568149,Vip-IRES-Cre,False,familiar,"[-5.88939707e-03 -5.03089843e-03  1.88967188e-03 -3.90746252e-04
  2.65156183e-03  1.16591414e-03  1.41842857e-03 -3.15842136e-03
  5.21070189e-03  7.45075545e-05 -5.23229319e-03  1.06654480e-03
  4.48240870e-03  6.10231856e-04 -5.58632940e-03  4.99219886e-03
  1.58491054e-03 -2.22945624e-03 -3.38068847e-03 -6.56206368e-04
  4.59299774e-03 -6.21765391e-04 -1.51648684e-03  1.63595179e-03
 -5.84691207e-04 -1.10052702e-03 -5.07731862e-03  5.18568782e-04
  3.00321453e-03  5.55741241e-03 -1.03043045e-03 -1.85066833e-03
  1.16139054e-03  6.40385611e-04 -5.09175608e-03 -3.13643415e-03
  6.73525781e-04 -4.51965521e-04 -4.38075822e-03 -4.60003851e-03
  3.15621155e-03 -1.09084691e-04  1.23397164e-03  2.00650335e-03
  5.37663136e-04  4.44657154e-03  1.79795575e-03 -3.51262243e-04
 -7.56018953e-03 -2.95606737e-03 -1.62369042e-03  3.87120312e-03
  3.11289000e-03  6.01560010e-04 -4.68330086e-03  1.34394505e-03
 -5.96923354e-03 -8.75816010e-03 -4.52925595e-03  2.48723279e-03
 -1.94093400e-03 -3.46573776e-03  3.06019700e-03 -2.06836149e-04
 -5.56265675e-03 -1.02577837e-03 -8.70515601e-04  4.30273585e-03
  1.76364279e-03  5.74503108e-03 -3.59639689e-03 -2.26263637e-03
  4.17024111e-03 -2.39278424e-03  1.98072273e-03  1.98072273e-03
  1.98072273e-03  1.98072273e-03  1.98072273e-03  1.98072273e-03
  1.98072273e-03  1.98072273e-03  1.98072273e-03  1.98072273e-03
  1.98072273e-03  1.98072273e-03  1.98072273e-03  1.98072273e-03
  1.98072273e-03  1.98072273e-03]",492395
1086568149,Vip-IRES-Cre,True,familiar,"[ 8.51478091e-03  7.56260761e-03  3.39035429e-04  6.58375608e-03
  5.68801789e-03  2.80495419e-03  4.94683153e-03  4.45984919e-03
 -7.94717926e-05 -2.88044964e-03 -3.46855242e-03 -3.74869024e-03
 -4.12633764e-03 -1.07118417e-02 -8.62773969e-03  5.89153487e-03
  6.26537976e-03  6.66956069e-03  2.07393282e-03 -9.62816424e-04
 -6.82467457e-03 -3.57396469e-03  1.11461749e-02 -5.14570071e-03
 -3.41478826e-03 -4.04753188e-03  1.53951675e-03 -5.61949120e-03
 -8.23123380e-03 -3.02264788e-03 -3.98178223e-04 -6.19735305e-04
 -4.40451370e-03 -5.84452825e-03  8.53471396e-05  3.82571768e-03
 -2.74712575e-03 -2.23370843e-03 -2.46736931e-03 -3.18446409e-03
 -4.91281296e-03  2.67947939e-03  2.25695674e-03  1.76110374e-03
 -1.95632110e-03  7.39615535e-03  9.87447964e-03  4.02525569e-04
  1.06955482e-02  2.20672213e-02  2.11732692e-02  2.29213477e-02
  2.70833058e-02  1.86628548e-02  2.43234353e-02  2.63998310e-02
  2.61480009e-02  1.89924962e-02  1.10452725e-02  1.71930906e-02
  1.43090118e-02  1.92713422e-02  1.76874373e-02  1.09768098e-02
  1.40604863e-02  1.14158458e-02  1.06662087e-02  2.07513193e-03
  2.40781424e-03  1.31578945e-02  1.47830372e-02  1.30367857e-02
  5.71935381e-03  2.27866342e-03  1.59473261e-03  1.59473261e-03
  1.59473261e-03  1.59473261e-03  1.59473261e-03  1.59473261e-03
  1.59473261e-03  1.59473261e-03  1.59473261e-03  1.59473261e-03
  1.59473261e-03  1.59473261e-03  1.59473261e-03  1.59473261e-03
  1.59473261e-03  1.59473261e-03]",492395
1086568315,Vip-IRES-Cre,False,novel,"[-0.00060554 -0.00331884 -0.02565032 -0.02142959 -0.03128846 -0.04194331
 -0.04672631 -0.05508899 -0.05002243 -0.0415681  -0.01003436  0.0225279
  0.04919161  0.06155196  0.06303468  0.06012759  0.06388122  0.06376335
  0.04806702  0.03747675  0.02848808  0.02308167 -0.00109598  0.0039022
 -0.02047356 -0.02518156 -0.02986138 -0.03567387 -0.04037707 -0.04475433
 -0.05593988 -0.04166711  0.00241106  0.06817281  0.12324476  0.14048139
  0.138459    0.13641157  0.12814337  0.11678581  0.10839083  0.09084841
  0.06753302  0.04944494  0.03441252  0.01874189 -0.00326236 -0.00820839
 -0.02402646 -0.03287444 -0.03697666 -0.04473615 -0.05331462 -0.04975848
 -0.02347061  0.01375442  0.04317299  0.04849184  0.05365477  0.05395172
  0.05558654  0.05928335  0.04722671  0.03265731  0.02316997  0.01345118
 -0.00320203 -0.01481839 -0.02500726 -0.03471236 -0.04600494 -0.04736189
 -0.05097457 -0.05367993 -0.06554294 -0.06554294 -0.06554294 -0.06554294
 -0.06554294 -0.06554294 -0.06554294 -0.06554294 -0.06554294 -0.06554294
 -0.06554294 -0.06554294 -0.06554294 -0.06554294 -0.06554294 -0.06554294]",492395
1086568315,Vip-IRES-Cre,True,novel,"[-0.00715202 -0.00759107 -0.01162285 -0.01538272 -0.02742171 -0.03806407
 -0.04704258 -0.05481722 -0.05911969 -0.04924151 -0.03111296  0.00648573
  0.04707516  0.06081906  0.06878566  0.06069723  0.05968685  0.07627109
  0.05549044  0.04884967  0.03194869  0.01890086  0.00310464  0.00467672
 -0.01677409 -0.02262846 -0.02954566 -0.0300162  -0.04376383 -0.05149515
 -0.05569443 -0.05533035 -0.06126891 -0.0670496  -0.07592385 -0.08579515
 -0.08916464 -0.07808141 -0.07339744 -0.08036243 -0.08624686 -0.08821399
 -0.07904634 -0.08485923 -0.08278002 -0.07434865 -0.07966687 -0.07889471
 -0.0780735  -0.07510674 -0.07290483 -0.0659153  -0.07377466 -0.0699485
 -0.05089141  0.00365061  0.05164817  0.07880954  0.08823447  0.08351005
  0.07917903  0.08293386  0.08360323  0.06242548  0.05045857  0.02515483
  0.00987397 -0.0076467  -0.00866624 -0.02525034 -0.03830833 -0.04716133
 -0.05107045 -0.0573889  -0.0620538  -0.0620538  -0.0620538  -0.0620538
 -0.0620538  -0.0620538  -0.0620538  -0.0620538  -0.0620538  -0.0620538
 -0.0620538  -0.0620538  -0.0620538  -0.0620538  -0.0620538  -0.0620538 ]",492395
1086568461,Vip-IRES-Cre,False,familiar,"[-4.06000704e-03 -3.38629862e-03  2.91739186e-03  7.41241453e-03
  1.10820476e-02  3.31756180e-03 -7.87574507e-06  2.48390296e-03
  4.57303620e-03  6.26959425e-03  6.86623836e-03  2.25053145e-03
 -3.05114418e-03 -3.37543642e-03 -1.92650784e-03 -7.52154069e-03
 -1.16997635e-02 -8.78078489e-03 -1.03322393e-02 -4.52970749e-03
 -3.73779556e-03 -7.58058672e-03 -4.69346356e-03 -4.10272298e-03
  4.27941386e-03 -5.79557445e-03  1.26682258e-02  1.36867163e-02
  5.61759106e-03  1.15678304e-03  4.60581731e-03  3.51034749e-03
  6.16535222e-03  5.15921812e-03  4.50061182e-03  1.95401731e-03
 -1.74088218e-03  8.75782316e-04 -3.51482108e-03 -6.65567321e-03
 -1.60847888e-03  9.92052874e-03  2.10276373e-03  7.11068360e-03
  3.96893241e-04  8.69251251e-04  4.32730518e-03  1.17169128e-03
  9.90964241e-03  2.36830592e-03  7.56574379e-03  1.60262577e-02
  1.63601359e-02  1.63209021e-02  1.68033196e-02  1.73819814e-02
  8.87758944e-03 -3.57387241e-04  2.42387118e-03  1.05853395e-03
 -6.56192706e-03 -6.03882872e-03 -6.13794655e-03 -1.25413211e-03
 -2.27833496e-03  3.31097907e-03 -8.82297303e-03  1.08509164e-03
 -2.97417553e-03  7.97766288e-03 -2.31329291e-04  2.30655846e-03
  4.43056834e-03  6.95775943e-03  2.60306519e-03  2.60306519e-03
  2.60306519e-03  2.60306519e-03  2.60306519e-03  2.60306519e-03
  2.60306519e-03  2.60306519e-03  2.60306519e-03  2.60306519e-03
  2.60306519e-03  2.60306519e-03  2.60306519e-03  2.60306519e-03
  2.60306519e-03  2.60306519e-03]",492395
1086568461,Vip-IRES-Cre,True,familiar,"[ 0.00321614  0.00319565  0.00445576  0.0106797   0.00431405  0.01078737
  0.00757227  0.00780616  0.0059611   0.0031106   0.00431279  0.00203693
 -0.00703869 -0.00846668 -0.00716538 -0.01630929 -0.01143794 -0.00689777
 -0.00667434 -0.0054002  -0.00347941 -0.00407909 -0.00388447 -0.00500364
  0.00841714 -0.00084847  0.00087723  0.00578971  0.00053228  0.00362046
 -0.00285473 -0.00314378  0.0055525   0.00717459  0.00367685  0.00298064
  0.00636021  0.01650272  0.01531257  0.01722579  0.01174433  0.0164762
  0.01648305  0.01675908  0.0256161   0.03110294  0.02385408  0.03152786
  0.03906675  0.03476837  0.04071124  0.04684229  0.04857235  0.05325502
  0.04775444  0.05473436  0.0456828   0.02619171  0.02669378  0.02900961
  0.02009771  0.02040722  0.0155925   0.00462673  0.00648055  0.00722815
  0.01545479  0.02152342  0.01558127  0.02088923  0.01787233  0.00686444
  0.0169569   0.02028483  0.01402102  0.01402102  0.01402102  0.01402102
  0.01402102  0.01402102  0.01402102  0.01402102  0.01402102  0.01402102
  0.01402102  0.01402102  0.01402102  0.01402102  0.01402102  0.01402102]",492395
1086568632,Vip-IRES-Cre,False,novel,"[ 0.00214756  0.00099804 -0.00872786 -0.01020442 -0.02152505 -0.02613668
 -0.02638574 -0.02638701 -0.03618261 -0.03747854 -0.01506075  0.01308595
  0.03274022  0.04395214  0.04449016  0.04575122  0.04137526  0.03538327
  0.03606719  0.02492554  0.01614487  0.01364558 -0.00050134 -0.00652698
 -0.01536016 -0.02066655 -0.02260905 -0.02703964 -0.02613319 -0.02378141
 -0.02913377 -0.02849537 -0.00552196  0.04176998  0.09052757  0.1276559
  0.14791796  0.15714795  0.15567974  0.14491426  0.1370456   0.12715226
  0.11023261  0.0824923   0.06348237  0.0608769   0.03820856  0.02392611
  0.01137184  0.00747652  0.00168008 -0.00437914 -0.01189776 -0.02005566
 -0.01245866  0.02031015  0.05372786  0.07173233  0.07354209  0.07707919
  0.08150977  0.07570848  0.05677196  0.0403939   0.03342758  0.03020438
  0.02617151  0.01083377  0.00284799 -0.00089081 -0.00996405 -0.01813781
 -0.02267699 -0.02967499 -0.03281592 -0.03281592 -0.03281592 -0.03281592
 -0.03281592 -0.03281592 -0.03281592 -0.03281592 -0.03281592 -0.03281592
 -0.03281592 -0.03281592 -0.03281592 -0.03281592 -0.03281592 -0.03281592]",492395
1086568632,Vip-IRES-Cre,True,novel,"[ 0.00822454  0.00675671 -0.0083319  -0.02389136 -0.0287578  -0.02799376
 -0.03206302 -0.03673592 -0.04453889 -0.05478823 -0.0356688  -0.00856629
  0.01475553  0.04324194  0.05972959  0.06110962  0.07309146  0.05962633
  0.05190839  0.03735287  0.02555877  0.01332682  0.00788187 -0.00842896
 -0.00492937 -0.02181555 -0.01888317 -0.0358327  -0.03412124 -0.03721747
 -0.04531019 -0.05374013 -0.06069174 -0.06149704 -0.05975129 -0.05829741
 -0.0582329  -0.05971093 -0.06236132 -0.05835363 -0.06866802 -0.06684044
 -0.07233489 -0.07581958 -0.06493638 -0.06832794 -0.07158002 -0.06883197
 -0.06143124 -0.07154367 -0.0701192  -0.06622899 -0.06922492 -0.07356153
 -0.06524066 -0.04585368 -0.01473584  0.02324103  0.05153451  0.05161151
  0.05588546  0.0530505   0.05161187  0.04777881  0.03377249  0.0117499
  0.00692386 -0.01104346 -0.014693   -0.02282127 -0.03115369 -0.03151119
 -0.03740934 -0.03971609 -0.04264262 -0.04264262 -0.04264262 -0.04264262
 -0.04264262 -0.04264262 -0.04264262 -0.04264262 -0.04264262 -0.04264262
 -0.04264262 -0.04264262 -0.04264262 -0.04264262 -0.04264262 -0.04264262]",492395
1086568830,Vip-IRES-Cre,False,novel,"[ 5.29872610e-03  4.95037518e-03  7.73981039e-04 -7.57114004e-03
 -1.47899263e-02 -1.61911297e-02 -1.08906949e-02 -9.38820614e-03
 -1.86600348e-02 -1.84594716e-02 -3.68909150e-03  1.82103374e-03
  4.25684938e-03  8.99964911e-03  1.22089032e-02  1.46996644e-02
  1.61807168e-02  1.63030382e-02  1.67461365e-02  1.39499461e-02
 -1.08052359e-03  1.69736610e-03  1.02145889e-02  5.75238399e-03
 -3.18522074e-05 -7.19340444e-03 -3.09037612e-03 -6.27576473e-03
 -5.68357075e-03 -1.08581719e-02 -9.82690665e-03 -9.20499309e-03
  2.09174759e-03  1.67380194e-02  3.09955043e-02  3.81958071e-02
  4.04046399e-02  3.94374935e-02  3.95214780e-02  3.66458619e-02
  3.38819635e-02  2.67024159e-02  3.20059924e-02  1.62182410e-02
  1.20213691e-02  1.61350388e-03  5.24836109e-04 -1.66034661e-05
  2.30269770e-03 -1.06283750e-02 -1.57118660e-02 -7.38058260e-03
 -8.06034125e-03 -1.33904780e-02 -8.67703469e-03 -6.70855004e-03
  1.49265826e-03  1.19270936e-02  1.64420098e-02  1.64970602e-02
  2.05209445e-02  1.60725554e-02  4.62727083e-03  4.16940876e-03
 -3.42044287e-03  6.47823654e-03  8.43766994e-03  1.79083052e-03
 -9.01917753e-03 -6.82111762e-03 -9.00809610e-03 -1.78736152e-02
 -9.00461438e-03 -2.37414042e-02 -1.85550969e-02 -1.85550969e-02
 -1.85550969e-02 -1.85550969e-02 -1.85550969e-02 -1.85550969e-02
 -1.85550969e-02 -1.85550969e-02 -1.85550969e-02 -1.85550969e-02
 -1.85550969e-02 -1.85550969e-02 -1.85550969e-02 -1.85550969e-02
 -1.85550969e-02 -1.85550969e-02]",492395
1086568830,Vip-IRES-Cre,True,novel,"[ 0.00084165 -0.00140048 -0.01868128 -0.0066479  -0.00836874 -0.01797779
 -0.01121052 -0.01363931 -0.01010854 -0.00630594 -0.01633589 -0.01297358
 -0.00263861  0.00649511  0.01787434  0.02297462  0.02427537  0.02039441
  0.01571115  0.0172625   0.0046719   0.00979455  0.02922525 -0.00163781
  0.00497311  0.00061257 -0.00587021 -0.02007766 -0.01114233 -0.01008992
 -0.01386317 -0.01452587 -0.02057889 -0.01855308 -0.02311649 -0.02951075
 -0.0236557  -0.02270659 -0.01298793 -0.01437556 -0.02178215 -0.0140925
 -0.02240438 -0.02145836 -0.02179259 -0.01440739 -0.02466441 -0.01688666
 -0.01077455 -0.01393078 -0.0188951  -0.00749577 -0.01009859 -0.0085103
 -0.00331435  0.01119982  0.02978613  0.03425246  0.03348536  0.03950128
  0.03495496  0.03889183  0.0273555   0.026882    0.01926506  0.00423088
  0.01460879  0.01725394  0.01239695 -0.00278742 -0.00389189 -0.00549363
 -0.01298585 -0.02235288 -0.0037678  -0.0037678  -0.0037678  -0.0037678
 -0.0037678  -0.0037678  -0.0037678  -0.0037678  -0.0037678  -0.0037678
 -0.0037678  -0.0037678  -0.0037678  -0.0037678  -0.0037678  -0.0037678 ]",492395
1086569063,Vip-IRES-Cre,False,novel,"[ 0.00073358 -0.00012329 -0.00739515 -0.00715871 -0.01035564 -0.01480771
 -0.01218412 -0.01958634 -0.02986376 -0.03222118 -0.01929669 -0.01317781
 -0.01414504 -0.00531005  0.00978742  0.02625395  0.03774985  0.04819125
  0.03800052  0.03146384  0.02204694  0.01923755  0.00176451 -0.00070896
 -0.00524535 -0.00295122 -0.00750206 -0.0086609  -0.0122485  -0.01228692
 -0.00989134 -0.01338844 -0.00433317  0.01351792  0.02989324  0.04053981
  0.04939006  0.0574169   0.07384453  0.08055686  0.06770824  0.06730838
  0.05247056  0.03490011  0.02236228  0.0148834   0.01276576 -0.00080029
 -0.00573008 -0.0120739  -0.02370997 -0.018493   -0.019254   -0.02151054
 -0.02536415 -0.02594883 -0.01916707 -0.01105557 -0.00076644  0.00531251
  0.01603766  0.02856754  0.03588943  0.0343377   0.02591212  0.0106443
  0.00804389 -0.00421544 -0.01138554 -0.02763694 -0.02624184 -0.02569813
 -0.02220899 -0.02977782 -0.02746219 -0.02746219 -0.02746219 -0.02746219
 -0.02746219 -0.02746219 -0.02746219 -0.02746219 -0.02746219 -0.02746219
 -0.02746219 -0.02746219 -0.02746219 -0.02746219 -0.02746219 -0.02746219]",492395
1086569063,Vip-IRES-Cre,True,novel,"[-0.01207271 -0.01193918 -0.00995944 -0.00541931 -0.0093958  -0.01807702
 -0.02023683 -0.02373305 -0.01778634 -0.01741292 -0.02146445 -0.02460021
 -0.01172152 -0.00835623 -0.00220135  0.01362789  0.02808778  0.05114004
  0.05597477  0.04169191  0.03240648  0.01998341  0.01343981  0.01072476
  0.00398845 -0.00385896 -0.00711491 -0.01516691 -0.01596657 -0.01458161
 -0.02542907 -0.02362112 -0.02532876 -0.03032276 -0.03026139 -0.0291279
 -0.02822953 -0.0294757  -0.03412969 -0.03440148 -0.04164624 -0.04050656
 -0.03636047 -0.05197284 -0.05521682 -0.0473202  -0.05749694 -0.03171178
 -0.03523195 -0.03260033 -0.03602275 -0.03392509 -0.03565532 -0.02812807
 -0.02912766 -0.02284682 -0.0096049  -0.00306721  0.00787433  0.02401249
  0.02709575  0.03463346  0.04106596  0.04849248  0.03180746  0.02286844
  0.00484291 -0.00218348 -0.014275   -0.02291756 -0.01738443 -0.03391556
 -0.02564252 -0.03020272 -0.03932795 -0.03932795 -0.03932795 -0.03932795
 -0.03932795 -0.03932795 -0.03932795 -0.03932795 -0.03932795 -0.03932795
 -0.03932795 -0.03932795 -0.03932795 -0.03932795 -0.03932795 -0.03932795]",492395
1086569757,Vip-IRES-Cre,False,novel,"[ 0.0031665   0.00254981 -0.00381914 -0.00891909 -0.00438022 -0.00708188
 -0.01458247 -0.01882257 -0.02024678 -0.01939902 -0.01394398 -0.00114839
  0.0112635   0.01734884  0.02342213  0.02306592  0.01772541  0.0242951
  0.02430998  0.01457307  0.01905834  0.00585736  0.0078735  -0.00492971
 -0.00821308 -0.01363755 -0.01147201 -0.00587313 -0.01880143 -0.01923901
 -0.01894492 -0.0139317  -0.00463384  0.01609447  0.04086904  0.05006751
  0.06060792  0.06656024  0.06053678  0.05929947  0.05360901  0.05068985
  0.04471973  0.04407834  0.02383608  0.01802564  0.0114528   0.01273115
  0.00248454 -0.00232883 -0.00827993 -0.01348362 -0.01384842 -0.01694927
 -0.01507592 -0.0060711   0.00962892  0.01966945  0.02358631  0.02334859
  0.01921595  0.01892612  0.02269647  0.01802606  0.00849217  0.00460348
  0.00338321 -0.00455437 -0.00538659 -0.00539352 -0.01072385 -0.01461562
 -0.01071774 -0.01909015 -0.02362911 -0.02362911 -0.02362911 -0.02362911
 -0.02362911 -0.02362911 -0.02362911 -0.02362911 -0.02362911 -0.02362911
 -0.02362911 -0.02362911 -0.02362911 -0.02362911 -0.02362911 -0.02362911]",492395
1086569757,Vip-IRES-Cre,True,novel,"[ 0.00257972  0.00261491  0.00076617 -0.01104239 -0.01004051 -0.01765358
 -0.01819054 -0.0146928  -0.02059452 -0.02271344 -0.01930223 -0.01020148
  0.00610575  0.01262327  0.02180826  0.02590095  0.01926343  0.02069864
  0.03730562  0.0208547   0.00543315  0.00552183  0.01462869  0.01141029
 -0.00852212 -0.0053101  -0.01552716 -0.00412163 -0.0172038  -0.01239907
 -0.01842325 -0.0233113  -0.02278071 -0.01870569 -0.02396692 -0.02533055
 -0.0262368  -0.0238408  -0.02942403 -0.03645955 -0.0317157  -0.02591392
 -0.02457289 -0.02496595 -0.03021688 -0.02499305 -0.03300873 -0.02792711
 -0.03973596 -0.02902072 -0.01520244 -0.02412418 -0.0217395  -0.01796248
 -0.01912551 -0.00488918  0.01158892  0.02151869  0.03490055  0.03768218
  0.03702168  0.03316185  0.03864542  0.03570505  0.03005868  0.02583843
  0.00686466  0.00494395 -0.00504183 -0.019555   -0.01353351 -0.00990519
 -0.01785878 -0.01771164 -0.01769558 -0.01769558 -0.01769558 -0.01769558
 -0.01769558 -0.01769558 -0.01769558 -0.01769558 -0.01769558 -0.01769558
 -0.01769558 -0.01769558 -0.01769558 -0.01769558 -0.01769558 -0.01769558]",492395
1086573070,Vip-IRES-Cre,False,novel,"[-1.48652619e-03 -1.44092289e-03 -1.63130015e-03 -4.46079726e-03
 -1.17255981e-03 -3.35139300e-04 -3.89957702e-03 -2.53384950e-03
 -9.99128129e-03 -4.68562602e-03 -1.72919919e-03  4.37515877e-04
  8.92038384e-03  9.61196540e-03  1.20627381e-02  8.68336822e-03
  5.24555459e-03  7.48826857e-03  9.29017143e-03  5.23477343e-03
 -1.86799029e-03 -1.72722346e-03  3.15567816e-03 -5.11055504e-03
 -1.93881557e-03 -9.69104983e-03 -9.07454105e-03  2.74156825e-04
 -1.37769707e-03 -6.24992347e-03 -8.85393983e-03 -5.46179560e-03
  1.60384829e-03  9.70031035e-03  1.48984908e-02  2.17184592e-02
  2.85791271e-02  2.78113508e-02  2.64952582e-02  1.85958133e-02
  1.39498852e-02  1.72095097e-02  1.25351773e-02  1.69498857e-02
  1.11291761e-02  1.05865263e-02  2.53426795e-03  1.67654943e-03
 -1.89664991e-03  2.52122620e-03 -1.23224094e-03 -8.25424676e-04
 -4.75478845e-03 -6.73018005e-03  4.62789528e-03  8.82223507e-03
  6.66650651e-03  7.31485739e-03  6.09072297e-03  3.44068115e-03
  1.04892762e-02  1.14618305e-02  5.92634044e-03  7.31174641e-03
  3.71327984e-03  6.94548440e-03 -6.55407132e-05  4.39918411e-03
 -2.41301239e-03 -2.19297434e-03 -3.81080604e-03  3.92507966e-06
 -6.77615913e-03 -9.79020197e-04 -7.77402617e-03 -7.77402617e-03
 -7.77402617e-03 -7.77402617e-03 -7.77402617e-03 -7.77402617e-03
 -7.77402617e-03 -7.77402617e-03 -7.77402617e-03 -7.77402617e-03
 -7.77402617e-03 -7.77402617e-03 -7.77402617e-03 -7.77402617e-03
 -7.77402617e-03 -7.77402617e-03]",492395
1086573070,Vip-IRES-Cre,True,novel,"[-3.51323192e-03 -3.15662520e-03 -7.18373460e-04 -4.26498880e-03
 -2.86164225e-03 -2.98089590e-04 -4.71220484e-03 -6.54562742e-03
 -5.59444730e-03 -8.69564106e-03 -3.01890891e-04  6.41348561e-03
  9.79035900e-03  6.86638617e-03  1.31994654e-02  7.15733810e-03
  5.13165325e-03  6.27095632e-03  1.20536681e-02  6.39822273e-03
  4.53671579e-03  6.14860087e-03 -5.28131327e-03  1.59041196e-03
 -7.64166025e-03 -1.82087205e-03 -4.82352405e-03 -6.78051461e-03
 -1.09618464e-02 -7.58476995e-03 -6.91025301e-03 -9.56632883e-03
 -1.06401685e-02 -7.14159198e-03 -1.05795093e-02 -1.45711360e-02
 -1.06906475e-02 -1.19592326e-02 -1.57687414e-02 -1.44709386e-02
 -1.22348584e-02 -1.21913827e-02 -8.19770467e-03 -1.06167396e-02
 -6.68515821e-03 -7.15236004e-05 -1.87914722e-03 -2.13850273e-03
  1.36184772e-03 -5.92116340e-03 -5.40376707e-03 -9.04167901e-04
 -6.27066046e-03 -3.14382935e-03  1.96958443e-03  1.37610257e-02
  1.77062740e-02  2.23729755e-02  2.99846573e-02  2.67676702e-02
  2.25890911e-02  2.01651135e-02  2.11727544e-02  1.66182897e-02
  1.81992156e-02  4.79246945e-03  6.86233703e-03 -8.27109776e-03
 -9.34918847e-03  1.97627969e-03 -9.53661260e-03 -3.91180806e-03
 -3.33579178e-04 -1.05458188e-02 -1.80589563e-02 -1.80589563e-02
 -1.80589563e-02 -1.80589563e-02 -1.80589563e-02 -1.80589563e-02
 -1.80589563e-02 -1.80589563e-02 -1.80589563e-02 -1.80589563e-02
 -1.80589563e-02 -1.80589563e-02 -1.80589563e-02 -1.80589563e-02
 -1.80589563e-02 -1.80589563e-02]",492395
1086668144,Sst-IRES-Cre,False,familiar,"[-0.00053031 -0.00159023 -0.01334058 -0.02802019 -0.0338094  -0.03669455
 -0.03844232 -0.05140487 -0.05567399 -0.06200353 -0.04370211  0.00451548
  0.04256059  0.06771552  0.08766381  0.09325459  0.09539868  0.08923462
  0.07387791  0.05225843  0.03162491  0.01923615  0.00188103 -0.01385358
 -0.02196366 -0.03222247 -0.04429343 -0.0479308  -0.06171447 -0.07203126
 -0.07220203 -0.07769162 -0.0646611  -0.01895373  0.03779985  0.0861623
  0.13537439  0.18277421  0.20842064  0.21551489  0.20735561  0.17711985
  0.13173274  0.10770418  0.0805381   0.05203835  0.04368809  0.01248885
  0.00429199 -0.01743826 -0.02445079 -0.03918353 -0.04846153 -0.0540897
 -0.04438448  0.01399971  0.0967179   0.17041211  0.21262504  0.2494743
  0.28177211  0.29288034  0.27007338  0.23403331  0.19127817  0.1511715
  0.12494793  0.08857819  0.06263852  0.04252311  0.02042764  0.00906968
 -0.0119784  -0.02672423 -0.0352597  -0.0352597  -0.0352597  -0.0352597
 -0.0352597  -0.0352597  -0.0352597  -0.0352597  -0.0352597  -0.0352597
 -0.0352597  -0.0352597  -0.0352597  -0.0352597  -0.0352597  -0.0352597 ]",489056
1086668144,Sst-IRES-Cre,True,familiar,"[-0.01448699 -0.01606867 -0.03080605 -0.03943049 -0.06260931 -0.07258275
 -0.08609488 -0.09935821 -0.11299852 -0.11394899 -0.10111161 -0.05582282
  0.01246663  0.06530253  0.10347261  0.13458375  0.15525819  0.16505054
  0.14608169  0.11251686  0.08483782  0.06061694  0.03010422  0.00674627
 -0.00535603 -0.01920258 -0.04416607 -0.04853971 -0.07354412 -0.08091027
 -0.09265167 -0.10964001 -0.11270357 -0.12022826 -0.12864588 -0.13693278
 -0.14681153 -0.15494502 -0.16402258 -0.16392664 -0.1657888  -0.17126641
 -0.17142681 -0.17332651 -0.18292379 -0.18388166 -0.18608899 -0.17724479
 -0.17752271 -0.18348517 -0.18883934 -0.18059696 -0.19130175 -0.19591032
 -0.19177809 -0.15935689 -0.10436996 -0.04750705 -0.00621409  0.02814696
  0.05170661  0.07545965  0.07725112  0.06256657  0.02900022  0.00842736
 -0.02215236 -0.040846   -0.05570174 -0.07486356 -0.07801768 -0.09044449
 -0.10611268 -0.114688   -0.11210055 -0.11210055 -0.11210055 -0.11210055
 -0.11210055 -0.11210055 -0.11210055 -0.11210055 -0.11210055 -0.11210055
 -0.11210055 -0.11210055 -0.11210055 -0.11210055 -0.11210055 -0.11210055]",489056
1086668188,Sst-IRES-Cre,False,familiar,"[-0.00134076 -0.00130368 -0.00203375 -0.0075858  -0.00580875 -0.00974757
 -0.00553612 -0.00699251 -0.01219409 -0.01122532 -0.0054705   0.00379578
  0.01471057  0.01933356  0.01408493  0.01873556  0.01693031  0.01129949
  0.00893768  0.00586888  0.00550146  0.00475333  0.00144986  0.00067765
 -0.00157269 -0.00448096 -0.0064056  -0.01543797 -0.01108592 -0.0178571
 -0.01244813 -0.00974148 -0.01041308 -0.00377767  0.00731802  0.01316223
  0.02040556  0.02633864  0.03014965  0.03006366  0.0285951   0.02139527
  0.01357929  0.0131198   0.00483482  0.00193751  0.00659576 -0.00572543
  0.00298707 -0.00257941 -0.00912209 -0.00670792 -0.01221503 -0.00839972
 -0.00527852  0.00171516  0.01502146  0.03065468  0.03748119  0.04518027
  0.04503553  0.0428017   0.03570021  0.02850751  0.02235184  0.01374913
  0.0084328   0.00414941  0.00598261 -0.00784517 -0.00440176 -0.00812832
 -0.00778795 -0.01167687 -0.0100742  -0.0100742  -0.0100742  -0.0100742
 -0.0100742  -0.0100742  -0.0100742  -0.0100742  -0.0100742  -0.0100742
 -0.0100742  -0.0100742  -0.0100742  -0.0100742  -0.0100742  -0.0100742 ]",489056
1086668188,Sst-IRES-Cre,True,familiar,"[-0.00761752 -0.00745993 -0.00621701 -0.00771598 -0.01138961 -0.01473984
 -0.01359732 -0.01741783 -0.01567723 -0.01526571 -0.01369711 -0.0048025
  0.00712179  0.0187769   0.02733455  0.03094787  0.03377995  0.02550151
  0.0192676   0.01022849  0.00720947  0.00027044 -0.00237734 -0.00226619
  0.00135406 -0.00960125 -0.00561797 -0.00588217 -0.00749554 -0.0129546
 -0.01350288 -0.01154602 -0.02113272 -0.01991149 -0.0188326  -0.02008331
 -0.02262029 -0.01822714 -0.02276225 -0.02714142 -0.02722073 -0.02700793
 -0.0244765  -0.02865267 -0.02491599 -0.02225691 -0.02255252 -0.0245285
 -0.03147239 -0.01924658 -0.01584363 -0.01228466 -0.01889444 -0.02543387
 -0.02063046 -0.01037478 -0.00765829  0.00124354  0.01425727  0.01406503
  0.01587215  0.01515279  0.01297434  0.01147815  0.00248802 -0.00323017
  0.00143464 -0.00590443 -0.0038598  -0.00083277 -0.01146629 -0.01124968
 -0.01502641 -0.02263772 -0.02343158 -0.02343158 -0.02343158 -0.02343158
 -0.02343158 -0.02343158 -0.02343158 -0.02343158 -0.02343158 -0.02343158
 -0.02343158 -0.02343158 -0.02343158 -0.02343158 -0.02343158 -0.02343158]",489056
1086668201,Sst-IRES-Cre,False,familiar,"[-1.66446253e-03 -1.84261396e-03 -4.82661133e-03 -1.13385657e-02
 -5.36055324e-03 -1.17091582e-02 -1.36556317e-02 -1.80686485e-02
 -2.25365627e-02 -1.66899535e-02 -8.99115846e-04  1.58560937e-02
  2.51351191e-02  2.47189390e-02  3.28441109e-02  3.77575063e-02
  3.06037430e-02  2.07027409e-02  1.61815569e-02  7.59477047e-03
 -8.11256726e-03  5.58581149e-05 -7.76149959e-03 -8.47043080e-03
 -1.00642754e-02 -1.02573057e-02 -8.50783247e-03 -1.34686626e-02
 -1.75033569e-02 -1.87126303e-02 -1.54749892e-02 -1.45363692e-02
 -1.39941600e-02  7.23859773e-04  1.56154086e-02  2.70049736e-02
  3.70330885e-02  4.67736346e-02  4.82124383e-02  4.27172990e-02
  3.67330290e-02  2.31912470e-02  1.74533432e-02  1.14540698e-02
  1.16389102e-02  5.35442967e-03 -1.09582303e-02 -1.84328009e-03
 -8.40433072e-03 -4.89242714e-03 -1.77138847e-02 -1.52599075e-02
 -1.79193419e-02 -2.15617855e-02 -8.18529841e-03  1.33838567e-02
  3.56960151e-02  5.82315693e-02  6.61660410e-02  6.39149973e-02
  6.45496495e-02  6.17918628e-02  5.82016072e-02  4.48256680e-02
  3.06540743e-02  2.18486565e-02  2.34304486e-02  1.04096034e-02
  5.28118418e-03  3.46849557e-03 -8.64470594e-04 -3.89780714e-03
 -8.01898190e-03 -1.75750448e-02 -9.74837739e-03 -9.74837739e-03
 -9.74837739e-03 -9.74837739e-03 -9.74837739e-03 -9.74837739e-03
 -9.74837739e-03 -9.74837739e-03 -9.74837739e-03 -9.74837739e-03
 -9.74837739e-03 -9.74837739e-03 -9.74837739e-03 -9.74837739e-03
 -9.74837739e-03 -9.74837739e-03]",489056
1086668201,Sst-IRES-Cre,True,familiar,"[-0.0181284  -0.01697853 -0.00884378 -0.02063219 -0.01808097 -0.02520328
 -0.03176708 -0.02780881 -0.02986124 -0.03408514 -0.02244839  0.00969687
  0.0304124   0.039775    0.04410546  0.03983789  0.05167745  0.05200718
  0.04047336  0.03248743  0.01396039  0.00702888  0.00381289  0.00127599
 -0.00547327 -0.01554063 -0.01893062 -0.01878104 -0.02488033 -0.02910748
 -0.03048394 -0.03357962 -0.03592833 -0.03860232 -0.03784211 -0.03565794
 -0.04203273 -0.04438697 -0.04801795 -0.05131965 -0.04841577 -0.05498447
 -0.046608   -0.05205762 -0.05366136 -0.04923267 -0.05938241 -0.04994601
 -0.04727399 -0.05042598 -0.04990273 -0.04516451 -0.05020914 -0.05335105
 -0.04574758 -0.02387911 -0.0015685   0.0186226   0.03592142  0.03579012
  0.03423368  0.03454858  0.03025213  0.01668061  0.00431199  0.00065948
 -0.01021    -0.01309567 -0.01053985 -0.01672832 -0.03167359 -0.02017357
 -0.03114454 -0.03811909 -0.0367899  -0.0367899  -0.0367899  -0.0367899
 -0.0367899  -0.0367899  -0.0367899  -0.0367899  -0.0367899  -0.0367899
 -0.0367899  -0.0367899  -0.0367899  -0.0367899  -0.0367899  -0.0367899 ]",489056
1086668213,Sst-IRES-Cre,False,familiar,"[ 0.00155144  0.00125268 -0.00243398 -0.00665694  0.00291549  0.00424781
 -0.00289021  0.00070117 -0.00404618 -0.00406289  0.00306295  0.00956552
  0.01028956  0.00889488  0.00837297  0.00926372  0.00464222  0.00044168
  0.00507537  0.00207571 -0.00476021 -0.00080324 -0.00476318 -0.00031544
 -0.00045097 -0.00306526 -0.01126889 -0.00759468 -0.00868153 -0.01055958
 -0.0007113  -0.00358707 -0.00288253  0.00461459  0.01390938  0.01285702
  0.01765639  0.02109683  0.02136467  0.01920907  0.02044061  0.01744251
  0.00385125  0.006165    0.00148878  0.00203624  0.00402465  0.00586911
 -0.00401187  0.00515299  0.00514547 -0.0015425   0.00050738  0.00175591
  0.00596004  0.01748158  0.01968377  0.02090179  0.0197724   0.02133913
  0.02665006  0.02229734  0.02114308  0.01058684  0.01318135  0.00827264
  0.00544191  0.00246597  0.00269125  0.00409419 -0.00331719 -0.00129843
 -0.00483599 -0.00456385 -0.00707815 -0.00707815 -0.00707815 -0.00707815
 -0.00707815 -0.00707815 -0.00707815 -0.00707815 -0.00707815 -0.00707815
 -0.00707815 -0.00707815 -0.00707815 -0.00707815 -0.00707815 -0.00707815]",489056
1086668213,Sst-IRES-Cre,True,familiar,"[-0.00447914 -0.00491851 -0.00771372 -0.00121235 -0.00305456 -0.00572927
 -0.00903102 -0.01372964 -0.00479667 -0.00691788 -0.00700462  0.00099834
  0.01252707  0.01190102  0.01429955  0.01586389  0.00912631  0.01463283
  0.01154823  0.0063143   0.00437894  0.00161374  0.00206803  0.00298467
 -0.00515286 -0.0086691  -0.00519533 -0.00674264 -0.00835828 -0.00555136
 -0.00514133 -0.00555258 -0.0097548  -0.0068286  -0.0006099  -0.00814016
 -0.00985541 -0.01050865 -0.00742619 -0.00864148 -0.01071515 -0.006624
 -0.01035501 -0.00091803 -0.01077781 -0.00670312 -0.00047981 -0.00876479
 -0.01427006 -0.01082564 -0.00827834 -0.00930943 -0.00339954 -0.01084188
 -0.00841647  0.00076071  0.00678563  0.00729434  0.0098977   0.01329111
  0.01405097  0.01142773  0.00338604  0.00588043  0.00178916  0.00085791
 -0.0019317  -0.00357588  0.00566676 -0.00626744 -0.00857292 -0.00158784
 -0.00441394 -0.00830863 -0.01199374 -0.01199374 -0.01199374 -0.01199374
 -0.01199374 -0.01199374 -0.01199374 -0.01199374 -0.01199374 -0.01199374
 -0.01199374 -0.01199374 -0.01199374 -0.01199374 -0.01199374 -0.01199374]",489056
1086668228,Sst-IRES-Cre,False,familiar,"[-0.00472463 -0.0043848  -0.00218126 -0.00760865 -0.01070046 -0.01598439
 -0.02002294 -0.01775601 -0.0180517  -0.01388042 -0.00281675  0.01006333
  0.0179573   0.02380843  0.02650917  0.03149131  0.03167442  0.02925312
  0.02211904  0.01589597  0.00518206  0.00340933  0.00039232 -0.00181404
 -0.00765896 -0.01320682 -0.01552407 -0.01665148 -0.02057041 -0.02421802
 -0.02192076 -0.02275826 -0.02189427 -0.00354996  0.01366572  0.02452294
  0.03456817  0.04484804  0.04439827  0.05003298  0.04705636  0.03703933
  0.02310204  0.02007333  0.01032246  0.00989562  0.00158683 -0.0016783
 -0.01005746 -0.01694977 -0.00964851 -0.01404054 -0.0176978  -0.02014445
 -0.01268646  0.0031733   0.02602381  0.04167565  0.05222599  0.06383597
  0.06231337  0.0650929   0.05717525  0.04025221  0.04189816  0.03280107
  0.01920278  0.00914571  0.00445958  0.00686735 -0.00268498 -0.0113402
 -0.01238661 -0.01414361 -0.01771079 -0.01771079 -0.01771079 -0.01771079
 -0.01771079 -0.01771079 -0.01771079 -0.01771079 -0.01771079 -0.01771079
 -0.01771079 -0.01771079 -0.01771079 -0.01771079 -0.01771079 -0.01771079]",489056
1086668228,Sst-IRES-Cre,True,familiar,"[-0.00628813 -0.00714735 -0.01542725 -0.01901346 -0.01957165 -0.02281459
 -0.02426332 -0.02754711 -0.03216497 -0.02939182 -0.02025285 -0.00595744
  0.01264912  0.02504571  0.03351805  0.03626896  0.04286587  0.03714693
  0.03184762  0.0290075   0.02064359  0.01271021  0.00566942  0.00819548
 -0.00093183 -0.00631004 -0.00761794 -0.01338446 -0.01944511 -0.01803913
 -0.02219271 -0.02393232 -0.02968349 -0.03005109 -0.02952975 -0.03284269
 -0.0357814  -0.04098036 -0.04532863 -0.03808501 -0.04364938 -0.0447545
 -0.04350491 -0.04501376 -0.04083127 -0.05355806 -0.04513428 -0.05058367
 -0.04411638 -0.04527522 -0.0445484  -0.04655268 -0.04622291 -0.05016346
 -0.04748492 -0.03604194 -0.0134978  -0.00526095  0.00359944  0.01275857
  0.02039361  0.02261215  0.0127476   0.00263884  0.00082614  0.0062395
 -0.00439657 -0.01310354 -0.01941293 -0.01693819 -0.01780517 -0.02941599
 -0.02933229 -0.03175821 -0.03513358 -0.03513358 -0.03513358 -0.03513358
 -0.03513358 -0.03513358 -0.03513358 -0.03513358 -0.03513358 -0.03513358
 -0.03513358 -0.03513358 -0.03513358 -0.03513358 -0.03513358 -0.03513358]",489056
1086668247,Sst-IRES-Cre,False,familiar,"[-0.00191795 -0.00185867 -0.00231415 -0.00660762 -0.0007812  -0.0033832
 -0.00084231 -0.00033384 -0.0014062  -0.00639103 -0.00411838  0.00695215
  0.01415657  0.009093    0.00573449  0.00244886  0.00934566  0.00888095
  0.01047876  0.00093531 -0.00290631 -0.00408084  0.0022283   0.00168161
 -0.00490687 -0.00686804 -0.00151078 -0.00736832 -0.0086785  -0.00566146
 -0.00369426 -0.00785663 -0.00587336  0.00645765  0.01119708  0.01832262
  0.02746478  0.02501467  0.02493064  0.02568133  0.01762038  0.01375339
  0.01283894  0.01085151  0.00724109 -0.00148988  0.00858409  0.00339751
 -0.00313503 -0.0030405   0.00025589 -0.0023545  -0.00088648 -0.00457299
 -0.00314186  0.0037848   0.01647448  0.0223712   0.01740301  0.01222799
  0.0199389   0.01976426  0.01924604  0.01308516  0.00782338  0.00559758
  0.0048926  -0.00080825 -0.00572067 -0.01021828 -0.00831304 -0.00291352
 -0.00734457 -0.00405282 -0.01166207 -0.01166207 -0.01166207 -0.01166207
 -0.01166207 -0.01166207 -0.01166207 -0.01166207 -0.01166207 -0.01166207
 -0.01166207 -0.01166207 -0.01166207 -0.01166207 -0.01166207 -0.01166207]",489056
1086668247,Sst-IRES-Cre,True,familiar,"[ 0.00340212  0.00325412  0.00086101 -0.00557967 -0.00681229 -0.01094093
 -0.01209241 -0.01032047 -0.01135374 -0.0063097  -0.00063893  0.00387998
  0.00424158  0.01009182  0.01445667  0.01667383  0.01657812  0.01322282
  0.00646792  0.00869039  0.00901247  0.00084144  0.0029266  -0.00626549
 -0.01035165 -0.00494167 -0.00785149 -0.0094856  -0.00415267 -0.00750417
 -0.00940355 -0.01499283 -0.01216318 -0.01139805 -0.01164455 -0.01098017
 -0.01738787 -0.02054283 -0.01980481 -0.01803143 -0.02304729 -0.01292241
 -0.01342173 -0.01268829 -0.01739407 -0.01977027 -0.01418956 -0.01671695
 -0.01301362 -0.01468904 -0.00661956 -0.00843587 -0.00642818 -0.00923497
 -0.00364729 -0.00333425  0.00133187  0.00404597  0.00768959  0.01471938
  0.01864197  0.01875204  0.01053689  0.01059715  0.01218111  0.00693368
  0.00385977  0.00345601 -0.00730712 -0.00893934 -0.00189832 -0.00397596
 -0.00511214 -0.00572233 -0.00871567 -0.00871567 -0.00871567 -0.00871567
 -0.00871567 -0.00871567 -0.00871567 -0.00871567 -0.00871567 -0.00871567
 -0.00871567 -0.00871567 -0.00871567 -0.00871567 -0.00871567 -0.00871567]",489056
1086668269,Sst-IRES-Cre,False,familiar,"[-1.08491174e-02 -9.99201245e-03 -1.88455733e-03  7.65637224e-05
 -4.34856020e-03 -6.07724422e-03 -1.10782745e-03 -5.44597653e-04
 -2.87295989e-03 -3.37487078e-03  4.72757641e-03  9.54986390e-03
  9.31081636e-03  1.58885509e-02  1.68868875e-02  1.05355936e-02
  7.43946493e-03  1.11510476e-02  7.78198787e-03  5.00359765e-03
 -3.01158036e-03 -4.63845303e-03 -6.47111648e-04 -6.18935872e-03
 -4.78348228e-03 -7.68192260e-03 -6.45764604e-03 -8.19204185e-03
 -8.53401525e-03 -7.16459117e-03 -1.23884944e-03 -4.36103186e-03
 -9.17213139e-04  1.47882874e-02  2.09079211e-02  2.57248959e-02
  2.77490729e-02  2.13391355e-02  3.05535126e-02  2.53731781e-02
  2.68312266e-02  1.01173669e-02  1.17306548e-02  8.20605107e-03
  7.00078370e-03  4.93810000e-03 -4.01080797e-03 -7.80350180e-03
  1.77445165e-03 -1.58082999e-03  1.92230504e-03 -1.90577251e-03
 -5.83816675e-03 -1.74060748e-03  5.85033385e-03  1.30438269e-02
  2.22353600e-02  2.46923532e-02  2.90462917e-02  3.15940784e-02
  3.64997237e-02  3.39418998e-02  3.28772221e-02  1.83192714e-02
  1.78430431e-02  9.38599509e-03 -1.95260397e-03  3.55984495e-03
  3.04032105e-03  6.44501707e-04 -1.19908852e-03 -7.20924705e-03
 -1.14360190e-02 -3.24919926e-03 -2.26066667e-03 -2.26066667e-03
 -2.26066667e-03 -2.26066667e-03 -2.26066667e-03 -2.26066667e-03
 -2.26066667e-03 -2.26066667e-03 -2.26066667e-03 -2.26066667e-03
 -2.26066667e-03 -2.26066667e-03 -2.26066667e-03 -2.26066667e-03
 -2.26066667e-03 -2.26066667e-03]",489056
1086668269,Sst-IRES-Cre,True,familiar,"[-0.01053518 -0.01075144 -0.01219679 -0.00977108 -0.01191811 -0.01378946
 -0.01628613 -0.01062314 -0.00544949 -0.00374726  0.00211128  0.00993283
  0.01439762  0.0168057   0.01866822  0.01883326  0.01663568  0.02622562
  0.0215564   0.00639119  0.00063282  0.01385611 -0.00336174 -0.00616796
 -0.01005416 -0.00793363 -0.00576128 -0.01120872 -0.00981736 -0.00667382
 -0.00440137 -0.00685576 -0.01145448 -0.0113023  -0.00450388 -0.00302373
 -0.00661547 -0.00417804 -0.0018039  -0.00460368 -0.00494491 -0.00443197
 -0.00576872 -0.00033244 -0.00191216  0.00852217 -0.00548442 -0.00643374
 -0.00639385 -0.00607334 -0.00484381 -0.00247809  0.00301676 -0.00266151
  0.00210485  0.00206035  0.01238093  0.01448027  0.01192549  0.01767243
  0.01241728  0.00789965  0.0081649   0.00341097 -0.00213257 -0.00195558
 -0.00136668  0.0006172  -0.0054535  -0.00963154 -0.01319884 -0.00565068
 -0.01432453 -0.01266238 -0.01061752 -0.01061752 -0.01061752 -0.01061752
 -0.01061752 -0.01061752 -0.01061752 -0.01061752 -0.01061752 -0.01061752
 -0.01061752 -0.01061752 -0.01061752 -0.01061752 -0.01061752 -0.01061752]",489056
1086668278,Sst-IRES-Cre,False,familiar,"[ 3.49049719e-03  3.24065771e-03 -3.73917967e-04 -1.00838755e-02
 -1.52129860e-02 -8.91519069e-03 -7.62029295e-03 -1.50410178e-02
 -1.47231471e-02 -1.43593111e-02 -1.33300793e-03  6.75889333e-03
  9.91845637e-03  1.61283964e-02  2.67554896e-02  2.68962718e-02
  1.58991313e-02  3.29111019e-02  1.73393547e-02  1.05626049e-02
  1.96453237e-02 -4.42561141e-04 -1.60377478e-02 -1.08622430e-02
 -1.08411368e-03 -5.52078658e-03 -1.65111572e-02 -1.35345081e-02
 -2.07245634e-02 -1.71657510e-02 -2.09155177e-02 -2.21947448e-02
 -1.54013739e-02  1.23513353e-02  2.53665346e-02  3.83809735e-02
  4.05925512e-02  3.26790895e-02  4.48974207e-02  4.08624023e-02
  3.85182726e-02  3.46191519e-02  2.90025621e-02  2.61709125e-02
  2.66839705e-02  5.30086675e-03  1.40602842e-02  1.43841260e-02
  3.59610465e-03  3.23075283e-04 -4.70016962e-03 -4.46859846e-03
 -4.63287500e-03 -2.79220755e-05  4.77223448e-03  1.96021536e-02
  2.90668302e-02  3.37368928e-02  4.49015460e-02  6.09343076e-02
  5.89768377e-02  4.67395897e-02  4.37133240e-02  3.83966989e-02
  3.01094435e-02  1.49526417e-02  1.65569217e-02  8.36911123e-03
  5.58579557e-03 -4.64628686e-03 -1.09529731e-02 -6.51617861e-03
 -1.02349120e-02 -9.86507065e-03 -1.70588505e-02 -1.70588505e-02
 -1.70588505e-02 -1.70588505e-02 -1.70588505e-02 -1.70588505e-02
 -1.70588505e-02 -1.70588505e-02 -1.70588505e-02 -1.70588505e-02
 -1.70588505e-02 -1.70588505e-02 -1.70588505e-02 -1.70588505e-02
 -1.70588505e-02 -1.70588505e-02]",489056
1086668278,Sst-IRES-Cre,True,familiar,"[-0.00696728 -0.00679344 -0.00521915 -0.00766956 -0.01695067 -0.01089139
 -0.01587005 -0.02186135 -0.01756985 -0.01442067 -0.00540562  0.0126708
  0.02350514  0.02818507  0.02608037  0.02858224  0.0206417   0.01955666
  0.01702461  0.02170448  0.0046165  -0.00206404 -0.00339373 -0.01722016
  0.00548362 -0.00306112 -0.01201482 -0.01825923 -0.01035753 -0.01206152
 -0.0127895  -0.02061276 -0.01998129 -0.02349163 -0.01833089 -0.02565033
 -0.02505824 -0.02780346 -0.03579906 -0.02708374 -0.0212854  -0.0213333
 -0.01932256 -0.0363163  -0.03302081 -0.03786767 -0.02500961 -0.02142434
 -0.02771454 -0.02969556 -0.03819734 -0.02286021 -0.02960129 -0.02542821
 -0.01914005 -0.01754344  0.00456693  0.02286013  0.02405609  0.02283746
  0.02434705  0.01883911  0.01188685  0.01328963  0.00365729  0.00287073
  0.00590323 -0.02064259  0.00663388 -0.01575    -0.00599156 -0.01751969
 -0.01875276 -0.00628638 -0.01632966 -0.01632966 -0.01632966 -0.01632966
 -0.01632966 -0.01632966 -0.01632966 -0.01632966 -0.01632966 -0.01632966
 -0.01632966 -0.01632966 -0.01632966 -0.01632966 -0.01632966 -0.01632966]",489056
1086668307,Sst-IRES-Cre,False,familiar,"[-0.00038079 -0.00102853 -0.00618868 -0.00301902 -0.00516112 -0.00455853
 -0.00421781 -0.00601343 -0.0076049  -0.00649803 -0.00365098  0.00528341
  0.00879317  0.01255196  0.00882621  0.0104994   0.01406088  0.01092557
  0.00970164  0.0069641   0.00237954  0.00075102  0.00033142 -0.00166325
 -0.00695703 -0.00682038 -0.00554728 -0.00557579 -0.00790052 -0.00828223
 -0.00568175 -0.00815227 -0.01248822 -0.00662233  0.00189155  0.00299741
  0.00969359  0.01578504  0.0143213   0.01663987  0.01540046  0.01094102
  0.00889738  0.00226915  0.0031617   0.00164802 -0.00699467 -0.00135879
 -0.00252599 -0.00746748 -0.00493001 -0.0025433  -0.00590146 -0.00603326
 -0.00827086 -0.0027227   0.00262737  0.01061007  0.01437309  0.01784039
  0.0190827   0.02098545  0.0213956   0.01629328  0.00848288  0.00787596
  0.00224848 -0.00085395 -0.00244344 -0.00338936 -0.00403602 -0.00307234
 -0.00944184 -0.00654708 -0.00641104 -0.00641104 -0.00641104 -0.00641104
 -0.00641104 -0.00641104 -0.00641104 -0.00641104 -0.00641104 -0.00641104
 -0.00641104 -0.00641104 -0.00641104 -0.00641104 -0.00641104 -0.00641104]",489056
1086668307,Sst-IRES-Cre,True,familiar,"[ 2.63862987e-03  1.88549748e-03 -4.81206129e-03 -4.37195189e-03
 -3.79293969e-03 -9.34733698e-03 -1.48658628e-02 -1.04362123e-02
 -1.40755113e-02 -1.88111971e-02 -1.64938628e-02 -8.61240385e-03
 -4.69900190e-05  1.35711653e-02  2.03736484e-02  1.84612115e-02
  2.44085570e-02  1.46895405e-02  1.30072474e-02  1.37738884e-02
  1.25534502e-02  5.31958125e-03 -3.79963885e-03 -4.11214452e-03
  5.85899638e-04 -6.26530493e-03 -5.05048179e-03 -3.01876617e-03
 -6.73801207e-03 -6.61763836e-03 -1.10532757e-02 -1.40060197e-02
 -1.02437980e-02 -1.21890604e-02 -1.61612873e-02 -1.54756163e-02
 -1.51855597e-02 -1.66726768e-02 -1.50887428e-02 -1.72703235e-02
 -1.47778423e-02 -2.06539192e-02 -1.66884496e-02 -2.06579854e-02
 -1.28129739e-02 -2.39094733e-02 -1.67506074e-02 -1.65519556e-02
 -1.36229763e-02 -2.17091982e-02 -1.92867600e-02 -1.46311006e-02
 -1.52161743e-02 -1.74593135e-02 -1.97219240e-02 -1.34698012e-02
 -3.38900244e-03  3.99868866e-03  3.60266319e-03  6.15818129e-03
  1.09006114e-02  1.10440065e-02  1.07090655e-02  1.01637113e-02
  7.21770933e-03 -3.83557151e-04  7.06879176e-04 -8.52388817e-03
 -4.24157581e-03 -7.46676038e-03 -1.14351972e-02 -7.72533808e-03
 -8.90798689e-03 -1.23806797e-02 -1.10073198e-02 -1.10073198e-02
 -1.10073198e-02 -1.10073198e-02 -1.10073198e-02 -1.10073198e-02
 -1.10073198e-02 -1.10073198e-02 -1.10073198e-02 -1.10073198e-02
 -1.10073198e-02 -1.10073198e-02 -1.10073198e-02 -1.10073198e-02
 -1.10073198e-02 -1.10073198e-02]",489056
1086668331,Sst-IRES-Cre,False,familiar,"[ 9.80962573e-05 -4.59507006e-04 -5.12805328e-03 -3.91367464e-03
 -4.83549773e-03 -9.94834436e-04 -6.34246554e-03 -1.34407129e-02
 -2.01275571e-02 -6.69707285e-03  2.66252689e-03  6.86299852e-03
  1.21888270e-02  2.12715530e-02  1.70865373e-02  1.20503005e-02
  2.28332664e-02  2.54971760e-02  9.28035799e-03  3.05767931e-03
  3.28784228e-03  1.73760289e-03 -3.00734924e-03 -2.03837776e-03
  7.53232788e-04 -1.52977340e-02 -1.00942304e-02 -1.18656848e-02
 -1.51282925e-02 -1.92969530e-02 -1.77223350e-02 -1.32572193e-02
 -3.68335208e-03  1.53186350e-02  3.33766471e-02  3.35845655e-02
  3.53111300e-02  4.44874391e-02  5.96424293e-02  6.54592514e-02
  6.87322492e-02  4.24909435e-02  3.76748218e-02  3.60004978e-02
  1.61271928e-02  1.39880147e-02  1.27283025e-02  2.22301681e-02
  1.40650576e-02  2.13534019e-03  2.91206894e-03  2.23304882e-03
  1.51621866e-03  5.02767790e-03  6.18703487e-03  1.86217274e-02
  3.70825460e-02  3.98836564e-02  5.27543835e-02  5.29932128e-02
  5.21586997e-02  5.75814486e-02  3.60210415e-02  4.08344153e-02
  3.41198199e-02  3.77622960e-02  1.92638346e-02  1.72021238e-02
  2.99930275e-02  7.12305172e-03 -5.30129531e-05  3.43708453e-03
  1.04601429e-02 -1.31272305e-03 -9.26965015e-03 -9.26965015e-03
 -9.26965015e-03 -9.26965015e-03 -9.26965015e-03 -9.26965015e-03
 -9.26965015e-03 -9.26965015e-03 -9.26965015e-03 -9.26965015e-03
 -9.26965015e-03 -9.26965015e-03 -9.26965015e-03 -9.26965015e-03
 -9.26965015e-03 -9.26965015e-03]",489056
1086668331,Sst-IRES-Cre,True,familiar,"[-0.0064588  -0.00664467 -0.00719167 -0.0005963  -0.00127164 -0.0084223
 -0.01993284 -0.01535764 -0.01806033 -0.02225856 -0.01060245  0.00416221
  0.00889133  0.01328206  0.01634893  0.02335273  0.01367734  0.01920015
  0.0381853   0.01764685  0.01294949  0.01045201  0.00308713 -0.00676197
 -0.00582127 -0.00075489 -0.009348   -0.00845138 -0.00358367 -0.02971713
 -0.02988334 -0.02383848 -0.01743784 -0.02391234 -0.02250606 -0.01833586
 -0.0175703  -0.02933797 -0.02736214 -0.02971922 -0.03102161 -0.02491392
 -0.01480989 -0.01399437 -0.02065521 -0.02693107 -0.01823954 -0.03096891
 -0.01637657 -0.02423073 -0.02305585 -0.02387568 -0.02212411 -0.01896167
 -0.02099927 -0.00315225  0.01432869  0.03223235  0.03541292  0.02170725
  0.03413618  0.03504421  0.03517731  0.04081814  0.01816025  0.01633121
  0.00858809 -0.00170081 -0.00612015  0.01788208 -0.00103876 -0.00344009
 -0.00952373 -0.00645601 -0.006292   -0.006292   -0.006292   -0.006292
 -0.006292   -0.006292   -0.006292   -0.006292   -0.006292   -0.006292
 -0.006292   -0.006292   -0.006292   -0.006292   -0.006292   -0.006292  ]",489056
1086668399,Sst-IRES-Cre,False,familiar,"[-2.40967168e-04 -6.43976996e-04 -3.65596332e-03  5.63976542e-04
  2.56077229e-03 -3.94492872e-03 -7.91104651e-03 -2.99144134e-03
 -4.46424030e-03 -4.63641740e-03  1.80612463e-03  1.85422609e-03
  2.72366864e-03  8.59736569e-03  8.67919959e-03  1.30396456e-02
  1.03344611e-02  5.56497616e-03  3.83994268e-03  1.93614388e-03
 -2.94571342e-03 -1.74438284e-03  9.28042131e-04 -3.52202549e-03
 -4.06692798e-03 -5.41617664e-04 -3.85018615e-03 -5.23603903e-03
 -6.78859287e-03 -5.24407787e-03 -6.89196320e-03 -6.59030215e-03
 -3.70225763e-04  1.03046787e-02  1.47420061e-02  1.50836158e-02
  1.76447358e-02  2.00074927e-02  1.63887473e-02  1.48592137e-02
  1.47806251e-02  6.16041669e-03  1.06385530e-02  2.42758974e-03
  5.13218660e-03  1.98219402e-03 -1.03522670e-03 -4.29402714e-03
 -8.95042431e-04  5.45257695e-04 -4.84654458e-03 -6.19521377e-03
 -1.89935705e-03 -2.05412686e-03  1.24262148e-03  8.01153205e-03
  1.23545916e-02  1.46132294e-02  1.33865589e-02  1.73704620e-02
  1.78714910e-02  1.77740996e-02  1.42885405e-02  4.69820415e-03
  8.20830398e-04  2.32398982e-03  1.12624304e-06 -4.24652736e-03
  2.03330465e-03 -2.09863157e-03 -3.39742271e-03 -7.85114179e-03
 -2.16495706e-03 -5.55974388e-03 -3.94081868e-03 -3.94081868e-03
 -3.94081868e-03 -3.94081868e-03 -3.94081868e-03 -3.94081868e-03
 -3.94081868e-03 -3.94081868e-03 -3.94081868e-03 -3.94081868e-03
 -3.94081868e-03 -3.94081868e-03 -3.94081868e-03 -3.94081868e-03
 -3.94081868e-03 -3.94081868e-03]",489056
1086668399,Sst-IRES-Cre,True,familiar,"[-7.38819545e-03 -6.91872115e-03 -3.45569978e-03 -8.85097754e-03
 -1.13721668e-02 -4.87616944e-03 -8.60448361e-03 -1.20181117e-02
 -1.19110875e-02 -7.07434245e-03  8.51511738e-04  1.23749239e-03
  5.90793263e-03  1.23149312e-02  1.35269681e-02  1.05944974e-02
  1.04202675e-02  8.99623144e-03  9.11313819e-03  5.77002641e-03
  4.62471493e-03  1.73878780e-03 -2.36805919e-03  2.48464946e-03
 -3.51128687e-04 -1.02695358e-05 -5.41773310e-04  2.10384600e-03
  1.58286388e-03 -5.52667290e-03 -7.95748798e-03 -3.70664265e-03
 -4.97163318e-03 -7.56202055e-03 -6.12709130e-03 -6.87248778e-03
 -5.44890715e-03 -8.67697930e-03 -1.19595627e-02 -1.22304966e-02
 -1.09666473e-02 -1.50539531e-02 -1.19008139e-02 -5.30307357e-03
 -8.77939565e-03 -1.31837957e-02 -4.42636911e-03 -1.43906033e-02
 -1.15026357e-02 -5.30724786e-03 -1.10923818e-02 -1.12004958e-02
 -1.35261155e-02 -8.55276182e-03 -5.78421973e-03  1.57677864e-03
  8.66197775e-03  9.01708279e-03  4.80712047e-03  4.50916488e-03
  5.64038502e-03  3.68283661e-03  6.99892829e-03  4.45610823e-03
  7.97301148e-03 -6.55658779e-04  9.73564677e-04 -8.60218935e-03
 -4.74336203e-03 -1.45553831e-02 -1.47245224e-03 -7.24378710e-03
 -9.51770398e-03 -4.76260976e-03 -6.37403033e-03 -6.37403033e-03
 -6.37403033e-03 -6.37403033e-03 -6.37403033e-03 -6.37403033e-03
 -6.37403033e-03 -6.37403033e-03 -6.37403033e-03 -6.37403033e-03
 -6.37403033e-03 -6.37403033e-03 -6.37403033e-03 -6.37403033e-03
 -6.37403033e-03 -6.37403033e-03]",489056
1086668409,Sst-IRES-Cre,False,familiar,"[ 0.00260541  0.00180847 -0.00553896 -0.00593961 -0.0037451  -0.01325888
 -0.01601421 -0.01258976 -0.0203381  -0.01896865 -0.00676408  0.01265838
  0.02502628  0.02736569  0.03158217  0.03150774  0.03462732  0.02427684
  0.01013078  0.00633794  0.00127198 -0.00591512 -0.00643577 -0.00313463
 -0.00590721 -0.00672822 -0.02255245 -0.02421563 -0.01700454 -0.01414808
 -0.02042744 -0.02230542  0.00057921  0.02333662  0.04176088  0.05395534
  0.06509942  0.07381699  0.07962711  0.06970229  0.05520625  0.0511148
  0.04251938  0.02947084  0.02004087  0.01947461  0.00719722  0.00449899
  0.00438303  0.00601014  0.00547615 -0.00293865 -0.01669703 -0.01037501
  0.00361112  0.03577326  0.05915736  0.07034962  0.07785441  0.07944303
  0.07784408  0.07467961  0.05976303  0.05829076  0.05670733  0.04287878
  0.0269495   0.01964277  0.0089255   0.00824455  0.00223987 -0.0051322
 -0.0130574  -0.00942966 -0.01335848 -0.01335848 -0.01335848 -0.01335848
 -0.01335848 -0.01335848 -0.01335848 -0.01335848 -0.01335848 -0.01335848
 -0.01335848 -0.01335848 -0.01335848 -0.01335848 -0.01335848 -0.01335848]",489056
1086668409,Sst-IRES-Cre,True,familiar,"[-0.01133551 -0.01215209 -0.01654106 -0.00533146 -0.03246328 -0.03384299
 -0.02965832 -0.03090708 -0.03439183 -0.03077434 -0.01446254  0.00701161
  0.032743    0.04309486  0.04930003  0.03551047  0.05284672  0.04619769
  0.04440956  0.02420443  0.01452692  0.01330865  0.00488112 -0.00262036
 -0.00175657 -0.02659283 -0.01821567 -0.01012571 -0.028341   -0.02852243
 -0.03546021 -0.03628312 -0.02894156 -0.04091488 -0.03464169 -0.03108841
 -0.03923127 -0.04667338 -0.04670297 -0.05275615 -0.04959049 -0.04812116
 -0.04656416 -0.03735628 -0.04141115 -0.04193063 -0.05308867 -0.05525973
 -0.04779091 -0.04330626 -0.05058588 -0.05474133 -0.06049862 -0.05254939
 -0.04037222 -0.02996103 -0.00926593  0.01495448  0.01783873  0.01707954
  0.02711152  0.02819059  0.03280497  0.02134237  0.01315781  0.01046035
 -0.00651443 -0.01918285 -0.01630302 -0.02330179 -0.02105188 -0.03163846
 -0.03758751 -0.03559067 -0.03349959 -0.03349959 -0.03349959 -0.03349959
 -0.03349959 -0.03349959 -0.03349959 -0.03349959 -0.03349959 -0.03349959
 -0.03349959 -0.03349959 -0.03349959 -0.03349959 -0.03349959 -0.03349959]",489056
1086668440,Sst-IRES-Cre,False,familiar,"[-6.34171617e-05  1.63440164e-04  1.26753542e-03 -4.19585202e-03
 -5.99766890e-03 -1.12602946e-02 -4.27364329e-03  1.18191366e-03
 -7.57573776e-03 -7.54336232e-03 -5.08273727e-03 -1.05161257e-03
  4.25419214e-03  1.06647457e-02  1.53891808e-02  1.03522480e-02
  9.88096052e-03  9.52755446e-03  1.04581211e-02  4.92439905e-03
 -6.94087462e-04  2.78291826e-03  3.60807396e-03 -1.78769236e-03
 -9.23157575e-04 -7.67299403e-03 -6.20888719e-03 -2.73075866e-03
 -7.83434585e-03 -9.55903429e-03 -8.09006532e-03 -6.31601366e-03
 -5.46847487e-03  1.90171280e-03  9.86595301e-03  1.20501630e-02
  1.61909109e-02  1.77120175e-02  2.00379942e-02  1.98534839e-02
  1.14851624e-02  1.11798295e-02  8.41331812e-03  1.43088270e-03
  6.61525422e-04  3.85994777e-03 -6.79350641e-03 -2.40349216e-03
  4.61257825e-04 -7.34741985e-03 -6.05026002e-03 -5.88530148e-03
 -3.19636699e-03 -7.72048910e-03 -6.82031105e-03  1.63723450e-03
  7.12156328e-03  9.31766917e-03  1.65491247e-02  2.49617684e-02
  2.29402331e-02  2.20986250e-02  2.00211910e-02  1.21949935e-02
  1.13648484e-02  3.11237455e-03  1.57533478e-04  1.02966094e-04
 -8.76460398e-03  1.59191258e-03 -4.30177029e-03 -4.40361685e-03
 -8.31173718e-03 -6.66119744e-03 -3.32007963e-03 -3.32007963e-03
 -3.32007963e-03 -3.32007963e-03 -3.32007963e-03 -3.32007963e-03
 -3.32007963e-03 -3.32007963e-03 -3.32007963e-03 -3.32007963e-03
 -3.32007963e-03 -3.32007963e-03 -3.32007963e-03 -3.32007963e-03
 -3.32007963e-03 -3.32007963e-03]",489056
1086668440,Sst-IRES-Cre,True,familiar,"[-9.35066455e-04 -5.06662172e-04  1.97779002e-03 -6.19780736e-03
 -6.68475112e-03 -5.38919194e-03 -9.18329777e-03 -9.83981220e-03
  8.38526699e-04 -5.64184068e-03 -1.15390474e-02 -4.57553442e-03
  7.88453640e-03  1.00884826e-02  1.37615885e-02  1.35884486e-02
  2.03597491e-03  5.73288273e-03  1.74975251e-02  1.01437770e-02
  9.24500143e-03  4.72312840e-03  4.77592483e-03 -1.98558143e-03
  4.68135812e-03 -8.09249269e-03 -5.51567413e-03 -8.69215084e-03
 -1.15685281e-02 -1.06275067e-02 -7.63658350e-03 -1.06975445e-02
 -1.50864298e-02 -1.81244776e-02 -1.75018610e-02 -1.83479069e-02
 -1.13442445e-02 -7.41947706e-03 -1.64668362e-02 -1.96124739e-02
 -1.11371251e-02 -9.16821444e-03 -1.71232532e-02 -1.31523995e-02
 -1.81347555e-02 -9.79919195e-05 -1.32906169e-02 -5.76519527e-03
 -1.39012194e-02 -7.77121245e-03 -7.62640177e-03 -8.96137905e-03
 -5.66173215e-03 -6.80136251e-03 -1.34320676e-02 -7.91217026e-03
  9.12280357e-03  1.72941385e-02  1.11944287e-02  9.13112874e-03
  1.03652192e-02  1.19811475e-02  1.02049833e-02  1.56025973e-02
  7.74932169e-03  1.11186489e-02  6.80222930e-03 -6.72357351e-03
 -1.81028009e-03  1.82505766e-03 -9.67984254e-03 -1.04332038e-02
 -3.22152707e-03 -3.04176686e-03 -4.89140059e-03 -4.89140059e-03
 -4.89140059e-03 -4.89140059e-03 -4.89140059e-03 -4.89140059e-03
 -4.89140059e-03 -4.89140059e-03 -4.89140059e-03 -4.89140059e-03
 -4.89140059e-03 -4.89140059e-03 -4.89140059e-03 -4.89140059e-03
 -4.89140059e-03 -4.89140059e-03]",489056
